SETTLEMENTDATE,IMPORT_KW
1/12/2024 0:05,4.464
1/12/2024 0:10,4.44
1/12/2024 0:15,4.428
1/12/2024 0:20,3.912
1/12/2024 0:25,0.324
1/12/2024 0:30,0.288
1/12/2024 0:35,0.288
1/12/2024 0:40,0.2279999999999999
1/12/2024 0:45,0.2159999999999999
1/12/2024 0:50,0.264
1/12/2024 0:55,0.192
1/12/2024 1:00,0.24
1/12/2024 1:05,0.3
1/12/2024 1:10,0.3
1/12/2024 1:15,0.3
1/12/2024 1:20,0.2159999999999999
1/12/2024 1:25,0.2159999999999999
1/12/2024 1:30,0.204
1/12/2024 1:35,0.252
1/12/2024 1:40,0.312
1/12/2024 1:45,0.276
1/12/2024 1:50,0.276
1/12/2024 1:55,0.204
1/12/2024 2:00,0.252
1/12/2024 2:05,0.2159999999999999
1/12/2024 2:10,0.204
1/12/2024 2:15,0.264
1/12/2024 2:20,0.288
1/12/2024 2:25,0.36
1/12/2024 2:30,0.204
1/12/2024 2:35,0.204
1/12/2024 2:40,0.204
1/12/2024 2:45,0.2159999999999999
1/12/2024 2:50,0.288
1/12/2024 2:55,0.288
1/12/2024 3:00,0.288
1/12/2024 3:05,0.324
1/12/2024 3:10,0.36
1/12/2024 3:15,0.42
1/12/2024 3:20,0.348
1/12/2024 3:25,0.204
1/12/2024 3:30,0.3
1/12/2024 3:35,0.36
1/12/2024 3:40,0.324
1/12/2024 3:45,0.288
1/12/2024 3:50,0.3
1/12/2024 3:55,0.264
1/12/2024 4:00,0.264
1/12/2024 4:05,0.204
1/12/2024 4:10,0.204
1/12/2024 4:15,0.24
1/12/2024 4:20,0.288
1/12/2024 4:25,0.348
1/12/2024 4:30,0.264
1/12/2024 4:35,0.204
1/12/2024 4:40,0.204
1/12/2024 4:45,0.204
1/12/2024 4:50,0.264
1/12/2024 4:55,0.3
1/12/2024 5:00,0.2279999999999999
1/12/2024 5:05,0.936
1/12/2024 5:10,0.2279999999999999
1/12/2024 5:15,0.264
1/12/2024 5:20,0.2279999999999999
1/12/2024 5:25,0.4559999999999999
1/12/2024 5:30,0.18
1/12/2024 5:35,0.18
1/12/2024 5:40,0.204
1/12/2024 5:45,0.024
1/12/2024 5:50,0.024
1/12/2024 5:55,0.132
1/12/2024 6:00,0.552
1/12/2024 6:05,0.624
1/12/2024 6:10,0.648
1/12/2024 6:15,0.66
1/12/2024 6:20,0.492
1/12/2024 6:25,0.3
1/12/2024 6:30,0.324
1/12/2024 6:35,0.36
1/12/2024 6:40,0.384
1/12/2024 6:45,0.516
1/12/2024 6:50,0.48
1/12/2024 6:55,0.276
1/12/2024 7:00,0.0
1/12/2024 7:05,0.0
1/12/2024 7:10,0.0
1/12/2024 7:15,0.0
1/12/2024 7:20,0.0
1/12/2024 7:25,0.0
1/12/2024 7:30,0.0
1/12/2024 7:35,0.0
1/12/2024 7:40,0.0
1/12/2024 7:45,0.0
1/12/2024 7:50,0.204
1/12/2024 7:55,0.396
1/12/2024 8:00,0.0
1/12/2024 8:05,0.0
1/12/2024 8:10,0.0
1/12/2024 8:15,0.36
1/12/2024 8:20,1.668
1/12/2024 8:25,2.1
1/12/2024 8:30,3.18
1/12/2024 8:35,3.084
1/12/2024 8:40,2.964
1/12/2024 8:45,3.012
1/12/2024 8:50,2.664
1/12/2024 8:55,2.976
1/12/2024 9:00,2.7960000000000003
1/12/2024 9:05,0.972
1/12/2024 9:10,2.46
1/12/2024 9:15,2.952
1/12/2024 9:20,2.7
1/12/2024 9:25,2.208
1/12/2024 9:30,0.6000000000000001
1/12/2024 9:35,0.6960000000000001
1/12/2024 9:40,0.408
1/12/2024 9:45,0.372
1/12/2024 9:50,2.364
1/12/2024 9:55,2.004
1/12/2024 10:00,3.096
1/12/2024 10:05,1.6800000000000002
1/12/2024 10:10,1.98
1/12/2024 10:15,0.624
1/12/2024 10:20,1.656
1/12/2024 10:25,2.4000000000000004
1/12/2024 10:30,1.956
1/12/2024 10:35,1.416
1/12/2024 10:40,1.7279999999999998
1/12/2024 10:45,2.676
1/12/2024 10:50,2.952
1/12/2024 10:55,2.916
1/12/2024 11:00,3.6
1/12/2024 11:05,3.492
1/12/2024 11:10,3.3480000000000003
1/12/2024 11:15,2.484
1/12/2024 11:20,2.16
1/12/2024 11:25,2.556
1/12/2024 11:30,2.64
1/12/2024 11:35,2.4240000000000004
1/12/2024 11:40,2.676
1/12/2024 11:45,2.688
1/12/2024 11:50,2.532
1/12/2024 11:55,2.508
1/12/2024 12:00,2.4240000000000004
1/12/2024 12:05,2.652
1/12/2024 12:10,1.7759999999999998
1/12/2024 12:15,1.392
1/12/2024 12:20,0.0
1/12/2024 12:25,0.012
1/12/2024 12:30,0.0
1/12/2024 12:35,0.372
1/12/2024 12:40,0.8519999999999999
1/12/2024 12:45,1.332
1/12/2024 12:50,1.92
1/12/2024 12:55,2.3280000000000003
1/12/2024 13:00,3.732
1/12/2024 13:05,2.568
1/12/2024 13:10,2.052
1/12/2024 13:15,0.8280000000000001
1/12/2024 13:20,2.112
1/12/2024 13:25,1.56
1/12/2024 13:30,0.8280000000000001
1/12/2024 13:35,1.44
1/12/2024 13:40,3.852
1/12/2024 13:45,3.4799999999999995
1/12/2024 13:50,0.8639999999999999
1/12/2024 13:55,0.156
1/12/2024 14:00,0.372
1/12/2024 14:05,0.012
1/12/2024 14:10,0.0
1/12/2024 14:15,0.0
1/12/2024 14:20,0.0
1/12/2024 14:25,0.0
1/12/2024 14:30,0.0
1/12/2024 14:35,0.0
1/12/2024 14:40,0.0
1/12/2024 14:45,0.0
1/12/2024 14:50,0.0
1/12/2024 14:55,0.0
1/12/2024 15:00,0.0
1/12/2024 15:05,0.0
1/12/2024 15:10,1.332
1/12/2024 15:15,1.464
1/12/2024 15:20,0.048
1/12/2024 15:25,0.2279999999999999
1/12/2024 15:30,1.236
1/12/2024 15:35,0.252
1/12/2024 15:40,0.396
1/12/2024 15:45,0.708
1/12/2024 15:50,1.548
1/12/2024 15:55,0.948
1/12/2024 16:00,0.288
1/12/2024 16:05,0.0
1/12/2024 16:10,0.0
1/12/2024 16:15,0.024
1/12/2024 16:20,0.0
1/12/2024 16:25,0.0
1/12/2024 16:30,0.024
1/12/2024 16:35,0.144
1/12/2024 16:40,0.336
1/12/2024 16:45,0.072
1/12/2024 16:50,0.168
1/12/2024 16:55,0.348
1/12/2024 17:00,0.372
1/12/2024 17:05,0.276
1/12/2024 17:10,0.252
1/12/2024 17:15,0.18
1/12/2024 17:20,0.648
1/12/2024 17:25,0.4439999999999999
1/12/2024 17:30,0.516
1/12/2024 17:35,0.5640000000000001
1/12/2024 17:40,0.684
1/12/2024 17:45,0.66
1/12/2024 17:50,0.708
1/12/2024 17:55,0.66
1/12/2024 18:00,1.56
1/12/2024 18:05,3.132
1/12/2024 18:10,1.1760000000000002
1/12/2024 18:15,1.056
1/12/2024 18:20,3.216
1/12/2024 18:25,2.3280000000000003
1/12/2024 18:30,2.64
1/12/2024 18:35,3.192
1/12/2024 18:40,2.016
1/12/2024 18:45,1.896
1/12/2024 18:50,1.056
1/12/2024 18:55,1.308
1/12/2024 19:00,1.404
1/12/2024 19:05,1.344
1/12/2024 19:10,0.8519999999999999
1/12/2024 19:15,0.636
1/12/2024 19:20,0.636
1/12/2024 19:25,0.66
1/12/2024 19:30,0.5640000000000001
1/12/2024 19:35,0.54
1/12/2024 19:40,0.648
1/12/2024 19:45,4.5600000000000005
1/12/2024 19:50,4.848000000000001
1/12/2024 19:55,4.92
1/12/2024 20:00,4.956
1/12/2024 20:05,4.872
1/12/2024 20:10,4.788
1/12/2024 20:15,4.800000000000001
1/12/2024 20:20,4.824
1/12/2024 20:25,4.728
1/12/2024 20:30,4.596
1/12/2024 20:35,4.62
1/12/2024 20:40,4.416
1/12/2024 20:45,0.276
1/12/2024 20:50,0.324
1/12/2024 20:55,0.312
1/12/2024 21:00,0.336
1/12/2024 21:05,0.264
1/12/2024 21:10,0.2279999999999999
1/12/2024 21:15,0.2279999999999999
1/12/2024 21:20,0.288
1/12/2024 21:25,0.36
1/12/2024 21:30,0.312
1/12/2024 21:35,0.3
1/12/2024 21:40,0.24
1/12/2024 21:45,0.288
1/12/2024 21:50,0.2279999999999999
1/12/2024 21:55,0.2279999999999999
1/12/2024 22:00,0.312
1/12/2024 22:05,0.372
1/12/2024 22:10,0.288
1/12/2024 22:15,0.252
1/12/2024 22:20,0.2279999999999999
1/12/2024 22:25,0.252
1/12/2024 22:30,0.252
1/12/2024 22:35,0.312
1/12/2024 22:40,0.3
1/12/2024 22:45,0.288
1/12/2024 22:50,0.288
1/12/2024 22:55,0.2159999999999999
1/12/2024 23:00,0.204
1/12/2024 23:05,0.2159999999999999
1/12/2024 23:10,0.36
1/12/2024 23:15,0.3
1/12/2024 23:20,0.288
1/12/2024 23:25,0.204
1/12/2024 23:30,0.24
1/12/2024 23:35,0.252
1/12/2024 23:40,0.204
1/12/2024 23:45,0.288
1/12/2024 23:50,0.288
1/12/2024 23:55,0.36
2/12/2024 0:00,0.2159999999999999
2/12/2024 0:05,0.204
2/12/2024 0:10,0.204
2/12/2024 0:15,0.264
2/12/2024 0:20,0.276
2/12/2024 0:25,0.288
2/12/2024 0:30,0.288
2/12/2024 0:35,0.252
2/12/2024 0:40,0.252
2/12/2024 0:45,0.204
2/12/2024 0:50,0.192
2/12/2024 0:55,0.264
2/12/2024 1:00,0.36
2/12/2024 1:05,0.288
2/12/2024 1:10,0.2279999999999999
2/12/2024 1:15,0.204
2/12/2024 1:20,0.24
2/12/2024 1:25,0.24
2/12/2024 1:30,0.2279999999999999
2/12/2024 1:35,0.288
2/12/2024 1:40,0.288
2/12/2024 1:45,0.3
2/12/2024 1:50,0.2279999999999999
2/12/2024 1:55,0.192
2/12/2024 2:00,0.204
2/12/2024 2:05,0.24
2/12/2024 2:10,0.336
2/12/2024 2:15,0.288
2/12/2024 2:20,0.264
2/12/2024 2:25,0.204
2/12/2024 2:30,0.276
2/12/2024 2:35,0.204
2/12/2024 2:40,0.204
2/12/2024 2:45,0.276
2/12/2024 2:50,0.288
2/12/2024 2:55,0.36
2/12/2024 3:00,0.204
2/12/2024 3:05,0.204
2/12/2024 3:10,0.192
2/12/2024 3:15,0.252
2/12/2024 3:20,0.276
2/12/2024 3:25,0.288
2/12/2024 3:30,0.288
2/12/2024 3:35,0.2279999999999999
2/12/2024 3:40,0.24
2/12/2024 3:45,0.2279999999999999
2/12/2024 3:50,0.204
2/12/2024 3:55,0.2279999999999999
2/12/2024 4:00,0.288
2/12/2024 4:05,0.336
2/12/2024 4:10,0.264
2/12/2024 4:15,0.204
2/12/2024 4:20,0.2159999999999999
2/12/2024 4:25,0.3
2/12/2024 4:30,0.372
2/12/2024 4:35,0.396
2/12/2024 4:40,0.396
2/12/2024 4:45,0.372
2/12/2024 4:50,0.336
2/12/2024 4:55,0.336
2/12/2024 5:00,0.276
2/12/2024 5:05,1.7999999999999998
2/12/2024 5:10,0.624
2/12/2024 5:15,0.5880000000000001
2/12/2024 5:20,0.4679999999999999
2/12/2024 5:25,0.396
2/12/2024 5:30,0.288
2/12/2024 5:35,0.252
2/12/2024 5:40,0.288
2/12/2024 5:45,0.2159999999999999
2/12/2024 5:50,0.4679999999999999
2/12/2024 5:55,0.744
2/12/2024 6:00,0.672
2/12/2024 6:05,0.636
2/12/2024 6:10,0.552
2/12/2024 6:15,0.4679999999999999
2/12/2024 6:20,0.312
2/12/2024 6:25,0.924
2/12/2024 6:30,0.936
2/12/2024 6:35,0.36
2/12/2024 6:40,0.276
2/12/2024 6:45,0.384
2/12/2024 6:50,0.384
2/12/2024 6:55,0.3
2/12/2024 7:00,0.252
2/12/2024 7:05,0.1079999999999999
2/12/2024 7:10,0.18
2/12/2024 7:15,0.312
2/12/2024 7:20,0.12
2/12/2024 7:25,0.084
2/12/2024 7:30,0.0
2/12/2024 7:35,0.0
2/12/2024 7:40,0.012
2/12/2024 7:45,0.0
2/12/2024 7:50,0.0
2/12/2024 7:55,0.0
2/12/2024 8:00,0.012
2/12/2024 8:05,0.0
2/12/2024 8:10,0.0
2/12/2024 8:15,0.0
2/12/2024 8:20,0.0
2/12/2024 8:25,0.0
2/12/2024 8:30,0.0
2/12/2024 8:35,0.0
2/12/2024 8:40,0.0
2/12/2024 8:45,0.0
2/12/2024 8:50,0.0
2/12/2024 8:55,0.0
2/12/2024 9:00,0.0
2/12/2024 9:05,0.0
2/12/2024 9:10,0.0
2/12/2024 9:15,0.0
2/12/2024 9:20,0.0
2/12/2024 9:25,0.0
2/12/2024 9:30,0.0
2/12/2024 9:35,0.0
2/12/2024 9:40,0.0
2/12/2024 9:45,0.0
2/12/2024 9:50,0.0
2/12/2024 9:55,0.0
2/12/2024 10:00,0.0
2/12/2024 10:05,0.0
2/12/2024 10:10,0.0
2/12/2024 10:15,0.0
2/12/2024 10:20,0.0
2/12/2024 10:25,0.0
2/12/2024 10:30,0.0
2/12/2024 10:35,0.0
2/12/2024 10:40,0.0
2/12/2024 10:45,0.0
2/12/2024 10:50,0.0
2/12/2024 10:55,0.0
2/12/2024 11:00,0.0
2/12/2024 11:05,0.0
2/12/2024 11:10,0.0
2/12/2024 11:15,0.072
2/12/2024 11:20,0.42
2/12/2024 11:25,0.492
2/12/2024 11:30,0.204
2/12/2024 11:35,0.1079999999999999
2/12/2024 11:40,1.092
2/12/2024 11:45,2.94
2/12/2024 11:50,1.7279999999999998
2/12/2024 11:55,0.972
2/12/2024 12:00,1.944
2/12/2024 12:05,0.984
2/12/2024 12:10,2.172
2/12/2024 12:15,1.092
2/12/2024 12:20,0.528
2/12/2024 12:25,3.132
2/12/2024 12:30,3.228
2/12/2024 12:35,0.492
2/12/2024 12:40,0.78
2/12/2024 12:45,0.036
2/12/2024 12:50,1.7879999999999998
2/12/2024 12:55,1.656
2/12/2024 13:00,1.548
2/12/2024 13:05,0.384
2/12/2024 13:10,0.552
2/12/2024 13:15,0.012
2/12/2024 13:20,1.488
2/12/2024 13:25,4.476
2/12/2024 13:30,0.408
2/12/2024 13:35,0.084
2/12/2024 13:40,0.492
2/12/2024 13:45,1.224
2/12/2024 13:50,2.568
2/12/2024 13:55,0.552
2/12/2024 14:00,4.44
2/12/2024 14:05,4.32
2/12/2024 14:10,0.996
2/12/2024 14:15,1.32
2/12/2024 14:20,1.44
2/12/2024 14:25,1.548
2/12/2024 14:30,1.656
2/12/2024 14:35,1.596
2/12/2024 14:40,1.7879999999999998
2/12/2024 14:45,3.264
2/12/2024 14:50,3.4559999999999995
2/12/2024 14:55,4.452
2/12/2024 15:00,4.572
2/12/2024 15:05,4.596
2/12/2024 15:10,4.812
2/12/2024 15:15,4.824
2/12/2024 15:20,4.836
2/12/2024 15:25,4.896
2/12/2024 15:30,3.168
2/12/2024 15:35,3.816
2/12/2024 15:40,5.448
2/12/2024 15:45,6.1080000000000005
2/12/2024 15:50,4.788
2/12/2024 15:55,4.284
2/12/2024 16:00,6.228
2/12/2024 16:05,5.5200000000000005
2/12/2024 16:10,5.784
2/12/2024 16:15,5.76
2/12/2024 16:20,5.688
2/12/2024 16:25,4.5600000000000005
2/12/2024 16:30,2.58
2/12/2024 16:35,2.628
2/12/2024 16:40,3.132
2/12/2024 16:45,4.74
2/12/2024 16:50,4.392
2/12/2024 16:55,4.032
2/12/2024 17:00,4.476
2/12/2024 17:05,4.92
2/12/2024 17:10,4.38
2/12/2024 17:15,4.428
2/12/2024 17:20,4.956
2/12/2024 17:25,4.908
2/12/2024 17:30,4.692
2/12/2024 17:35,4.5600000000000005
2/12/2024 17:40,1.284
2/12/2024 17:45,0.264
2/12/2024 17:50,0.24
2/12/2024 17:55,0.2159999999999999
2/12/2024 18:00,1.032
2/12/2024 18:05,0.4319999999999999
2/12/2024 18:10,0.4439999999999999
2/12/2024 18:15,0.4679999999999999
2/12/2024 18:20,0.4439999999999999
2/12/2024 18:25,0.408
2/12/2024 18:30,0.4439999999999999
2/12/2024 18:35,0.552
2/12/2024 18:40,0.504
2/12/2024 18:45,0.4679999999999999
2/12/2024 18:50,0.504
2/12/2024 18:55,0.528
2/12/2024 19:00,0.4439999999999999
2/12/2024 19:05,0.4679999999999999
2/12/2024 19:10,0.552
2/12/2024 19:15,0.636
2/12/2024 19:20,0.5640000000000001
2/12/2024 19:25,0.516
2/12/2024 19:30,0.54
2/12/2024 19:35,0.528
2/12/2024 19:40,0.48
2/12/2024 19:45,0.5760000000000001
2/12/2024 19:50,0.648
2/12/2024 19:55,0.5880000000000001
2/12/2024 20:00,0.4439999999999999
2/12/2024 20:05,0.312
2/12/2024 20:10,3.4319999999999995
2/12/2024 20:15,4.800000000000001
2/12/2024 20:20,5.052
2/12/2024 20:25,5.04
2/12/2024 20:30,5.076
2/12/2024 20:35,4.908
2/12/2024 20:40,4.908
2/12/2024 20:45,4.92
2/12/2024 20:50,4.944
2/12/2024 20:55,4.92
2/12/2024 21:00,4.92
2/12/2024 21:05,4.896
2/12/2024 21:10,1.14
2/12/2024 21:15,0.2159999999999999
2/12/2024 21:20,0.2159999999999999
2/12/2024 21:25,0.336
2/12/2024 21:30,0.312
2/12/2024 21:35,0.288
2/12/2024 21:40,0.276
2/12/2024 21:45,0.276
2/12/2024 21:50,0.204
2/12/2024 21:55,0.2159999999999999
2/12/2024 22:00,0.324
2/12/2024 22:05,0.336
2/12/2024 22:10,0.3
2/12/2024 22:15,0.24
2/12/2024 22:20,0.264
2/12/2024 22:25,0.2279999999999999
2/12/2024 22:30,0.192
2/12/2024 22:35,0.264
2/12/2024 22:40,0.4439999999999999
2/12/2024 22:45,0.516
2/12/2024 22:50,0.4559999999999999
2/12/2024 22:55,0.4439999999999999
2/12/2024 23:00,0.348
2/12/2024 23:05,0.192
2/12/2024 23:10,0.348
2/12/2024 23:15,0.4439999999999999
2/12/2024 23:20,0.648
2/12/2024 23:25,0.492
2/12/2024 23:30,0.48
2/12/2024 23:35,0.516
2/12/2024 23:40,0.54
2/12/2024 23:45,0.552
2/12/2024 23:50,0.5760000000000001
2/12/2024 23:55,0.6000000000000001
3/12/2024 0:00,0.48
3/12/2024 0:05,0.4679999999999999
3/12/2024 0:10,0.4559999999999999
3/12/2024 0:15,0.528
3/12/2024 0:20,0.4559999999999999
3/12/2024 0:25,0.312
3/12/2024 0:30,0.3
3/12/2024 0:35,0.288
3/12/2024 0:40,0.2159999999999999
3/12/2024 0:45,0.2159999999999999
3/12/2024 0:50,0.24
3/12/2024 0:55,0.372
3/12/2024 1:00,0.3
3/12/2024 1:05,0.288
3/12/2024 1:10,0.204
3/12/2024 1:15,0.288
3/12/2024 1:20,0.2159999999999999
3/12/2024 1:25,0.2279999999999999
3/12/2024 1:30,0.3
3/12/2024 1:35,0.372
3/12/2024 1:40,0.264
3/12/2024 1:45,0.2159999999999999
3/12/2024 1:50,0.204
3/12/2024 1:55,0.276
3/12/2024 2:00,0.2279999999999999
3/12/2024 2:05,0.3
3/12/2024 2:10,0.288
3/12/2024 2:15,0.348
3/12/2024 2:20,0.204
3/12/2024 2:25,0.204
3/12/2024 2:30,0.204
3/12/2024 2:35,0.3
3/12/2024 2:40,0.288
3/12/2024 2:45,0.3
3/12/2024 2:50,0.264
3/12/2024 2:55,0.276
3/12/2024 3:00,0.204
3/12/2024 3:05,0.204
3/12/2024 3:10,0.2279999999999999
3/12/2024 3:15,0.36
3/12/2024 3:20,0.3
3/12/2024 3:25,0.264
3/12/2024 3:30,0.204
3/12/2024 3:35,0.276
3/12/2024 3:40,0.204
3/12/2024 3:45,0.2279999999999999
3/12/2024 3:50,0.3
3/12/2024 3:55,0.36
3/12/2024 4:00,0.264
3/12/2024 4:05,0.204
3/12/2024 4:10,0.204
3/12/2024 4:15,0.264
3/12/2024 4:20,0.2279999999999999
3/12/2024 4:25,0.288
3/12/2024 4:30,0.3
3/12/2024 4:35,0.324
3/12/2024 4:40,0.204
3/12/2024 4:45,0.204
3/12/2024 4:50,0.252
3/12/2024 4:55,0.348
3/12/2024 5:00,0.348
3/12/2024 5:05,1.7999999999999998
3/12/2024 5:10,0.504
3/12/2024 5:15,0.48
3/12/2024 5:20,0.4679999999999999
3/12/2024 5:25,0.348
3/12/2024 5:30,0.24
3/12/2024 5:35,0.192
3/12/2024 5:40,0.324
3/12/2024 5:45,0.264
3/12/2024 5:50,0.324
3/12/2024 5:55,0.096
3/12/2024 6:00,0.072
3/12/2024 6:05,0.0
3/12/2024 6:10,0.0
3/12/2024 6:15,0.0
3/12/2024 6:20,0.0
3/12/2024 6:25,0.396
3/12/2024 6:30,2.34
3/12/2024 6:35,1.656
3/12/2024 6:40,1.092
3/12/2024 6:45,0.396
3/12/2024 6:50,0.4679999999999999
3/12/2024 6:55,0.012
3/12/2024 7:00,0.804
3/12/2024 7:05,2.88
3/12/2024 7:10,3.732
3/12/2024 7:15,3.852
3/12/2024 7:20,2.088
3/12/2024 7:25,2.136
3/12/2024 7:30,1.056
3/12/2024 7:35,1.26
3/12/2024 7:40,2.268
3/12/2024 7:45,4.032
3/12/2024 7:50,3.444
3/12/2024 7:55,3.852
3/12/2024 8:00,3.684
3/12/2024 8:05,3.912
3/12/2024 8:10,3.684
3/12/2024 8:15,3.492
3/12/2024 8:20,3.624
3/12/2024 8:25,3.864
3/12/2024 8:30,3.672
3/12/2024 8:35,3.624
3/12/2024 8:40,3.612
3/12/2024 8:45,3.672
3/12/2024 8:50,3.612
3/12/2024 8:55,3.528
3/12/2024 9:00,3.4559999999999995
3/12/2024 9:05,3.4559999999999995
3/12/2024 9:10,3.3120000000000003
3/12/2024 9:15,3.168
3/12/2024 9:20,3.42
3/12/2024 9:25,3.204
3/12/2024 9:30,3.012
3/12/2024 9:35,2.76
3/12/2024 9:40,3.024
3/12/2024 9:45,2.856
3/12/2024 9:50,2.532
3/12/2024 9:55,2.436
3/12/2024 10:00,2.52
3/12/2024 10:05,2.3520000000000003
3/12/2024 10:10,0.0
3/12/2024 10:15,0.0
3/12/2024 10:20,0.0
3/12/2024 10:25,0.0
3/12/2024 10:30,0.0
3/12/2024 10:35,0.0
3/12/2024 10:40,0.0
3/12/2024 10:45,0.0
3/12/2024 10:50,0.0
3/12/2024 10:55,0.0
3/12/2024 11:00,0.0
3/12/2024 11:05,2.616
3/12/2024 11:10,2.7
3/12/2024 11:15,2.3280000000000003
3/12/2024 11:20,2.244
3/12/2024 11:25,2.268
3/12/2024 11:30,2.436
3/12/2024 11:35,2.268
3/12/2024 11:40,2.688
3/12/2024 11:45,2.748
3/12/2024 11:50,3.708
3/12/2024 11:55,4.488
3/12/2024 12:00,3.732
3/12/2024 12:05,5.088
3/12/2024 12:10,4.476
3/12/2024 12:15,3.156
3/12/2024 12:20,3.0
3/12/2024 12:25,2.94
3/12/2024 12:30,2.94
3/12/2024 12:35,3.12
3/12/2024 12:40,3.108
3/12/2024 12:45,3.168
3/12/2024 12:50,3.144
3/12/2024 12:55,2.976
3/12/2024 13:00,2.508
3/12/2024 13:05,1.488
3/12/2024 13:10,2.04
3/12/2024 13:15,4.247999999999999
3/12/2024 13:20,4.932
3/12/2024 13:25,3.6
3/12/2024 13:30,3.3360000000000003
3/12/2024 13:35,3.024
3/12/2024 13:40,2.856
3/12/2024 13:45,2.484
3/12/2024 13:50,2.7
3/12/2024 13:55,2.592
3/12/2024 14:00,2.172
3/12/2024 14:05,4.464
3/12/2024 14:10,4.956
3/12/2024 14:15,3.504
3/12/2024 14:20,3.648
3/12/2024 14:25,4.992
3/12/2024 14:30,3.744
3/12/2024 14:35,3.96
3/12/2024 14:40,4.428
3/12/2024 14:45,3.18
3/12/2024 14:50,2.7960000000000003
3/12/2024 14:55,2.484
3/12/2024 15:00,3.168
3/12/2024 15:05,3.648
3/12/2024 15:10,3.864
3/12/2024 15:15,3.828
3/12/2024 15:20,3.804
3/12/2024 15:25,3.78
3/12/2024 15:30,3.78
3/12/2024 15:35,4.247999999999999
3/12/2024 15:40,4.343999999999999
3/12/2024 15:45,4.08
3/12/2024 15:50,3.708
3/12/2024 15:55,3.684
3/12/2024 16:00,3.72
3/12/2024 16:05,3.756
3/12/2024 16:10,3.828
3/12/2024 16:15,3.66
3/12/2024 16:20,3.6
3/12/2024 16:25,2.724
3/12/2024 16:30,0.0
3/12/2024 16:35,0.0
3/12/2024 16:40,0.0
3/12/2024 16:45,0.036
3/12/2024 16:50,0.012
3/12/2024 16:55,0.0
3/12/2024 17:00,0.0
3/12/2024 17:05,0.336
3/12/2024 17:10,0.2279999999999999
3/12/2024 17:15,0.192
3/12/2024 17:20,0.2279999999999999
3/12/2024 17:25,0.2159999999999999
3/12/2024 17:30,0.012
3/12/2024 17:35,0.012
3/12/2024 17:40,0.096
3/12/2024 17:45,0.06
3/12/2024 17:50,0.156
3/12/2024 17:55,0.42
3/12/2024 18:00,0.6960000000000001
3/12/2024 18:05,0.2159999999999999
3/12/2024 18:10,0.192
3/12/2024 18:15,0.24
3/12/2024 18:20,0.372
3/12/2024 18:25,0.516
3/12/2024 18:30,0.54
3/12/2024 18:35,0.624
3/12/2024 18:40,0.348
3/12/2024 18:45,0.3
3/12/2024 18:50,0.3
3/12/2024 18:55,0.504
3/12/2024 19:00,0.4319999999999999
3/12/2024 19:05,0.42
3/12/2024 19:10,0.42
3/12/2024 19:15,0.396
3/12/2024 19:20,0.8280000000000001
3/12/2024 19:25,1.104
3/12/2024 19:30,1.26
3/12/2024 19:35,1.164
3/12/2024 19:40,1.164
3/12/2024 19:45,1.14
3/12/2024 19:50,1.1760000000000002
3/12/2024 19:55,1.104
3/12/2024 20:00,1.104
3/12/2024 20:05,1.236
3/12/2024 20:10,1.236
3/12/2024 20:15,1.2120000000000002
3/12/2024 20:20,1.152
3/12/2024 20:25,1.152
3/12/2024 20:30,1.116
3/12/2024 20:35,2.604
3/12/2024 20:40,6.468
3/12/2024 20:45,6.720000000000001
3/12/2024 20:50,5.064
3/12/2024 20:55,5.532
3/12/2024 21:00,7.128
3/12/2024 21:05,6.024
3/12/2024 21:10,6.12
3/12/2024 21:15,6.888
3/12/2024 21:20,5.88
3/12/2024 21:25,5.244
3/12/2024 21:30,4.812
3/12/2024 21:35,2.592
3/12/2024 21:40,0.336
3/12/2024 21:45,0.264
3/12/2024 21:50,0.336
3/12/2024 21:55,0.384
3/12/2024 22:00,0.384
3/12/2024 22:05,0.288
3/12/2024 22:10,0.252
3/12/2024 22:15,0.324
3/12/2024 22:20,0.252
3/12/2024 22:25,0.336
3/12/2024 22:30,0.324
3/12/2024 22:35,0.408
3/12/2024 22:40,0.288
3/12/2024 22:45,0.252
3/12/2024 22:50,0.252
3/12/2024 22:55,0.288
3/12/2024 23:00,0.324
3/12/2024 23:05,0.324
3/12/2024 23:10,0.36
3/12/2024 23:15,0.312
3/12/2024 23:20,0.2279999999999999
3/12/2024 23:25,0.2279999999999999
3/12/2024 23:30,0.3
3/12/2024 23:35,0.3
3/12/2024 23:40,0.312
3/12/2024 23:45,0.312
3/12/2024 23:50,0.348
3/12/2024 23:55,0.2159999999999999
4/12/2024 0:00,0.2279999999999999
4/12/2024 0:05,0.24
4/12/2024 0:10,0.336
4/12/2024 0:15,0.312
4/12/2024 0:20,0.3
4/12/2024 0:25,0.3
4/12/2024 0:30,0.252
4/12/2024 0:35,0.2159999999999999
4/12/2024 0:40,0.2279999999999999
4/12/2024 0:45,0.312
4/12/2024 0:50,0.336
4/12/2024 0:55,0.3
4/12/2024 1:00,0.276
4/12/2024 1:05,0.276
4/12/2024 1:10,0.2159999999999999
4/12/2024 1:15,0.204
4/12/2024 1:20,0.264
4/12/2024 1:25,0.372
4/12/2024 1:30,0.3
4/12/2024 1:35,0.276
4/12/2024 1:40,0.2279999999999999
4/12/2024 1:45,0.264
4/12/2024 1:50,0.204
4/12/2024 1:55,0.252
4/12/2024 2:00,0.324
4/12/2024 2:05,0.336
4/12/2024 2:10,0.312
4/12/2024 2:15,0.36
4/12/2024 2:20,0.396
4/12/2024 2:25,0.396
4/12/2024 2:30,0.276
4/12/2024 2:35,0.252
4/12/2024 2:40,0.372
4/12/2024 2:45,0.348
4/12/2024 2:50,0.3
4/12/2024 2:55,0.312
4/12/2024 3:00,0.36
4/12/2024 3:05,0.3
4/12/2024 3:10,0.252
4/12/2024 3:15,0.204
4/12/2024 3:20,0.288
4/12/2024 3:25,0.2279999999999999
4/12/2024 3:30,0.288
4/12/2024 3:35,0.3
4/12/2024 3:40,0.36
4/12/2024 3:45,0.252
4/12/2024 3:50,0.204
4/12/2024 3:55,0.204
4/12/2024 4:00,0.276
4/12/2024 4:05,0.288
4/12/2024 4:10,0.288
4/12/2024 4:15,0.324
4/12/2024 4:20,0.3
4/12/2024 4:25,0.204
4/12/2024 4:30,0.2159999999999999
4/12/2024 4:35,0.2279999999999999
4/12/2024 4:40,0.324
4/12/2024 4:45,0.3
4/12/2024 4:50,0.288
4/12/2024 4:55,0.324
4/12/2024 5:00,0.348
4/12/2024 5:05,2.268
4/12/2024 5:10,1.1880000000000002
4/12/2024 5:15,1.092
4/12/2024 5:20,0.66
4/12/2024 5:25,0.18
4/12/2024 5:30,0.12
4/12/2024 5:35,0.036
4/12/2024 5:40,0.036
4/12/2024 5:45,0.0
4/12/2024 5:50,0.0
4/12/2024 5:55,0.012
4/12/2024 6:00,0.096
4/12/2024 6:05,0.528
4/12/2024 6:10,0.2279999999999999
4/12/2024 6:15,0.252
4/12/2024 6:20,0.192
4/12/2024 6:25,0.012
4/12/2024 6:30,0.0
4/12/2024 6:35,0.012
4/12/2024 6:40,0.012
4/12/2024 6:45,0.0
4/12/2024 6:50,0.0
4/12/2024 6:55,0.4439999999999999
4/12/2024 7:00,1.08
4/12/2024 7:05,0.072
4/12/2024 7:10,0.132
4/12/2024 7:15,0.0
4/12/2024 7:20,0.0
4/12/2024 7:25,0.0
4/12/2024 7:30,0.0
4/12/2024 7:35,0.012
4/12/2024 7:40,0.336
4/12/2024 7:45,0.384
4/12/2024 7:50,0.18
4/12/2024 7:55,0.192
4/12/2024 8:00,0.036
4/12/2024 8:05,0.0
4/12/2024 8:10,0.0
4/12/2024 8:15,0.0
4/12/2024 8:20,0.0
4/12/2024 8:25,0.0
4/12/2024 8:30,0.0
4/12/2024 8:35,0.0
4/12/2024 8:40,0.0
4/12/2024 8:45,0.0
4/12/2024 8:50,0.0
4/12/2024 8:55,0.0
4/12/2024 9:00,0.0
4/12/2024 9:05,0.0
4/12/2024 9:10,0.0
4/12/2024 9:15,0.0
4/12/2024 9:20,0.78
4/12/2024 9:25,1.7399999999999998
4/12/2024 9:30,2.964
4/12/2024 9:35,2.256
4/12/2024 9:40,1.608
4/12/2024 9:45,1.152
4/12/2024 9:50,2.3520000000000003
4/12/2024 9:55,2.196
4/12/2024 10:00,1.428
4/12/2024 10:05,2.496
4/12/2024 10:10,2.592
4/12/2024 10:15,2.52
4/12/2024 10:20,1.476
4/12/2024 10:25,0.0
4/12/2024 10:30,0.0
4/12/2024 10:35,0.0
4/12/2024 10:40,0.0
4/12/2024 10:45,0.0
4/12/2024 10:50,0.0
4/12/2024 10:55,0.0
4/12/2024 11:00,0.0
4/12/2024 11:05,0.0
4/12/2024 11:10,0.0
4/12/2024 11:15,0.0
4/12/2024 11:20,0.0
4/12/2024 11:25,0.0
4/12/2024 11:30,0.0
4/12/2024 11:35,0.0
4/12/2024 11:40,0.0
4/12/2024 11:45,0.0
4/12/2024 11:50,0.0
4/12/2024 11:55,0.0
4/12/2024 12:00,0.0
4/12/2024 12:05,0.0
4/12/2024 12:10,0.0
4/12/2024 12:15,0.0
4/12/2024 12:20,0.0
4/12/2024 12:25,0.0
4/12/2024 12:30,0.0
4/12/2024 12:35,0.0
4/12/2024 12:40,0.0
4/12/2024 12:45,0.0
4/12/2024 12:50,0.0
4/12/2024 12:55,0.0
4/12/2024 13:00,0.0
4/12/2024 13:05,0.0
4/12/2024 13:10,0.0
4/12/2024 13:15,0.0
4/12/2024 13:20,0.0
4/12/2024 13:25,0.0
4/12/2024 13:30,0.0
4/12/2024 13:35,0.0
4/12/2024 13:40,0.0
4/12/2024 13:45,0.0
4/12/2024 13:50,0.0
4/12/2024 13:55,0.0
4/12/2024 14:00,0.0
4/12/2024 14:05,0.0
4/12/2024 14:10,0.0
4/12/2024 14:15,0.0
4/12/2024 14:20,0.0
4/12/2024 14:25,0.0
4/12/2024 14:30,0.0
4/12/2024 14:35,0.0
4/12/2024 14:40,0.0
4/12/2024 14:45,0.0
4/12/2024 14:50,0.0
4/12/2024 14:55,0.0
4/12/2024 15:00,0.0
4/12/2024 15:05,0.0
4/12/2024 15:10,0.0
4/12/2024 15:15,0.0
4/12/2024 15:20,0.0
4/12/2024 15:25,0.0
4/12/2024 15:30,0.0
4/12/2024 15:35,0.0
4/12/2024 15:40,0.0
4/12/2024 15:45,0.0
4/12/2024 15:50,0.0
4/12/2024 15:55,0.012
4/12/2024 16:00,0.0
4/12/2024 16:05,0.0
4/12/2024 16:10,0.0
4/12/2024 16:15,0.0
4/12/2024 16:20,0.0
4/12/2024 16:25,0.0
4/12/2024 16:30,0.0
4/12/2024 16:35,0.0
4/12/2024 16:40,0.0
4/12/2024 16:45,0.0
4/12/2024 16:50,0.0
4/12/2024 16:55,0.06
4/12/2024 17:00,0.012
4/12/2024 17:05,0.0
4/12/2024 17:10,0.06
4/12/2024 17:15,0.072
4/12/2024 17:20,0.312
4/12/2024 17:25,1.056
4/12/2024 17:30,0.8759999999999999
4/12/2024 17:35,0.756
4/12/2024 17:40,0.348
4/12/2024 17:45,0.3
4/12/2024 17:50,0.336
4/12/2024 17:55,0.396
4/12/2024 18:00,0.336
4/12/2024 18:05,0.6000000000000001
4/12/2024 18:10,0.4679999999999999
4/12/2024 18:15,0.252
4/12/2024 18:20,0.3
4/12/2024 18:25,0.4439999999999999
4/12/2024 18:30,0.396
4/12/2024 18:35,0.4439999999999999
4/12/2024 18:40,0.528
4/12/2024 18:45,0.624
4/12/2024 18:50,0.552
4/12/2024 18:55,0.4559999999999999
4/12/2024 19:00,0.4679999999999999
4/12/2024 19:05,0.504
4/12/2024 19:10,0.4559999999999999
4/12/2024 19:15,0.504
4/12/2024 19:20,0.528
4/12/2024 19:25,0.54
4/12/2024 19:30,0.528
4/12/2024 19:35,0.408
4/12/2024 19:40,0.4319999999999999
4/12/2024 19:45,0.42
4/12/2024 19:50,0.516
4/12/2024 19:55,0.5880000000000001
4/12/2024 20:00,1.104
4/12/2024 20:05,0.528
4/12/2024 20:10,0.4319999999999999
4/12/2024 20:15,0.4559999999999999
4/12/2024 20:20,0.396
4/12/2024 20:25,0.408
4/12/2024 20:30,0.4679999999999999
4/12/2024 20:35,0.5640000000000001
4/12/2024 20:40,0.48
4/12/2024 20:45,0.324
4/12/2024 20:50,0.324
4/12/2024 20:55,0.324
4/12/2024 21:00,0.348
4/12/2024 21:05,0.324
4/12/2024 21:10,0.3
4/12/2024 21:15,0.288
4/12/2024 21:20,0.324
4/12/2024 21:25,0.204
4/12/2024 21:30,0.204
4/12/2024 21:35,0.204
4/12/2024 21:40,0.2159999999999999
4/12/2024 21:45,0.348
4/12/2024 21:50,0.288
4/12/2024 21:55,0.288
4/12/2024 22:00,0.204
4/12/2024 22:05,0.264
4/12/2024 22:10,0.204
4/12/2024 22:15,0.204
4/12/2024 22:20,0.252
4/12/2024 22:25,0.336
4/12/2024 22:30,0.324
4/12/2024 22:35,0.24
4/12/2024 22:40,0.204
4/12/2024 22:45,0.204
4/12/2024 22:50,0.276
4/12/2024 22:55,0.204
4/12/2024 23:00,0.288
4/12/2024 23:05,0.3
4/12/2024 23:10,0.336
4/12/2024 23:15,0.24
4/12/2024 23:20,0.204
4/12/2024 23:25,0.192
4/12/2024 23:30,0.2159999999999999
4/12/2024 23:35,0.312
4/12/2024 23:40,0.288
4/12/2024 23:45,0.288
4/12/2024 23:50,0.24
4/12/2024 23:55,0.252
5/12/2024 0:00,0.2159999999999999
5/12/2024 0:05,0.204
5/12/2024 0:10,0.204
5/12/2024 0:15,0.288
5/12/2024 0:20,0.36
5/12/2024 0:25,0.276
5/12/2024 0:30,0.204
5/12/2024 0:35,0.204
5/12/2024 0:40,0.24
5/12/2024 0:45,0.2279999999999999
5/12/2024 0:50,0.252
5/12/2024 0:55,0.288
5/12/2024 1:00,0.288
5/12/2024 1:05,0.312
5/12/2024 1:10,0.204
5/12/2024 1:15,0.204
5/12/2024 1:20,0.204
5/12/2024 1:25,0.2159999999999999
5/12/2024 1:30,0.324
5/12/2024 1:35,0.288
5/12/2024 1:40,0.288
5/12/2024 1:45,0.348
5/12/2024 1:50,0.42
5/12/2024 1:55,0.384
5/12/2024 2:00,0.312
5/12/2024 2:05,0.2159999999999999
5/12/2024 2:10,0.324
5/12/2024 2:15,0.372
5/12/2024 2:20,0.3
5/12/2024 2:25,0.3
5/12/2024 2:30,0.288
5/12/2024 2:35,0.288
5/12/2024 2:40,0.276
5/12/2024 2:45,0.204
5/12/2024 2:50,0.204
5/12/2024 2:55,0.204
5/12/2024 3:00,0.324
5/12/2024 3:05,0.336
5/12/2024 3:10,0.288
5/12/2024 3:15,0.2159999999999999
5/12/2024 3:20,0.204
5/12/2024 3:25,0.2159999999999999
5/12/2024 3:30,0.252
5/12/2024 3:35,0.24
5/12/2024 3:40,0.288
5/12/2024 3:45,0.288
5/12/2024 3:50,0.3
5/12/2024 3:55,0.2159999999999999
5/12/2024 4:00,0.204
5/12/2024 4:05,0.204
5/12/2024 4:10,0.204
5/12/2024 4:15,0.348
5/12/2024 4:20,0.288
5/12/2024 4:25,0.276
5/12/2024 4:30,0.2159999999999999
5/12/2024 4:35,0.204
5/12/2024 4:40,0.264
5/12/2024 4:45,0.204
5/12/2024 4:50,0.2159999999999999
5/12/2024 4:55,0.288
5/12/2024 5:00,0.288
5/12/2024 5:05,1.932
5/12/2024 5:10,0.552
5/12/2024 5:15,0.708
5/12/2024 5:20,0.312
5/12/2024 5:25,0.24
5/12/2024 5:30,0.348
5/12/2024 5:35,0.36
5/12/2024 5:40,0.4319999999999999
5/12/2024 5:45,0.336
5/12/2024 5:50,0.252
5/12/2024 5:55,0.24
5/12/2024 6:00,0.12
5/12/2024 6:05,0.084
5/12/2024 6:10,0.996
5/12/2024 6:15,2.3040000000000003
5/12/2024 6:20,1.068
5/12/2024 6:25,0.06
5/12/2024 6:30,2.208
5/12/2024 6:35,1.32
5/12/2024 6:40,1.1880000000000002
5/12/2024 6:45,1.464
5/12/2024 6:50,0.504
5/12/2024 6:55,0.72
5/12/2024 7:00,0.0
5/12/2024 7:05,0.0
5/12/2024 7:10,0.0
5/12/2024 7:15,0.0
5/12/2024 7:20,0.0
5/12/2024 7:25,0.0
5/12/2024 7:30,0.0
5/12/2024 7:35,0.0
5/12/2024 7:40,0.0
5/12/2024 7:45,0.0
5/12/2024 7:50,0.0
5/12/2024 7:55,0.0
5/12/2024 8:00,0.0
5/12/2024 8:05,0.0
5/12/2024 8:10,0.0
5/12/2024 8:15,0.0
5/12/2024 8:20,0.0
5/12/2024 8:25,0.0
5/12/2024 8:30,0.048
5/12/2024 8:35,0.8759999999999999
5/12/2024 8:40,0.0
5/12/2024 8:45,0.0
5/12/2024 8:50,0.5640000000000001
5/12/2024 8:55,0.984
5/12/2024 9:00,0.8160000000000001
5/12/2024 9:05,0.516
5/12/2024 9:10,0.408
5/12/2024 9:15,0.1079999999999999
5/12/2024 9:20,0.0
5/12/2024 9:25,0.0
5/12/2024 9:30,0.0
5/12/2024 9:35,0.0
5/12/2024 9:40,0.0
5/12/2024 9:45,0.0
5/12/2024 9:50,0.0
5/12/2024 9:55,0.0
5/12/2024 10:00,0.0
5/12/2024 10:05,0.0
5/12/2024 10:10,0.0
5/12/2024 10:15,0.0
5/12/2024 10:20,0.0
5/12/2024 10:25,0.0
5/12/2024 10:30,0.0
5/12/2024 10:35,0.0
5/12/2024 10:40,0.0
5/12/2024 10:45,0.0
5/12/2024 10:50,0.0
5/12/2024 10:55,0.0
5/12/2024 11:00,0.0
5/12/2024 11:05,0.0
5/12/2024 11:10,0.0
5/12/2024 11:15,0.0
5/12/2024 11:20,0.0
5/12/2024 11:25,0.0
5/12/2024 11:30,0.372
5/12/2024 11:35,1.7639999999999998
5/12/2024 11:40,1.7879999999999998
5/12/2024 11:45,2.64
5/12/2024 11:50,3.072
5/12/2024 11:55,2.58
5/12/2024 12:00,2.3760000000000003
5/12/2024 12:05,3.396
5/12/2024 12:10,2.952
5/12/2024 12:15,2.556
5/12/2024 12:20,2.928
5/12/2024 12:25,2.832
5/12/2024 12:30,2.076
5/12/2024 12:35,2.244
5/12/2024 12:40,2.508
5/12/2024 12:45,2.4240000000000004
5/12/2024 12:50,2.4240000000000004
5/12/2024 12:55,2.628
5/12/2024 13:00,1.104
5/12/2024 13:05,0.768
5/12/2024 13:10,0.276
5/12/2024 13:15,1.1760000000000002
5/12/2024 13:20,0.948
5/12/2024 13:25,1.7159999999999995
5/12/2024 13:30,0.8999999999999999
5/12/2024 13:35,0.4679999999999999
5/12/2024 13:40,0.0
5/12/2024 13:45,0.0
5/12/2024 13:50,0.0
5/12/2024 13:55,0.0
5/12/2024 14:00,0.0
5/12/2024 14:05,0.0
5/12/2024 14:10,0.0
5/12/2024 14:15,0.0
5/12/2024 14:20,0.0
5/12/2024 14:25,0.0
5/12/2024 14:30,0.0
5/12/2024 14:35,0.0
5/12/2024 14:40,0.0
5/12/2024 14:45,0.0
5/12/2024 14:50,0.0
5/12/2024 14:55,0.0
5/12/2024 15:00,0.0
5/12/2024 15:05,0.0
5/12/2024 15:10,0.0
5/12/2024 15:15,0.0
5/12/2024 15:20,0.0
5/12/2024 15:25,0.0
5/12/2024 15:30,0.0
5/12/2024 15:35,0.0
5/12/2024 15:40,0.0
5/12/2024 15:45,0.0
5/12/2024 15:50,0.0
5/12/2024 15:55,0.0
5/12/2024 16:00,0.0
5/12/2024 16:05,0.0
5/12/2024 16:10,0.012
5/12/2024 16:15,0.0
5/12/2024 16:20,0.0
5/12/2024 16:25,0.0
5/12/2024 16:30,0.0
5/12/2024 16:35,0.0
5/12/2024 16:40,0.0
5/12/2024 16:45,0.0
5/12/2024 16:50,0.0
5/12/2024 16:55,0.0
5/12/2024 17:00,0.0
5/12/2024 17:05,0.0
5/12/2024 17:10,0.0
5/12/2024 17:15,0.0
5/12/2024 17:20,0.8519999999999999
5/12/2024 17:25,5.496
5/12/2024 17:30,4.0200000000000005
5/12/2024 17:35,3.996
5/12/2024 17:40,5.892
5/12/2024 17:45,5.436
5/12/2024 17:50,1.512
5/12/2024 17:55,1.7759999999999998
5/12/2024 18:00,0.792
5/12/2024 18:05,1.044
5/12/2024 18:10,0.372
5/12/2024 18:15,0.36
5/12/2024 18:20,0.372
5/12/2024 18:25,0.42
5/12/2024 18:30,0.552
5/12/2024 18:35,0.48
5/12/2024 18:40,0.4439999999999999
5/12/2024 18:45,0.42
5/12/2024 18:50,0.492
5/12/2024 18:55,0.348
5/12/2024 19:00,0.408
5/12/2024 19:05,0.4439999999999999
5/12/2024 19:10,0.492
5/12/2024 19:15,0.4319999999999999
5/12/2024 19:20,0.36
5/12/2024 19:25,0.372
5/12/2024 19:30,0.42
5/12/2024 19:35,0.4319999999999999
5/12/2024 19:40,0.48
5/12/2024 19:45,0.48
5/12/2024 19:50,0.504
5/12/2024 19:55,0.4319999999999999
5/12/2024 20:00,0.396
5/12/2024 20:05,0.408
5/12/2024 20:10,0.4319999999999999
5/12/2024 20:15,0.5880000000000001
5/12/2024 20:20,0.54
5/12/2024 20:25,0.54
5/12/2024 20:30,0.4559999999999999
5/12/2024 20:35,0.516
5/12/2024 20:40,0.4439999999999999
5/12/2024 20:45,0.4319999999999999
5/12/2024 20:50,0.504
5/12/2024 20:55,0.5640000000000001
5/12/2024 21:00,0.552
5/12/2024 21:05,0.48
5/12/2024 21:10,0.4319999999999999
5/12/2024 21:15,0.4679999999999999
5/12/2024 21:20,0.4679999999999999
5/12/2024 21:25,0.4559999999999999
5/12/2024 21:30,0.516
5/12/2024 21:35,0.528
5/12/2024 21:40,0.612
5/12/2024 21:45,0.5640000000000001
5/12/2024 21:50,0.4679999999999999
5/12/2024 21:55,0.4319999999999999
5/12/2024 22:00,0.4439999999999999
5/12/2024 22:05,1.7879999999999998
5/12/2024 22:10,4.44
5/12/2024 22:15,4.656000000000001
5/12/2024 22:20,4.716
5/12/2024 22:25,4.728
5/12/2024 22:30,4.92
5/12/2024 22:35,4.668
5/12/2024 22:40,4.752000000000001
5/12/2024 22:45,4.800000000000001
5/12/2024 22:50,4.74
5/12/2024 22:55,4.668
5/12/2024 23:00,4.62
5/12/2024 23:05,2.988
5/12/2024 23:10,0.2159999999999999
5/12/2024 23:15,0.252
5/12/2024 23:20,0.3
5/12/2024 23:25,0.372
5/12/2024 23:30,0.276
5/12/2024 23:35,0.2279999999999999
5/12/2024 23:40,0.204
5/12/2024 23:45,0.276
5/12/2024 23:50,0.2279999999999999
5/12/2024 23:55,0.3
6/12/2024 0:00,0.3
6/12/2024 0:05,0.336
6/12/2024 0:10,0.252
6/12/2024 0:15,0.2159999999999999
6/12/2024 0:20,0.204
6/12/2024 0:25,0.2279999999999999
6/12/2024 0:30,0.336
6/12/2024 0:35,0.3
6/12/2024 0:40,0.3
6/12/2024 0:45,0.24
6/12/2024 0:50,0.288
6/12/2024 0:55,0.204
6/12/2024 1:00,0.2159999999999999
6/12/2024 1:05,0.252
6/12/2024 1:10,0.372
6/12/2024 1:15,0.3
6/12/2024 1:20,0.264
6/12/2024 1:25,0.2159999999999999
6/12/2024 1:30,0.264
6/12/2024 1:35,0.2279999999999999
6/12/2024 1:40,0.2159999999999999
6/12/2024 1:45,0.3
6/12/2024 1:50,0.3
6/12/2024 1:55,0.36
6/12/2024 2:00,0.2159999999999999
6/12/2024 2:05,0.204
6/12/2024 2:10,0.204
6/12/2024 2:15,0.288
6/12/2024 2:20,0.276
6/12/2024 2:25,0.3
6/12/2024 2:30,0.288
6/12/2024 2:35,0.264
6/12/2024 2:40,0.252
6/12/2024 2:45,0.204
6/12/2024 2:50,0.204
6/12/2024 2:55,0.252
6/12/2024 3:00,0.36
6/12/2024 3:05,0.3
6/12/2024 3:10,0.264
6/12/2024 3:15,0.204
6/12/2024 3:20,0.276
6/12/2024 3:25,0.204
6/12/2024 3:30,0.2279999999999999
6/12/2024 3:35,0.288
6/12/2024 3:40,0.348
6/12/2024 3:45,0.312
6/12/2024 3:50,0.204
6/12/2024 3:55,0.204
6/12/2024 4:00,0.2279999999999999
6/12/2024 4:05,0.264
6/12/2024 4:10,0.264
6/12/2024 4:15,0.288
6/12/2024 4:20,0.3
6/12/2024 4:25,0.408
6/12/2024 4:30,0.312
6/12/2024 4:35,0.312
6/12/2024 4:40,0.312
6/12/2024 4:45,0.408
6/12/2024 4:50,0.42
6/12/2024 4:55,0.396
6/12/2024 5:00,0.3
6/12/2024 5:05,1.7519999999999998
6/12/2024 5:10,0.54
6/12/2024 5:15,0.756
6/12/2024 5:20,0.96
6/12/2024 5:25,0.624
6/12/2024 5:30,0.624
6/12/2024 5:35,0.2279999999999999
6/12/2024 5:40,0.168
6/12/2024 5:45,0.18
6/12/2024 5:50,0.18
6/12/2024 5:55,0.324
6/12/2024 6:00,0.348
6/12/2024 6:05,0.396
6/12/2024 6:10,0.372
6/12/2024 6:15,0.12
6/12/2024 6:20,0.0
6/12/2024 6:25,0.0
6/12/2024 6:30,0.012
6/12/2024 6:35,0.0
6/12/2024 6:40,2.208
6/12/2024 6:45,3.684
6/12/2024 6:50,3.816
6/12/2024 6:55,3.624
6/12/2024 7:00,3.792
6/12/2024 7:05,3.72
6/12/2024 7:10,3.708
6/12/2024 7:15,3.672
6/12/2024 7:20,3.576
6/12/2024 7:25,3.24
6/12/2024 7:30,2.556
6/12/2024 7:35,3.12
6/12/2024 7:40,3.4799999999999995
6/12/2024 7:45,3.468
6/12/2024 7:50,2.772
6/12/2024 7:55,1.872
6/12/2024 8:00,1.668
6/12/2024 8:05,1.596
6/12/2024 8:10,1.7759999999999998
6/12/2024 8:15,1.7999999999999998
6/12/2024 8:20,2.052
6/12/2024 8:25,2.628
6/12/2024 8:30,1.98
6/12/2024 8:35,1.944
6/12/2024 8:40,2.496
6/12/2024 8:45,2.616
6/12/2024 8:50,1.512
6/12/2024 8:55,1.512
6/12/2024 9:00,1.308
6/12/2024 9:05,1.404
6/12/2024 9:10,1.356
6/12/2024 9:15,0.984
6/12/2024 9:20,0.8519999999999999
6/12/2024 9:25,0.804
6/12/2024 9:30,0.672
6/12/2024 9:35,0.804
6/12/2024 9:40,0.6960000000000001
6/12/2024 9:45,0.72
6/12/2024 9:50,0.684
6/12/2024 9:55,0.5760000000000001
6/12/2024 10:00,0.528
6/12/2024 10:05,0.384
6/12/2024 10:10,0.324
6/12/2024 10:15,0.396
6/12/2024 10:20,0.408
6/12/2024 10:25,1.428
6/12/2024 10:30,1.992
6/12/2024 10:35,2.34
6/12/2024 10:40,1.08
6/12/2024 10:45,0.24
6/12/2024 10:50,0.66
6/12/2024 10:55,0.48
6/12/2024 11:00,0.192
6/12/2024 11:05,0.3
6/12/2024 11:10,0.192
6/12/2024 11:15,0.12
6/12/2024 11:20,0.8639999999999999
6/12/2024 11:25,0.192
6/12/2024 11:30,0.312
6/12/2024 11:35,0.132
6/12/2024 11:40,0.18
6/12/2024 11:45,0.024
6/12/2024 11:50,0.0
6/12/2024 11:55,0.0
6/12/2024 12:00,0.0
6/12/2024 12:05,0.0
6/12/2024 12:10,0.0
6/12/2024 12:15,0.0
6/12/2024 12:20,0.0
6/12/2024 12:25,0.504
6/12/2024 12:30,0.936
6/12/2024 12:35,0.8759999999999999
6/12/2024 12:40,0.1079999999999999
6/12/2024 12:45,0.156
6/12/2024 12:50,0.204
6/12/2024 12:55,0.384
6/12/2024 13:00,0.4679999999999999
6/12/2024 13:05,0.42
6/12/2024 13:10,0.324
6/12/2024 13:15,0.24
6/12/2024 13:20,0.2279999999999999
6/12/2024 13:25,0.3
6/12/2024 13:30,0.408
6/12/2024 13:35,0.36
6/12/2024 13:40,0.6000000000000001
6/12/2024 13:45,0.348
6/12/2024 13:50,0.336
6/12/2024 13:55,0.288
6/12/2024 14:00,0.4439999999999999
6/12/2024 14:05,0.54
6/12/2024 14:10,0.8999999999999999
6/12/2024 14:15,1.296
6/12/2024 14:20,1.644
6/12/2024 14:25,1.1880000000000002
6/12/2024 14:30,1.536
6/12/2024 14:35,2.844
6/12/2024 14:40,4.151999999999999
6/12/2024 14:45,4.368
6/12/2024 14:50,4.416
6/12/2024 14:55,4.428
6/12/2024 15:00,4.416
6/12/2024 15:05,4.416
6/12/2024 15:10,4.308
6/12/2024 15:15,4.295999999999999
6/12/2024 15:20,4.188
6/12/2024 15:25,4.368
6/12/2024 15:30,6.684000000000001
6/12/2024 15:35,5.988
6/12/2024 15:40,5.916
6/12/2024 15:45,5.532
6/12/2024 15:50,6.876
6/12/2024 15:55,6.672000000000001
6/12/2024 16:00,5.436
6/12/2024 16:05,5.5920000000000005
6/12/2024 16:10,5.196
6/12/2024 16:15,5.04
6/12/2024 16:20,5.352
6/12/2024 16:25,4.548
6/12/2024 16:30,4.488
6/12/2024 16:35,4.536
6/12/2024 16:40,1.968
6/12/2024 16:45,0.0
6/12/2024 16:50,0.0
6/12/2024 16:55,0.012
6/12/2024 17:00,0.0
6/12/2024 17:05,0.0
6/12/2024 17:10,0.0
6/12/2024 17:15,0.0
6/12/2024 17:20,0.0
6/12/2024 17:25,0.0
6/12/2024 17:30,0.024
6/12/2024 17:35,0.096
6/12/2024 17:40,0.084
6/12/2024 17:45,0.12
6/12/2024 17:50,0.204
6/12/2024 17:55,0.144
6/12/2024 18:00,0.18
6/12/2024 18:05,0.192
6/12/2024 18:10,0.288
6/12/2024 18:15,0.2279999999999999
6/12/2024 18:20,0.288
6/12/2024 18:25,0.348
6/12/2024 18:30,0.492
6/12/2024 18:35,0.492
6/12/2024 18:40,0.54
6/12/2024 18:45,0.6000000000000001
6/12/2024 18:50,0.516
6/12/2024 18:55,0.504
6/12/2024 19:00,0.504
6/12/2024 19:05,0.6000000000000001
6/12/2024 19:10,0.5760000000000001
6/12/2024 19:15,0.5760000000000001
6/12/2024 19:20,0.5880000000000001
6/12/2024 19:25,0.648
6/12/2024 19:30,1.056
6/12/2024 19:35,1.056
6/12/2024 19:40,1.068
6/12/2024 19:45,1.128
6/12/2024 19:50,1.104
6/12/2024 19:55,1.08
6/12/2024 20:00,1.056
6/12/2024 20:05,0.996
6/12/2024 20:10,0.96
6/12/2024 20:15,1.044
6/12/2024 20:20,1.152
6/12/2024 20:25,0.6000000000000001
6/12/2024 20:30,0.3
6/12/2024 20:35,0.2279999999999999
6/12/2024 20:40,0.3
6/12/2024 20:45,0.408
6/12/2024 20:50,3.744
6/12/2024 20:55,4.956
6/12/2024 21:00,5.232
6/12/2024 21:05,5.244
6/12/2024 21:10,5.112
6/12/2024 21:15,5.076
6/12/2024 21:20,5.16
6/12/2024 21:25,5.112
6/12/2024 21:30,5.184
6/12/2024 21:35,5.22
6/12/2024 21:40,5.16
6/12/2024 21:45,5.088
6/12/2024 21:50,5.052
6/12/2024 21:55,3.084
6/12/2024 22:00,0.504
6/12/2024 22:05,0.5880000000000001
6/12/2024 22:10,0.5880000000000001
6/12/2024 22:15,0.648
6/12/2024 22:20,0.504
6/12/2024 22:25,0.48
6/12/2024 22:30,0.4679999999999999
6/12/2024 22:35,0.54
6/12/2024 22:40,0.4439999999999999
6/12/2024 22:45,4.26
6/12/2024 22:50,4.536
6/12/2024 22:55,4.68
6/12/2024 23:00,4.668
6/12/2024 23:05,4.644
6/12/2024 23:10,4.692
6/12/2024 23:15,4.74
6/12/2024 23:20,4.704000000000001
6/12/2024 23:25,4.68
6/12/2024 23:30,4.668
6/12/2024 23:35,4.596
6/12/2024 23:40,4.452
6/12/2024 23:45,0.192
6/12/2024 23:50,0.36
6/12/2024 23:55,0.288
7/12/2024 0:00,0.288
7/12/2024 0:05,0.24
7/12/2024 0:10,0.276
7/12/2024 0:15,0.204
7/12/2024 0:20,0.204
7/12/2024 0:25,0.276
7/12/2024 0:30,0.348
7/12/2024 0:35,0.288
7/12/2024 0:40,0.252
7/12/2024 0:45,0.2279999999999999
7/12/2024 0:50,0.24
7/12/2024 0:55,0.204
7/12/2024 1:00,0.252
7/12/2024 1:05,0.324
7/12/2024 1:10,0.324
7/12/2024 1:15,0.252
7/12/2024 1:20,0.192
7/12/2024 1:25,0.252
7/12/2024 1:30,0.2159999999999999
7/12/2024 1:35,0.24
7/12/2024 1:40,0.276
7/12/2024 1:45,0.348
7/12/2024 1:50,0.276
7/12/2024 1:55,0.192
7/12/2024 2:00,0.192
7/12/2024 2:05,0.276
7/12/2024 2:10,0.2279999999999999
7/12/2024 2:15,0.276
7/12/2024 2:20,0.288
7/12/2024 2:25,0.348
7/12/2024 2:30,0.192
7/12/2024 2:35,0.204
7/12/2024 2:40,0.192
7/12/2024 2:45,0.288
7/12/2024 2:50,0.276
7/12/2024 2:55,0.288
7/12/2024 3:00,0.288
7/12/2024 3:05,0.276
7/12/2024 3:10,0.192
7/12/2024 3:15,0.192
7/12/2024 3:20,0.204
7/12/2024 3:25,0.36
7/12/2024 3:30,0.276
7/12/2024 3:35,0.288
7/12/2024 3:40,0.2159999999999999
7/12/2024 3:45,0.264
7/12/2024 3:50,0.192
7/12/2024 3:55,0.204
7/12/2024 4:00,0.264
7/12/2024 4:05,0.348
7/12/2024 4:10,0.288
7/12/2024 4:15,0.2279999999999999
7/12/2024 4:20,0.192
7/12/2024 4:25,0.276
7/12/2024 4:30,0.192
7/12/2024 4:35,0.252
7/12/2024 4:40,0.288
7/12/2024 4:45,0.36
7/12/2024 4:50,0.24
7/12/2024 4:55,0.18
7/12/2024 5:00,0.1079999999999999
7/12/2024 5:05,1.6919999999999995
7/12/2024 5:10,0.408
7/12/2024 5:15,0.384
7/12/2024 5:20,0.324
7/12/2024 5:25,0.4559999999999999
7/12/2024 5:30,0.396
7/12/2024 5:35,0.276
7/12/2024 5:40,0.276
7/12/2024 5:45,0.372
7/12/2024 5:50,0.372
7/12/2024 5:55,0.396
7/12/2024 6:00,0.4319999999999999
7/12/2024 6:05,0.612
7/12/2024 6:10,0.516
7/12/2024 6:15,0.384
7/12/2024 6:20,0.0
7/12/2024 6:25,0.168
7/12/2024 6:30,0.1079999999999999
7/12/2024 6:35,0.072
7/12/2024 6:40,0.192
7/12/2024 6:45,0.288
7/12/2024 6:50,0.42
7/12/2024 6:55,0.684
7/12/2024 7:00,0.4439999999999999
7/12/2024 7:05,0.54
7/12/2024 7:10,0.528
7/12/2024 7:15,0.396
7/12/2024 7:20,0.288
7/12/2024 7:25,0.312
7/12/2024 7:30,0.372
7/12/2024 7:35,0.5640000000000001
7/12/2024 7:40,0.648
7/12/2024 7:45,0.612
7/12/2024 7:50,0.4319999999999999
7/12/2024 7:55,0.192
7/12/2024 8:00,0.024
7/12/2024 8:05,0.0
7/12/2024 8:10,0.036
7/12/2024 8:15,0.156
7/12/2024 8:20,0.168
7/12/2024 8:25,0.276
7/12/2024 8:30,0.288
7/12/2024 8:35,0.048
7/12/2024 8:40,0.0
7/12/2024 8:45,0.0
7/12/2024 8:50,0.012
7/12/2024 8:55,0.0
7/12/2024 9:00,0.0
7/12/2024 9:05,0.0
7/12/2024 9:10,0.0
7/12/2024 9:15,0.0
7/12/2024 9:20,0.0
7/12/2024 9:25,0.0
7/12/2024 9:30,0.0
7/12/2024 9:35,0.0
7/12/2024 9:40,0.0
7/12/2024 9:45,0.0
7/12/2024 9:50,0.0
7/12/2024 9:55,0.0
7/12/2024 10:00,0.156
7/12/2024 10:05,0.024
7/12/2024 10:10,0.0
7/12/2024 10:15,0.0
7/12/2024 10:20,0.0
7/12/2024 10:25,0.0
7/12/2024 10:30,0.0
7/12/2024 10:35,0.0
7/12/2024 10:40,0.0
7/12/2024 10:45,0.0
7/12/2024 10:50,0.0
7/12/2024 10:55,0.0
7/12/2024 11:00,0.0
7/12/2024 11:05,0.0
7/12/2024 11:10,0.0
7/12/2024 11:15,0.0
7/12/2024 11:20,0.0
7/12/2024 11:25,0.0
7/12/2024 11:30,0.0
7/12/2024 11:35,0.0
7/12/2024 11:40,0.0
7/12/2024 11:45,0.0
7/12/2024 11:50,0.0
7/12/2024 11:55,0.0
7/12/2024 12:00,0.0
7/12/2024 12:05,0.0
7/12/2024 12:10,0.0
7/12/2024 12:15,0.0
7/12/2024 12:20,0.0
7/12/2024 12:25,0.0
7/12/2024 12:30,0.0
7/12/2024 12:35,0.0
7/12/2024 12:40,0.0
7/12/2024 12:45,0.0
7/12/2024 12:50,0.084
7/12/2024 12:55,0.708
7/12/2024 13:00,0.552
7/12/2024 13:05,0.924
7/12/2024 13:10,1.02
7/12/2024 13:15,1.092
7/12/2024 13:20,0.996
7/12/2024 13:25,0.204
7/12/2024 13:30,0.0
7/12/2024 13:35,0.144
7/12/2024 13:40,0.648
7/12/2024 13:45,0.4559999999999999
7/12/2024 13:50,0.012
7/12/2024 13:55,0.0
7/12/2024 14:00,0.0
7/12/2024 14:05,0.0
7/12/2024 14:10,0.0
7/12/2024 14:15,0.0
7/12/2024 14:20,0.012
7/12/2024 14:25,0.036
7/12/2024 14:30,0.0
7/12/2024 14:35,0.072
7/12/2024 14:40,0.072
7/12/2024 14:45,0.072
7/12/2024 14:50,0.18
7/12/2024 14:55,0.4559999999999999
7/12/2024 15:00,0.264
7/12/2024 15:05,0.0
7/12/2024 15:10,0.0
7/12/2024 15:15,0.0
7/12/2024 15:20,0.0
7/12/2024 15:25,0.0
7/12/2024 15:30,0.0
7/12/2024 15:35,0.0
7/12/2024 15:40,0.0
7/12/2024 15:45,0.0
7/12/2024 15:50,0.0
7/12/2024 15:55,0.0
7/12/2024 16:00,0.0
7/12/2024 16:05,0.0
7/12/2024 16:10,0.0
7/12/2024 16:15,0.0
7/12/2024 16:20,1.008
7/12/2024 16:25,2.676
7/12/2024 16:30,3.492
7/12/2024 16:35,4.38
7/12/2024 16:40,4.284
7/12/2024 16:45,3.768
7/12/2024 16:50,4.26
7/12/2024 16:55,4.476
7/12/2024 17:00,4.38
7/12/2024 17:05,4.272
7/12/2024 17:10,4.392
7/12/2024 17:15,4.524
7/12/2024 17:20,4.488
7/12/2024 17:25,4.536
7/12/2024 17:30,4.752000000000001
7/12/2024 17:35,4.74
7/12/2024 17:40,4.788
7/12/2024 17:45,4.836
7/12/2024 17:50,4.824
7/12/2024 17:55,4.68
7/12/2024 18:00,4.836
7/12/2024 18:05,5.004
7/12/2024 18:10,4.92
7/12/2024 18:15,4.884
7/12/2024 18:20,4.92
7/12/2024 18:25,5.028
7/12/2024 18:30,5.064
7/12/2024 18:35,5.22
7/12/2024 18:40,5.376
7/12/2024 18:45,5.448
7/12/2024 18:50,5.376
7/12/2024 18:55,5.328
7/12/2024 19:00,7.199999999999999
7/12/2024 19:05,6.672000000000001
7/12/2024 19:10,5.34
7/12/2024 19:15,6.12
7/12/2024 19:20,7.596
7/12/2024 19:25,6.468
7/12/2024 19:30,6.444000000000001
7/12/2024 19:35,5.376
7/12/2024 19:40,1.44
7/12/2024 19:45,0.5640000000000001
7/12/2024 19:50,0.5880000000000001
7/12/2024 19:55,0.708
7/12/2024 20:00,0.612
7/12/2024 20:05,0.612
7/12/2024 20:10,0.5640000000000001
7/12/2024 20:15,0.5760000000000001
7/12/2024 20:20,0.4559999999999999
7/12/2024 20:25,0.36
7/12/2024 20:30,0.504
7/12/2024 20:35,0.4319999999999999
7/12/2024 20:40,0.42
7/12/2024 20:45,0.36
7/12/2024 20:50,0.408
7/12/2024 20:55,0.348
7/12/2024 21:00,0.396
7/12/2024 21:05,0.492
7/12/2024 21:10,0.384
7/12/2024 21:15,0.288
7/12/2024 21:20,0.2159999999999999
7/12/2024 21:25,0.3
7/12/2024 21:30,0.2159999999999999
7/12/2024 21:35,0.264
7/12/2024 21:40,0.312
7/12/2024 21:45,0.372
7/12/2024 21:50,0.288
7/12/2024 21:55,0.2159999999999999
7/12/2024 22:00,0.252
7/12/2024 22:05,0.264
7/12/2024 22:10,0.252
7/12/2024 22:15,0.3
7/12/2024 22:20,0.384
7/12/2024 22:25,0.288
7/12/2024 22:30,0.2159999999999999
7/12/2024 22:35,0.2159999999999999
7/12/2024 22:40,0.288
7/12/2024 22:45,0.252
7/12/2024 22:50,0.3
7/12/2024 22:55,0.336
7/12/2024 23:00,0.336
7/12/2024 23:05,0.2159999999999999
7/12/2024 23:10,0.2159999999999999
7/12/2024 23:15,0.264
7/12/2024 23:20,0.288
7/12/2024 23:25,1.464
7/12/2024 23:30,4.368
7/12/2024 23:35,4.704000000000001
7/12/2024 23:40,4.716
7/12/2024 23:45,4.68
7/12/2024 23:50,4.752000000000001
7/12/2024 23:55,4.824
8/12/2024 0:00,4.812
8/12/2024 0:05,4.728
8/12/2024 0:10,4.776
8/12/2024 0:15,4.656000000000001
8/12/2024 0:20,4.572
8/12/2024 0:25,3.156
8/12/2024 0:30,0.288
8/12/2024 0:35,0.3
8/12/2024 0:40,0.3
8/12/2024 0:45,0.3
8/12/2024 0:50,0.3
8/12/2024 0:55,0.204
8/12/2024 1:00,0.2159999999999999
8/12/2024 1:05,0.24
8/12/2024 1:10,0.336
8/12/2024 1:15,0.3
8/12/2024 1:20,0.3
8/12/2024 1:25,0.288
8/12/2024 1:30,0.2279999999999999
8/12/2024 1:35,0.2159999999999999
8/12/2024 1:40,0.204
8/12/2024 1:45,0.348
8/12/2024 1:50,0.3
8/12/2024 1:55,0.3
8/12/2024 2:00,0.252
8/12/2024 2:05,0.288
8/12/2024 2:10,0.204
8/12/2024 2:15,0.204
8/12/2024 2:20,0.276
8/12/2024 2:25,0.36
8/12/2024 2:30,0.288
8/12/2024 2:35,0.264
8/12/2024 2:40,0.252
8/12/2024 2:45,0.24
8/12/2024 2:50,0.204
8/12/2024 2:55,0.24
8/12/2024 3:00,0.36
8/12/2024 3:05,0.312
8/12/2024 3:10,0.276
8/12/2024 3:15,0.204
8/12/2024 3:20,0.288
8/12/2024 3:25,0.204
8/12/2024 3:30,0.2279999999999999
8/12/2024 3:35,0.3
8/12/2024 3:40,0.372
8/12/2024 3:45,0.288
8/12/2024 3:50,0.2159999999999999
8/12/2024 3:55,0.204
8/12/2024 4:00,0.288
8/12/2024 4:05,0.204
8/12/2024 4:10,0.288
8/12/2024 4:15,0.3
8/12/2024 4:20,0.36
8/12/2024 4:25,0.24
8/12/2024 4:30,0.204
8/12/2024 4:35,0.204
8/12/2024 4:40,0.276
8/12/2024 4:45,0.276
8/12/2024 4:50,0.288
8/12/2024 4:55,0.3
8/12/2024 5:00,0.3
8/12/2024 5:05,1.644
8/12/2024 5:10,0.5880000000000001
8/12/2024 5:15,0.096
8/12/2024 5:20,0.192
8/12/2024 5:25,0.132
8/12/2024 5:30,0.096
8/12/2024 5:35,0.06
8/12/2024 5:40,0.024
8/12/2024 5:45,0.0
8/12/2024 5:50,0.0
8/12/2024 5:55,0.0
8/12/2024 6:00,0.0
8/12/2024 6:05,0.0
8/12/2024 6:10,0.0
8/12/2024 6:15,0.012
8/12/2024 6:20,0.06
8/12/2024 6:25,0.06
8/12/2024 6:30,0.0
8/12/2024 6:35,0.012
8/12/2024 6:40,2.412
8/12/2024 6:45,3.624
8/12/2024 6:50,3.72
8/12/2024 6:55,3.684
8/12/2024 7:00,3.768
8/12/2024 7:05,3.588
8/12/2024 7:10,3.528
8/12/2024 7:15,3.4559999999999995
8/12/2024 7:20,3.3360000000000003
8/12/2024 7:25,3.144
8/12/2024 7:30,2.976
8/12/2024 7:35,2.856
8/12/2024 7:40,2.748
8/12/2024 7:45,2.628
8/12/2024 7:50,2.532
8/12/2024 7:55,2.436
8/12/2024 8:00,2.3760000000000003
8/12/2024 8:05,2.076
8/12/2024 8:10,2.4000000000000004
8/12/2024 8:15,1.992
8/12/2024 8:20,1.848
8/12/2024 8:25,1.7399999999999998
8/12/2024 8:30,1.668
8/12/2024 8:35,1.608
8/12/2024 8:40,1.548
8/12/2024 8:45,1.38
8/12/2024 8:50,1.344
8/12/2024 8:55,1.296
8/12/2024 9:00,1.32
8/12/2024 9:05,1.2000000000000002
8/12/2024 9:10,1.092
8/12/2024 9:15,0.936
8/12/2024 9:20,1.092
8/12/2024 9:25,1.068
8/12/2024 9:30,1.008
8/12/2024 9:35,1.068
8/12/2024 9:40,0.996
8/12/2024 9:45,0.768
8/12/2024 9:50,0.672
8/12/2024 9:55,0.78
8/12/2024 10:00,0.8639999999999999
8/12/2024 10:05,0.5760000000000001
8/12/2024 10:10,0.8280000000000001
8/12/2024 10:15,0.528
8/12/2024 10:20,0.4559999999999999
8/12/2024 10:25,0.42
8/12/2024 10:30,0.336
8/12/2024 10:35,0.372
8/12/2024 10:40,0.264
8/12/2024 10:45,0.336
8/12/2024 10:50,0.276
8/12/2024 10:55,0.2279999999999999
8/12/2024 11:00,0.096
8/12/2024 11:05,0.048
8/12/2024 11:10,0.06
8/12/2024 11:15,0.012
8/12/2024 11:20,0.204
8/12/2024 11:25,0.144
8/12/2024 11:30,0.0
8/12/2024 11:35,0.0
8/12/2024 11:40,0.12
8/12/2024 11:45,0.372
8/12/2024 11:50,0.42
8/12/2024 11:55,0.4559999999999999
8/12/2024 12:00,0.732
8/12/2024 12:05,1.104
8/12/2024 12:10,0.48
8/12/2024 12:15,0.012
8/12/2024 12:20,0.0
8/12/2024 12:25,0.0
8/12/2024 12:30,0.0
8/12/2024 12:35,0.0
8/12/2024 12:40,0.0
8/12/2024 12:45,0.012
8/12/2024 12:50,0.0
8/12/2024 12:55,4.056
8/12/2024 13:00,2.616
8/12/2024 13:05,0.8400000000000001
8/12/2024 13:10,2.388
8/12/2024 13:15,3.06
8/12/2024 13:20,3.0
8/12/2024 13:25,2.3520000000000003
8/12/2024 13:30,3.24
8/12/2024 13:35,3.4319999999999995
8/12/2024 13:40,1.524
8/12/2024 13:45,2.04
8/12/2024 13:50,2.724
8/12/2024 13:55,2.364
8/12/2024 14:00,2.64
8/12/2024 14:05,2.3280000000000003
8/12/2024 14:10,3.3360000000000003
8/12/2024 14:15,3.024
8/12/2024 14:20,3.3600000000000003
8/12/2024 14:25,2.7960000000000003
8/12/2024 14:30,2.016
8/12/2024 14:35,1.344
8/12/2024 14:40,3.276
8/12/2024 14:45,3.54
8/12/2024 14:50,4.224
8/12/2024 14:55,6.132
8/12/2024 15:00,4.224
8/12/2024 15:05,3.744
8/12/2024 15:10,5.58
8/12/2024 15:15,5.424
8/12/2024 15:20,4.788
8/12/2024 15:25,5.34
8/12/2024 15:30,4.356
8/12/2024 15:35,4.884
8/12/2024 15:40,2.7
8/12/2024 15:45,0.012
8/12/2024 15:50,0.0
8/12/2024 15:55,0.012
8/12/2024 16:00,0.168
8/12/2024 16:05,0.144
8/12/2024 16:10,0.252
8/12/2024 16:15,0.144
8/12/2024 16:20,0.084
8/12/2024 16:25,0.048
8/12/2024 16:30,1.032
8/12/2024 16:35,2.472
8/12/2024 16:40,0.708
8/12/2024 16:45,1.164
8/12/2024 16:50,1.356
8/12/2024 16:55,1.1760000000000002
8/12/2024 17:00,1.236
8/12/2024 17:05,0.804
8/12/2024 17:10,1.224
8/12/2024 17:15,0.804
8/12/2024 17:20,1.38
8/12/2024 17:25,0.984
8/12/2024 17:30,1.356
8/12/2024 17:35,0.8639999999999999
8/12/2024 17:40,0.36
8/12/2024 17:45,0.396
8/12/2024 17:50,0.54
8/12/2024 17:55,0.48
8/12/2024 18:00,0.4559999999999999
8/12/2024 18:05,0.4439999999999999
8/12/2024 18:10,0.4559999999999999
8/12/2024 18:15,0.4319999999999999
8/12/2024 18:20,0.42
8/12/2024 18:25,0.4439999999999999
8/12/2024 18:30,0.54
8/12/2024 18:35,0.4439999999999999
8/12/2024 18:40,0.5880000000000001
8/12/2024 18:45,0.612
8/12/2024 18:50,0.636
8/12/2024 18:55,0.984
8/12/2024 19:00,1.1760000000000002
8/12/2024 19:05,1.008
8/12/2024 19:10,1.068
8/12/2024 19:15,1.248
8/12/2024 19:20,1.116
8/12/2024 19:25,1.08
8/12/2024 19:30,1.056
8/12/2024 19:35,1.116
8/12/2024 19:40,1.128
8/12/2024 19:45,1.164
8/12/2024 19:50,1.14
8/12/2024 19:55,1.116
8/12/2024 20:00,1.116
8/12/2024 20:05,0.936
8/12/2024 20:10,2.088
8/12/2024 20:15,3.108
8/12/2024 20:20,1.08
8/12/2024 20:25,0.804
8/12/2024 20:30,2.7
8/12/2024 20:35,1.536
8/12/2024 20:40,1.62
8/12/2024 20:45,2.388
8/12/2024 20:50,0.672
8/12/2024 20:55,1.224
8/12/2024 21:00,0.336
8/12/2024 21:05,0.396
8/12/2024 21:10,0.3
8/12/2024 21:15,0.252
8/12/2024 21:20,0.24
8/12/2024 21:25,0.264
8/12/2024 21:30,0.276
8/12/2024 21:35,0.3
8/12/2024 21:40,0.324
8/12/2024 21:45,0.312
8/12/2024 21:50,0.324
8/12/2024 21:55,0.2279999999999999
8/12/2024 22:00,0.2279999999999999
8/12/2024 22:05,0.2279999999999999
8/12/2024 22:10,0.288
8/12/2024 22:15,0.372
8/12/2024 22:20,0.312
8/12/2024 22:25,0.276
8/12/2024 22:30,0.2159999999999999
8/12/2024 22:35,0.288
8/12/2024 22:40,0.2159999999999999
8/12/2024 22:45,0.2159999999999999
8/12/2024 22:50,0.3
8/12/2024 22:55,0.324
8/12/2024 23:00,0.348
8/12/2024 23:05,0.2159999999999999
8/12/2024 23:10,0.2159999999999999
8/12/2024 23:15,0.2159999999999999
8/12/2024 23:20,0.288
8/12/2024 23:25,0.252
8/12/2024 23:30,0.288
8/12/2024 23:35,0.3
8/12/2024 23:40,0.264
8/12/2024 23:45,0.276
8/12/2024 23:50,0.2159999999999999
8/12/2024 23:55,0.204
9/12/2024 0:00,0.2159999999999999
9/12/2024 0:05,0.336
9/12/2024 0:10,0.312
9/12/2024 0:15,0.288
9/12/2024 0:20,0.2159999999999999
9/12/2024 0:25,0.204
9/12/2024 0:30,0.276
9/12/2024 0:35,0.204
9/12/2024 0:40,0.24
9/12/2024 0:45,0.288
9/12/2024 0:50,0.324
9/12/2024 0:55,0.3
9/12/2024 1:00,0.192
9/12/2024 1:05,0.204
9/12/2024 1:10,0.204
9/12/2024 1:15,0.264
9/12/2024 1:20,0.264
9/12/2024 1:25,0.288
9/12/2024 1:30,0.288
9/12/2024 1:35,0.24
9/12/2024 1:40,0.252
9/12/2024 1:45,0.204
9/12/2024 1:50,0.192
9/12/2024 1:55,0.2159999999999999
9/12/2024 2:00,0.336
9/12/2024 2:05,0.312
9/12/2024 2:10,0.264
9/12/2024 2:15,0.204
9/12/2024 2:20,0.204
9/12/2024 2:25,0.264
9/12/2024 2:30,0.204
9/12/2024 2:35,0.252
9/12/2024 2:40,0.276
9/12/2024 2:45,0.312
9/12/2024 2:50,0.288
9/12/2024 2:55,0.192
9/12/2024 3:00,0.204
9/12/2024 3:05,0.192
9/12/2024 3:10,0.252
9/12/2024 3:15,0.312
9/12/2024 3:20,0.276
9/12/2024 3:25,0.288
9/12/2024 3:30,0.204
9/12/2024 3:35,0.264
9/12/2024 3:40,0.204
9/12/2024 3:45,0.192
9/12/2024 3:50,0.24
9/12/2024 3:55,0.3
9/12/2024 4:00,0.336
9/12/2024 4:05,0.252
9/12/2024 4:10,0.192
9/12/2024 4:15,0.204
9/12/2024 4:20,0.24
9/12/2024 4:25,0.2279999999999999
9/12/2024 4:30,0.372
9/12/2024 4:35,0.396
9/12/2024 4:40,0.396
9/12/2024 4:45,0.372
9/12/2024 4:50,0.3
9/12/2024 4:55,0.324
9/12/2024 5:00,0.324
9/12/2024 5:05,1.824
9/12/2024 5:10,0.792
9/12/2024 5:15,0.504
9/12/2024 5:20,0.492
9/12/2024 5:25,0.324
9/12/2024 5:30,0.36
9/12/2024 5:35,0.636
9/12/2024 5:40,0.348
9/12/2024 5:45,0.348
9/12/2024 5:50,0.336
9/12/2024 5:55,0.384
9/12/2024 6:00,0.276
9/12/2024 6:05,0.132
9/12/2024 6:10,0.24
9/12/2024 6:15,0.2279999999999999
9/12/2024 6:20,0.192
9/12/2024 6:25,0.636
9/12/2024 6:30,1.236
9/12/2024 6:35,1.2120000000000002
9/12/2024 6:40,1.1880000000000002
9/12/2024 6:45,0.804
9/12/2024 6:50,0.636
9/12/2024 6:55,0.096
9/12/2024 7:00,0.168
9/12/2024 7:05,0.264
9/12/2024 7:10,0.348
9/12/2024 7:15,0.06
9/12/2024 7:20,0.192
9/12/2024 7:25,0.288
9/12/2024 7:30,0.324
9/12/2024 7:35,0.372
9/12/2024 7:40,0.168
9/12/2024 7:45,0.096
9/12/2024 7:50,0.168
9/12/2024 7:55,0.6960000000000001
9/12/2024 8:00,0.612
9/12/2024 8:05,0.5880000000000001
9/12/2024 8:10,0.5640000000000001
9/12/2024 8:15,0.648
9/12/2024 8:20,1.992
9/12/2024 8:25,0.912
9/12/2024 8:30,0.924
9/12/2024 8:35,0.792
9/12/2024 8:40,0.636
9/12/2024 8:45,0.384
9/12/2024 8:50,0.336
9/12/2024 8:55,0.0
9/12/2024 9:00,0.0
9/12/2024 9:05,0.0
9/12/2024 9:10,0.0
9/12/2024 9:15,0.0
9/12/2024 9:20,0.0
9/12/2024 9:25,0.0
9/12/2024 9:30,0.012
9/12/2024 9:35,0.0
9/12/2024 9:40,0.0
9/12/2024 9:45,0.0
9/12/2024 9:50,0.0
9/12/2024 9:55,0.0
9/12/2024 10:00,0.0
9/12/2024 10:05,0.0
9/12/2024 10:10,0.012
9/12/2024 10:15,0.096
9/12/2024 10:20,0.1079999999999999
9/12/2024 10:25,0.036
9/12/2024 10:30,0.264
9/12/2024 10:35,0.048
9/12/2024 10:40,0.204
9/12/2024 10:45,0.4559999999999999
9/12/2024 10:50,0.732
9/12/2024 10:55,0.624
9/12/2024 11:00,0.3
9/12/2024 11:05,0.012
9/12/2024 11:10,0.168
9/12/2024 11:15,0.252
9/12/2024 11:20,0.384
9/12/2024 11:25,1.428
9/12/2024 11:30,2.64
9/12/2024 11:35,2.364
9/12/2024 11:40,2.58
9/12/2024 11:45,2.532
9/12/2024 11:50,1.488
9/12/2024 11:55,0.8639999999999999
9/12/2024 12:00,0.12
9/12/2024 12:05,0.48
9/12/2024 12:10,0.384
9/12/2024 12:15,0.348
9/12/2024 12:20,0.504
9/12/2024 12:25,0.504
9/12/2024 12:30,0.36
9/12/2024 12:35,0.036
9/12/2024 12:40,0.336
9/12/2024 12:45,0.732
9/12/2024 12:50,0.6960000000000001
9/12/2024 12:55,0.2279999999999999
9/12/2024 13:00,0.36
9/12/2024 13:05,0.912
9/12/2024 13:10,0.648
9/12/2024 13:15,0.42
9/12/2024 13:20,0.168
9/12/2024 13:25,0.48
9/12/2024 13:30,0.372
9/12/2024 13:35,0.048
9/12/2024 13:40,0.0
9/12/2024 13:45,0.0
9/12/2024 13:50,0.0
9/12/2024 13:55,0.024
9/12/2024 14:00,0.06
9/12/2024 14:05,0.0
9/12/2024 14:10,0.06
9/12/2024 14:15,0.084
9/12/2024 14:20,0.0
9/12/2024 14:25,0.024
9/12/2024 14:30,0.204
9/12/2024 14:35,0.54
9/12/2024 14:40,0.5640000000000001
9/12/2024 14:45,0.6960000000000001
9/12/2024 14:50,0.624
9/12/2024 14:55,0.684
9/12/2024 15:00,0.5760000000000001
9/12/2024 15:05,0.996
9/12/2024 15:10,0.612
9/12/2024 15:15,0.36
9/12/2024 15:20,0.204
9/12/2024 15:25,1.128
9/12/2024 15:30,1.2120000000000002
9/12/2024 15:35,0.912
9/12/2024 15:40,1.2120000000000002
9/12/2024 15:45,0.4439999999999999
9/12/2024 15:50,0.768
9/12/2024 15:55,0.8519999999999999
9/12/2024 16:00,1.992
9/12/2024 16:05,3.012
9/12/2024 16:10,1.272
9/12/2024 16:15,1.08
9/12/2024 16:20,3.12
9/12/2024 16:25,1.644
9/12/2024 16:30,1.416
9/12/2024 16:35,2.436
9/12/2024 16:40,0.8519999999999999
9/12/2024 16:45,1.02
9/12/2024 16:50,0.252
9/12/2024 16:55,0.012
9/12/2024 17:00,0.0
9/12/2024 17:05,0.0
9/12/2024 17:10,0.012
9/12/2024 17:15,0.192
9/12/2024 17:20,0.6960000000000001
9/12/2024 17:25,0.804
9/12/2024 17:30,0.4559999999999999
9/12/2024 17:35,0.36
9/12/2024 17:40,0.312
9/12/2024 17:45,0.948
9/12/2024 17:50,0.5760000000000001
9/12/2024 17:55,0.2159999999999999
9/12/2024 18:00,0.132
9/12/2024 18:05,0.096
9/12/2024 18:10,0.132
9/12/2024 18:15,0.264
9/12/2024 18:20,0.504
9/12/2024 18:25,0.684
9/12/2024 18:30,0.72
9/12/2024 18:35,0.912
9/12/2024 18:40,0.648
9/12/2024 18:45,0.708
9/12/2024 18:50,0.636
9/12/2024 18:55,0.612
9/12/2024 19:00,0.5880000000000001
9/12/2024 19:05,0.54
9/12/2024 19:10,0.636
9/12/2024 19:15,0.72
9/12/2024 19:20,0.744
9/12/2024 19:25,0.684
9/12/2024 19:30,0.624
9/12/2024 19:35,0.636
9/12/2024 19:40,0.612
9/12/2024 19:45,0.684
9/12/2024 19:50,0.708
9/12/2024 19:55,0.8160000000000001
9/12/2024 20:00,1.1880000000000002
9/12/2024 20:05,1.104
9/12/2024 20:10,1.1760000000000002
9/12/2024 20:15,1.092
9/12/2024 20:20,1.104
9/12/2024 20:25,1.1760000000000002
9/12/2024 20:30,1.248
9/12/2024 20:35,1.2000000000000002
9/12/2024 20:40,0.708
9/12/2024 20:45,0.5640000000000001
9/12/2024 20:50,0.5760000000000001
9/12/2024 20:55,0.408
9/12/2024 21:00,0.372
9/12/2024 21:05,0.4319999999999999
9/12/2024 21:10,0.396
9/12/2024 21:15,0.36
9/12/2024 21:20,0.348
9/12/2024 21:25,0.276
9/12/2024 21:30,0.288
9/12/2024 21:35,0.276
9/12/2024 21:40,0.384
9/12/2024 21:45,0.396
9/12/2024 21:50,0.324
9/12/2024 21:55,0.2279999999999999
9/12/2024 22:00,0.24
9/12/2024 22:05,0.288
9/12/2024 22:10,0.2279999999999999
9/12/2024 22:15,0.276
9/12/2024 22:20,0.312
9/12/2024 22:25,0.348
9/12/2024 22:30,0.3
9/12/2024 22:35,0.2279999999999999
9/12/2024 22:40,0.2159999999999999
9/12/2024 22:45,0.2279999999999999
9/12/2024 22:50,0.3
9/12/2024 22:55,0.312
9/12/2024 23:00,0.3
9/12/2024 23:05,0.3
9/12/2024 23:10,0.252
9/12/2024 23:15,0.24
9/12/2024 23:20,0.2159999999999999
9/12/2024 23:25,0.2159999999999999
9/12/2024 23:30,0.276
9/12/2024 23:35,0.372
9/12/2024 23:40,0.288
9/12/2024 23:45,0.24
9/12/2024 23:50,0.204
9/12/2024 23:55,0.24
10/12/2024 0:00,0.252
10/12/2024 0:05,0.24
10/12/2024 0:10,0.288
10/12/2024 0:15,0.3
10/12/2024 0:20,0.3
10/12/2024 0:25,0.24
10/12/2024 0:30,0.204
10/12/2024 0:35,0.204
10/12/2024 0:40,0.204
10/12/2024 0:45,0.36
10/12/2024 0:50,0.288
10/12/2024 0:55,0.3
10/12/2024 1:00,0.2159999999999999
10/12/2024 1:05,0.204
10/12/2024 1:10,0.264
10/12/2024 1:15,0.204
10/12/2024 1:20,0.252
10/12/2024 1:25,0.288
10/12/2024 1:30,0.336
10/12/2024 1:35,0.276
10/12/2024 1:40,0.204
10/12/2024 1:45,0.204
10/12/2024 1:50,0.204
10/12/2024 1:55,0.264
10/12/2024 2:00,0.3
10/12/2024 2:05,0.3
10/12/2024 2:10,0.288
10/12/2024 2:15,0.2159999999999999
10/12/2024 2:20,0.264
10/12/2024 2:25,0.204
10/12/2024 2:30,0.204
10/12/2024 2:35,0.252
10/12/2024 2:40,0.312
10/12/2024 2:45,0.336
10/12/2024 2:50,0.264
10/12/2024 2:55,0.204
10/12/2024 3:00,0.204
10/12/2024 3:05,0.264
10/12/2024 3:10,0.204
10/12/2024 3:15,0.288
10/12/2024 3:20,0.3
10/12/2024 3:25,0.288
10/12/2024 3:30,0.276
10/12/2024 3:35,0.204
10/12/2024 3:40,0.204
10/12/2024 3:45,0.204
10/12/2024 3:50,0.276
10/12/2024 3:55,0.324
10/12/2024 4:00,0.3
10/12/2024 4:05,0.252
10/12/2024 4:10,0.204
10/12/2024 4:15,0.336
10/12/2024 4:20,0.36
10/12/2024 4:25,0.312
10/12/2024 4:30,0.372
10/12/2024 4:35,0.396
10/12/2024 4:40,0.396
10/12/2024 4:45,0.384
10/12/2024 4:50,0.3
10/12/2024 4:55,1.7039999999999995
10/12/2024 5:00,1.644
10/12/2024 5:05,1.224
10/12/2024 5:10,0.912
10/12/2024 5:15,0.8160000000000001
10/12/2024 5:20,0.672
10/12/2024 5:25,0.948
10/12/2024 5:30,0.768
10/12/2024 5:35,0.708
10/12/2024 5:40,0.288
10/12/2024 5:45,0.36
10/12/2024 5:50,1.056
10/12/2024 5:55,0.912
10/12/2024 6:00,0.672
10/12/2024 6:05,0.732
10/12/2024 6:10,1.044
10/12/2024 6:15,0.8160000000000001
10/12/2024 6:20,0.8519999999999999
10/12/2024 6:25,0.672
10/12/2024 6:30,0.156
10/12/2024 6:35,0.048
10/12/2024 6:40,0.36
10/12/2024 6:45,0.204
10/12/2024 6:50,2.004
10/12/2024 6:55,1.476
10/12/2024 7:00,0.06
10/12/2024 7:05,1.26
10/12/2024 7:10,2.3760000000000003
10/12/2024 7:15,1.488
10/12/2024 7:20,1.644
10/12/2024 7:25,1.98
10/12/2024 7:30,1.14
10/12/2024 7:35,0.4319999999999999
10/12/2024 7:40,0.6000000000000001
10/12/2024 7:45,0.4679999999999999
10/12/2024 7:50,0.288
10/12/2024 7:55,0.06
10/12/2024 8:00,0.0
10/12/2024 8:05,0.0
10/12/2024 8:10,0.0
10/12/2024 8:15,0.0
10/12/2024 8:20,0.0
10/12/2024 8:25,0.0
10/12/2024 8:30,0.0
10/12/2024 8:35,0.0
10/12/2024 8:40,0.0
10/12/2024 8:45,0.0
10/12/2024 8:50,0.0
10/12/2024 8:55,0.0
10/12/2024 9:00,0.168
10/12/2024 9:05,0.012
10/12/2024 9:10,0.0
10/12/2024 9:15,0.0
10/12/2024 9:20,0.0
10/12/2024 9:25,0.0
10/12/2024 9:30,0.0
10/12/2024 9:35,0.0
10/12/2024 9:40,0.0
10/12/2024 9:45,0.0
10/12/2024 9:50,0.0
10/12/2024 9:55,0.0
10/12/2024 10:00,0.0
10/12/2024 10:05,0.0
10/12/2024 10:10,0.0
10/12/2024 10:15,0.0
10/12/2024 10:20,0.0
10/12/2024 10:25,0.0
10/12/2024 10:30,0.0
10/12/2024 10:35,0.0
10/12/2024 10:40,0.0
10/12/2024 10:45,0.0
10/12/2024 10:50,0.0
10/12/2024 10:55,0.0
10/12/2024 11:00,0.0
10/12/2024 11:05,0.0
10/12/2024 11:10,0.0
10/12/2024 11:15,0.0
10/12/2024 11:20,0.0
10/12/2024 11:25,0.0
10/12/2024 11:30,0.0
10/12/2024 11:35,0.0
10/12/2024 11:40,0.0
10/12/2024 11:45,0.0
10/12/2024 11:50,0.0
10/12/2024 11:55,0.0
10/12/2024 12:00,0.0
10/12/2024 12:05,0.0
10/12/2024 12:10,0.0
10/12/2024 12:15,0.0
10/12/2024 12:20,0.0
10/12/2024 12:25,0.0
10/12/2024 12:30,0.0
10/12/2024 12:35,0.0
10/12/2024 12:40,0.0
10/12/2024 12:45,0.0
10/12/2024 12:50,0.0
10/12/2024 12:55,0.0
10/12/2024 13:00,0.0
10/12/2024 13:05,0.0
10/12/2024 13:10,0.0
10/12/2024 13:15,0.0
10/12/2024 13:20,0.0
10/12/2024 13:25,0.0
10/12/2024 13:30,0.0
10/12/2024 13:35,0.0
10/12/2024 13:40,0.0
10/12/2024 13:45,0.0
10/12/2024 13:50,0.0
10/12/2024 13:55,0.0
10/12/2024 14:00,0.0
10/12/2024 14:05,0.0
10/12/2024 14:10,0.0
10/12/2024 14:15,0.0
10/12/2024 14:20,0.0
10/12/2024 14:25,0.0
10/12/2024 14:30,0.0
10/12/2024 14:35,0.0
10/12/2024 14:40,0.0
10/12/2024 14:45,0.0
10/12/2024 14:50,0.0
10/12/2024 14:55,0.0
10/12/2024 15:00,0.0
10/12/2024 15:05,0.0
10/12/2024 15:10,0.0
10/12/2024 15:15,0.0
10/12/2024 15:20,0.0
10/12/2024 15:25,0.0
10/12/2024 15:30,0.0
10/12/2024 15:35,0.0
10/12/2024 15:40,0.0
10/12/2024 15:45,0.0
10/12/2024 15:50,0.0
10/12/2024 15:55,0.024
10/12/2024 16:00,0.084
10/12/2024 16:05,0.0
10/12/2024 16:10,0.0
10/12/2024 16:15,0.0
10/12/2024 16:20,0.012
10/12/2024 16:25,0.0
10/12/2024 16:30,0.0
10/12/2024 16:35,0.0
10/12/2024 16:40,0.0
10/12/2024 16:45,0.0
10/12/2024 16:50,0.0
10/12/2024 16:55,0.0
10/12/2024 17:00,0.0
10/12/2024 17:05,0.0
10/12/2024 17:10,0.0
10/12/2024 17:15,0.0
10/12/2024 17:20,0.0
10/12/2024 17:25,0.0
10/12/2024 17:30,0.0
10/12/2024 17:35,0.0
10/12/2024 17:40,0.0
10/12/2024 17:45,0.0
10/12/2024 17:50,0.06
10/12/2024 17:55,0.048
10/12/2024 18:00,0.18
10/12/2024 18:05,0.2279999999999999
10/12/2024 18:10,0.264
10/12/2024 18:15,0.312
10/12/2024 18:20,0.336
10/12/2024 18:25,0.492
10/12/2024 18:30,0.372
10/12/2024 18:35,0.4559999999999999
10/12/2024 18:40,0.396
10/12/2024 18:45,1.476
10/12/2024 18:50,2.7960000000000003
10/12/2024 18:55,2.3520000000000003
10/12/2024 19:00,0.6960000000000001
10/12/2024 19:05,1.896
10/12/2024 19:10,2.604
10/12/2024 19:15,2.232
10/12/2024 19:20,2.364
10/12/2024 19:25,2.604
10/12/2024 19:30,2.064
10/12/2024 19:35,1.344
10/12/2024 19:40,1.296
10/12/2024 19:45,1.32
10/12/2024 19:50,1.1760000000000002
10/12/2024 19:55,1.224
10/12/2024 20:00,1.152
10/12/2024 20:05,1.272
10/12/2024 20:10,1.332
10/12/2024 20:15,1.296
10/12/2024 20:20,1.368
10/12/2024 20:25,1.1760000000000002
10/12/2024 20:30,1.284
10/12/2024 20:35,1.1760000000000002
10/12/2024 20:40,1.2120000000000002
10/12/2024 20:45,1.296
10/12/2024 20:50,1.1880000000000002
10/12/2024 20:55,1.1760000000000002
10/12/2024 21:00,0.492
10/12/2024 21:05,0.396
10/12/2024 21:10,0.336
10/12/2024 21:15,0.348
10/12/2024 21:20,0.384
10/12/2024 21:25,0.372
10/12/2024 21:30,0.4319999999999999
10/12/2024 21:35,0.336
10/12/2024 21:40,0.312
10/12/2024 21:45,0.276
10/12/2024 21:50,0.264
10/12/2024 21:55,0.3
10/12/2024 22:00,0.264
10/12/2024 22:05,0.408
10/12/2024 22:10,0.312
10/12/2024 22:15,0.348
10/12/2024 22:20,0.252
10/12/2024 22:25,0.276
10/12/2024 22:30,0.276
10/12/2024 22:35,0.2279999999999999
10/12/2024 22:40,0.384
10/12/2024 22:45,0.288
10/12/2024 22:50,0.408
10/12/2024 22:55,0.252
10/12/2024 23:00,0.276
10/12/2024 23:05,0.264
10/12/2024 23:10,0.252
10/12/2024 23:15,0.312
10/12/2024 23:20,0.312
10/12/2024 23:25,0.408
10/12/2024 23:30,0.276
10/12/2024 23:35,0.3
10/12/2024 23:40,0.252
10/12/2024 23:45,0.264
10/12/2024 23:50,0.276
10/12/2024 23:55,0.288
11/12/2024 0:00,0.396
11/12/2024 0:05,0.3
11/12/2024 0:10,0.348
11/12/2024 0:15,0.2159999999999999
11/12/2024 0:20,0.3
11/12/2024 0:25,0.24
11/12/2024 0:30,0.276
11/12/2024 0:35,0.336
11/12/2024 0:40,0.36
11/12/2024 0:45,0.348
11/12/2024 0:50,0.252
11/12/2024 0:55,0.288
11/12/2024 1:00,0.2279999999999999
11/12/2024 1:05,0.288
11/12/2024 1:10,0.2159999999999999
11/12/2024 1:15,0.36
11/12/2024 1:20,0.252
11/12/2024 1:25,0.324
11/12/2024 1:30,0.168
11/12/2024 1:35,0.3
11/12/2024 1:40,0.2159999999999999
11/12/2024 1:45,0.3
11/12/2024 1:50,0.288
11/12/2024 1:55,0.36
11/12/2024 2:00,0.336
11/12/2024 2:05,0.276
11/12/2024 2:10,0.264
11/12/2024 2:15,0.24
11/12/2024 2:20,0.264
11/12/2024 2:25,0.2279999999999999
11/12/2024 2:30,0.36
11/12/2024 2:35,0.312
11/12/2024 2:40,0.384
11/12/2024 2:45,0.204
11/12/2024 2:50,0.3
11/12/2024 2:55,0.204
11/12/2024 3:00,0.3
11/12/2024 3:05,0.2279999999999999
11/12/2024 3:10,0.384
11/12/2024 3:15,0.3
11/12/2024 3:20,0.324
11/12/2024 3:25,0.2279999999999999
11/12/2024 3:30,0.276
11/12/2024 3:35,0.2279999999999999
11/12/2024 3:40,0.264
11/12/2024 3:45,0.288
11/12/2024 3:50,0.336
11/12/2024 3:55,0.336
11/12/2024 4:00,0.276
11/12/2024 4:05,0.264
11/12/2024 4:10,0.2279999999999999
11/12/2024 4:15,0.276
11/12/2024 4:20,0.2159999999999999
11/12/2024 4:25,0.36
11/12/2024 4:30,0.3
11/12/2024 4:35,0.384
11/12/2024 4:40,0.324
11/12/2024 4:45,0.396
11/12/2024 4:50,0.312
11/12/2024 4:55,0.348
11/12/2024 5:00,0.2159999999999999
11/12/2024 5:05,1.932
11/12/2024 5:10,0.636
11/12/2024 5:15,1.128
11/12/2024 5:20,0.348
11/12/2024 5:25,0.516
11/12/2024 5:30,0.1079999999999999
11/12/2024 5:35,0.156
11/12/2024 5:40,0.06
11/12/2024 5:45,0.096
11/12/2024 5:50,0.012
11/12/2024 5:55,0.144
11/12/2024 6:00,0.312
11/12/2024 6:05,0.132
11/12/2024 6:10,0.048
11/12/2024 6:15,0.1079999999999999
11/12/2024 6:20,0.0
11/12/2024 6:25,0.264
11/12/2024 6:30,0.0
11/12/2024 6:35,0.0
11/12/2024 6:40,0.0
11/12/2024 6:45,0.552
11/12/2024 6:50,0.156
11/12/2024 6:55,0.336
11/12/2024 7:00,0.096
11/12/2024 7:05,0.0
11/12/2024 7:10,0.0
11/12/2024 7:15,0.0
11/12/2024 7:20,0.0
11/12/2024 7:25,0.0
11/12/2024 7:30,0.0
11/12/2024 7:35,0.0
11/12/2024 7:40,0.012
11/12/2024 7:45,0.0
11/12/2024 7:50,0.0
11/12/2024 7:55,0.2159999999999999
11/12/2024 8:00,1.104
11/12/2024 8:05,0.288
11/12/2024 8:10,0.012
11/12/2024 8:15,0.0
11/12/2024 8:20,0.0
11/12/2024 8:25,0.0
11/12/2024 8:30,0.0
11/12/2024 8:35,0.0
11/12/2024 8:40,0.0
11/12/2024 8:45,0.0
11/12/2024 8:50,0.0
11/12/2024 8:55,0.0
11/12/2024 9:00,0.0
11/12/2024 9:05,0.06
11/12/2024 9:10,0.0
11/12/2024 9:15,0.0
11/12/2024 9:20,0.0
11/12/2024 9:25,0.0
11/12/2024 9:30,0.0
11/12/2024 9:35,0.0
11/12/2024 9:40,0.0
11/12/2024 9:45,0.0
11/12/2024 9:50,0.0
11/12/2024 9:55,0.0
11/12/2024 10:00,0.0
11/12/2024 10:05,0.0
11/12/2024 10:10,0.0
11/12/2024 10:15,0.0
11/12/2024 10:20,0.0
11/12/2024 10:25,0.0
11/12/2024 10:30,0.0
11/12/2024 10:35,0.0
11/12/2024 10:40,0.0
11/12/2024 10:45,0.0
11/12/2024 10:50,0.0
11/12/2024 10:55,0.0
11/12/2024 11:00,0.0
11/12/2024 11:05,0.0
11/12/2024 11:10,0.0
11/12/2024 11:15,0.0
11/12/2024 11:20,0.0
11/12/2024 11:25,0.0
11/12/2024 11:30,0.0
11/12/2024 11:35,0.0
11/12/2024 11:40,0.0
11/12/2024 11:45,0.0
11/12/2024 11:50,0.0
11/12/2024 11:55,0.0
11/12/2024 12:00,0.0
11/12/2024 12:05,0.0
11/12/2024 12:10,0.0
11/12/2024 12:15,0.0
11/12/2024 12:20,0.0
11/12/2024 12:25,0.0
11/12/2024 12:30,0.0
11/12/2024 12:35,0.0
11/12/2024 12:40,0.0
11/12/2024 12:45,0.0
11/12/2024 12:50,0.0
11/12/2024 12:55,0.0
11/12/2024 13:00,0.0
11/12/2024 13:05,0.0
11/12/2024 13:10,0.0
11/12/2024 13:15,0.0
11/12/2024 13:20,0.0
11/12/2024 13:25,0.0
11/12/2024 13:30,0.0
11/12/2024 13:35,0.0
11/12/2024 13:40,0.0
11/12/2024 13:45,0.0
11/12/2024 13:50,0.0
11/12/2024 13:55,0.0
11/12/2024 14:00,0.0
11/12/2024 14:05,0.0
11/12/2024 14:10,0.0
11/12/2024 14:15,0.0
11/12/2024 14:20,0.0
11/12/2024 14:25,0.0
11/12/2024 14:30,0.0
11/12/2024 14:35,0.0
11/12/2024 14:40,0.0
11/12/2024 14:45,0.0
11/12/2024 14:50,0.0
11/12/2024 14:55,0.0
11/12/2024 15:00,0.0
11/12/2024 15:05,0.0
11/12/2024 15:10,0.0
11/12/2024 15:15,0.0
11/12/2024 15:20,0.0
11/12/2024 15:25,0.0
11/12/2024 15:30,0.0
11/12/2024 15:35,0.0
11/12/2024 15:40,0.0
11/12/2024 15:45,0.0
11/12/2024 15:50,0.0
11/12/2024 15:55,0.0
11/12/2024 16:00,0.0
11/12/2024 16:05,0.0
11/12/2024 16:10,0.0
11/12/2024 16:15,0.036
11/12/2024 16:20,0.0
11/12/2024 16:25,0.288
11/12/2024 16:30,0.684
11/12/2024 16:35,0.1079999999999999
11/12/2024 16:40,0.4559999999999999
11/12/2024 16:45,0.528
11/12/2024 16:50,0.4319999999999999
11/12/2024 16:55,0.0
11/12/2024 17:00,0.0
11/12/2024 17:05,0.0
11/12/2024 17:10,0.0
11/12/2024 17:15,0.0
11/12/2024 17:20,0.0
11/12/2024 17:25,0.0
11/12/2024 17:30,0.0
11/12/2024 17:35,0.048
11/12/2024 17:40,0.264
11/12/2024 17:45,0.3
11/12/2024 17:50,0.5640000000000001
11/12/2024 17:55,0.348
11/12/2024 18:00,0.096
11/12/2024 18:05,0.156
11/12/2024 18:10,0.024
11/12/2024 18:15,0.132
11/12/2024 18:20,0.192
11/12/2024 18:25,0.276
11/12/2024 18:30,0.2279999999999999
11/12/2024 18:35,0.336
11/12/2024 18:40,0.264
11/12/2024 18:45,0.4559999999999999
11/12/2024 18:50,0.54
11/12/2024 18:55,0.792
11/12/2024 19:00,0.6960000000000001
11/12/2024 19:05,0.8280000000000001
11/12/2024 19:10,0.6000000000000001
11/12/2024 19:15,0.6000000000000001
11/12/2024 19:20,0.66
11/12/2024 19:25,0.5880000000000001
11/12/2024 19:30,0.648
11/12/2024 19:35,0.54
11/12/2024 19:40,1.14
11/12/2024 19:45,1.1760000000000002
11/12/2024 19:50,0.708
11/12/2024 19:55,0.5640000000000001
11/12/2024 20:00,0.516
11/12/2024 20:05,0.492
11/12/2024 20:10,0.48
11/12/2024 20:15,0.516
11/12/2024 20:20,0.516
11/12/2024 20:25,0.612
11/12/2024 20:30,0.4319999999999999
11/12/2024 20:35,0.504
11/12/2024 20:40,0.4319999999999999
11/12/2024 20:45,0.408
11/12/2024 20:50,0.384
11/12/2024 20:55,0.396
11/12/2024 21:00,0.528
11/12/2024 21:05,0.384
11/12/2024 21:10,0.36
11/12/2024 21:15,0.336
11/12/2024 21:20,0.264
11/12/2024 21:25,0.324
11/12/2024 21:30,0.396
11/12/2024 21:35,0.504
11/12/2024 21:40,0.5880000000000001
11/12/2024 21:45,0.528
11/12/2024 21:50,0.4439999999999999
11/12/2024 21:55,0.492
11/12/2024 22:00,0.2279999999999999
11/12/2024 22:05,0.2279999999999999
11/12/2024 22:10,0.336
11/12/2024 22:15,0.312
11/12/2024 22:20,0.312
11/12/2024 22:25,0.348
11/12/2024 22:30,0.2279999999999999
11/12/2024 22:35,0.2159999999999999
11/12/2024 22:40,0.288
11/12/2024 22:45,0.2279999999999999
11/12/2024 22:50,0.288
11/12/2024 22:55,0.36
11/12/2024 23:00,0.324
11/12/2024 23:05,0.24
11/12/2024 23:10,0.252
11/12/2024 23:15,0.24
11/12/2024 23:20,0.2159999999999999
11/12/2024 23:25,0.264
11/12/2024 23:30,0.36
11/12/2024 23:35,0.3
11/12/2024 23:40,0.276
11/12/2024 23:45,0.276
11/12/2024 23:50,0.2159999999999999
11/12/2024 23:55,0.2159999999999999
12/12/2024 0:00,0.264
12/12/2024 0:05,0.3
12/12/2024 0:10,0.3
12/12/2024 0:15,0.324
12/12/2024 0:20,0.288
12/12/2024 0:25,0.2159999999999999
12/12/2024 0:30,0.204
12/12/2024 0:35,0.288
12/12/2024 0:40,0.24
12/12/2024 0:45,0.3
12/12/2024 0:50,0.336
12/12/2024 0:55,0.3
12/12/2024 1:00,0.2159999999999999
12/12/2024 1:05,0.2159999999999999
12/12/2024 1:10,0.276
12/12/2024 1:15,0.2159999999999999
12/12/2024 1:20,0.276
12/12/2024 1:25,0.324
12/12/2024 1:30,0.336
12/12/2024 1:35,0.24
12/12/2024 1:40,0.204
12/12/2024 1:45,0.288
12/12/2024 1:50,0.2159999999999999
12/12/2024 1:55,0.2279999999999999
12/12/2024 2:00,0.288
12/12/2024 2:05,0.372
12/12/2024 2:10,0.276
12/12/2024 2:15,0.204
12/12/2024 2:20,0.2279999999999999
12/12/2024 2:25,0.264
12/12/2024 2:30,0.2159999999999999
12/12/2024 2:35,0.252
12/12/2024 2:40,0.336
12/12/2024 2:45,0.336
12/12/2024 2:50,0.24
12/12/2024 2:55,0.204
12/12/2024 3:00,0.276
12/12/2024 3:05,0.2159999999999999
12/12/2024 3:10,0.204
12/12/2024 3:15,0.3
12/12/2024 3:20,0.36
12/12/2024 3:25,0.312
12/12/2024 3:30,0.2159999999999999
12/12/2024 3:35,0.204
12/12/2024 3:40,0.276
12/12/2024 3:45,0.2159999999999999
12/12/2024 3:50,0.24
12/12/2024 3:55,0.3
12/12/2024 4:00,0.36
12/12/2024 4:05,0.264
12/12/2024 4:10,0.2159999999999999
12/12/2024 4:15,0.2279999999999999
12/12/2024 4:20,0.264
12/12/2024 4:25,0.2159999999999999
12/12/2024 4:30,0.276
12/12/2024 4:35,0.312
12/12/2024 4:40,0.384
12/12/2024 4:45,0.324
12/12/2024 4:50,0.504
12/12/2024 4:55,0.96
12/12/2024 5:00,0.756
12/12/2024 5:05,1.92
12/12/2024 5:10,0.924
12/12/2024 5:15,0.3
12/12/2024 5:20,0.336
12/12/2024 5:25,0.18
12/12/2024 5:30,0.168
12/12/2024 5:35,0.084
12/12/2024 5:40,0.1079999999999999
12/12/2024 5:45,0.024
12/12/2024 5:50,0.036
12/12/2024 5:55,0.012
12/12/2024 6:00,1.7999999999999998
12/12/2024 6:05,0.0
12/12/2024 6:10,0.0
12/12/2024 6:15,1.32
12/12/2024 6:20,0.8160000000000001
12/12/2024 6:25,0.0
12/12/2024 6:30,0.0
12/12/2024 6:35,0.0
12/12/2024 6:40,0.0
12/12/2024 6:45,0.984
12/12/2024 6:50,1.296
12/12/2024 6:55,0.4559999999999999
12/12/2024 7:00,0.0
12/12/2024 7:05,0.0
12/12/2024 7:10,0.0
12/12/2024 7:15,0.0
12/12/2024 7:20,0.0
12/12/2024 7:25,0.0
12/12/2024 7:30,0.0
12/12/2024 7:35,0.24
12/12/2024 7:40,0.384
12/12/2024 7:45,0.1079999999999999
12/12/2024 7:50,0.0
12/12/2024 7:55,0.0
12/12/2024 8:00,0.0
12/12/2024 8:05,0.0
12/12/2024 8:10,0.0
12/12/2024 8:15,0.0
12/12/2024 8:20,0.0
12/12/2024 8:25,0.0
12/12/2024 8:30,0.0
12/12/2024 8:35,0.0
12/12/2024 8:40,0.492
12/12/2024 8:45,3.144
12/12/2024 8:50,3.4799999999999995
12/12/2024 8:55,3.3120000000000003
12/12/2024 9:00,1.7279999999999998
12/12/2024 9:05,1.452
12/12/2024 9:10,0.972
12/12/2024 9:15,1.128
12/12/2024 9:20,0.0
12/12/2024 9:25,0.0
12/12/2024 9:30,0.0
12/12/2024 9:35,0.0
12/12/2024 9:40,0.0
12/12/2024 9:45,0.0
12/12/2024 9:50,0.0
12/12/2024 9:55,0.0
12/12/2024 10:00,0.0
12/12/2024 10:05,0.0
12/12/2024 10:10,0.0
12/12/2024 10:15,0.0
12/12/2024 10:20,0.0
12/12/2024 10:25,0.0
12/12/2024 10:30,0.0
12/12/2024 10:35,0.0
12/12/2024 10:40,0.0
12/12/2024 10:45,0.0
12/12/2024 10:50,0.0
12/12/2024 10:55,0.0
12/12/2024 11:00,0.0
12/12/2024 11:05,0.0
12/12/2024 11:10,0.0
12/12/2024 11:15,0.0
12/12/2024 11:20,0.0
12/12/2024 11:25,0.012
12/12/2024 11:30,0.084
12/12/2024 11:35,0.312
12/12/2024 11:40,0.636
12/12/2024 11:45,0.4679999999999999
12/12/2024 11:50,0.48
12/12/2024 11:55,0.4679999999999999
12/12/2024 12:00,0.528
12/12/2024 12:05,0.492
12/12/2024 12:10,0.504
12/12/2024 12:15,0.4679999999999999
12/12/2024 12:20,0.516
12/12/2024 12:25,0.396
12/12/2024 12:30,0.4319999999999999
12/12/2024 12:35,0.4559999999999999
12/12/2024 12:40,0.48
12/12/2024 12:45,0.42
12/12/2024 12:50,0.672
12/12/2024 12:55,0.756
12/12/2024 13:00,0.384
12/12/2024 13:05,0.372
12/12/2024 13:10,0.012
12/12/2024 13:15,0.4319999999999999
12/12/2024 13:20,1.7639999999999998
12/12/2024 13:25,0.636
12/12/2024 13:30,0.684
12/12/2024 13:35,1.404
12/12/2024 13:40,1.872
12/12/2024 13:45,0.6000000000000001
12/12/2024 13:50,0.6000000000000001
12/12/2024 13:55,0.24
12/12/2024 14:00,0.036
12/12/2024 14:05,1.2120000000000002
12/12/2024 14:10,2.1
12/12/2024 14:15,0.1079999999999999
12/12/2024 14:20,0.0
12/12/2024 14:25,0.0
12/12/2024 14:30,0.168
12/12/2024 14:35,0.312
12/12/2024 14:40,0.348
12/12/2024 14:45,2.172
12/12/2024 14:50,2.568
12/12/2024 14:55,0.672
12/12/2024 15:00,0.4439999999999999
12/12/2024 15:05,0.6000000000000001
12/12/2024 15:10,0.732
12/12/2024 15:15,0.8759999999999999
12/12/2024 15:20,0.8639999999999999
12/12/2024 15:25,0.924
12/12/2024 15:30,3.576
12/12/2024 15:35,3.3120000000000003
12/12/2024 15:40,2.388
12/12/2024 15:45,1.92
12/12/2024 15:50,2.3040000000000003
12/12/2024 15:55,2.196
12/12/2024 16:00,2.016
12/12/2024 16:05,2.772
12/12/2024 16:10,2.988
12/12/2024 16:15,4.176
12/12/2024 16:20,3.684
12/12/2024 16:25,3.9
12/12/2024 16:30,4.08
12/12/2024 16:35,3.204
12/12/2024 16:40,3.492
12/12/2024 16:45,3.132
12/12/2024 16:50,3.792
12/12/2024 16:55,3.66
12/12/2024 17:00,3.06
12/12/2024 17:05,3.144
12/12/2024 17:10,3.3120000000000003
12/12/2024 17:15,3.3720000000000003
12/12/2024 17:20,3.66
12/12/2024 17:25,3.984
12/12/2024 17:30,5.196
12/12/2024 17:35,1.308
12/12/2024 17:40,3.792
12/12/2024 17:45,5.964
12/12/2024 17:50,4.476
12/12/2024 17:55,4.524
12/12/2024 18:00,4.524
12/12/2024 18:05,4.872
12/12/2024 18:10,4.896
12/12/2024 18:15,7.116
12/12/2024 18:20,6.1080000000000005
12/12/2024 18:25,4.86
12/12/2024 18:30,4.752000000000001
12/12/2024 18:35,1.1880000000000002
12/12/2024 18:40,0.384
12/12/2024 18:45,0.528
12/12/2024 18:50,1.02
12/12/2024 18:55,2.616
12/12/2024 19:00,1.92
12/12/2024 19:05,0.42
12/12/2024 19:10,0.36
12/12/2024 19:15,0.396
12/12/2024 19:20,0.528
12/12/2024 19:25,0.5880000000000001
12/12/2024 19:30,0.54
12/12/2024 19:35,0.4679999999999999
12/12/2024 19:40,0.516
12/12/2024 19:45,0.48
12/12/2024 19:50,0.4679999999999999
12/12/2024 19:55,0.54
12/12/2024 20:00,0.624
12/12/2024 20:05,4.14
12/12/2024 20:10,4.704000000000001
12/12/2024 20:15,4.908
12/12/2024 20:20,2.916
12/12/2024 20:25,0.504
12/12/2024 20:30,0.5640000000000001
12/12/2024 20:35,0.5640000000000001
12/12/2024 20:40,0.66
12/12/2024 20:45,0.516
12/12/2024 20:50,0.492
12/12/2024 20:55,0.48
12/12/2024 21:00,0.528
12/12/2024 21:05,0.384
12/12/2024 21:10,0.384
12/12/2024 21:15,0.324
12/12/2024 21:20,0.36
12/12/2024 21:25,0.24
12/12/2024 21:30,0.24
12/12/2024 21:35,0.2279999999999999
12/12/2024 21:40,0.36
12/12/2024 21:45,0.324
12/12/2024 21:50,0.336
12/12/2024 21:55,0.3
12/12/2024 22:00,0.396
12/12/2024 22:05,0.336
12/12/2024 22:10,0.336
12/12/2024 22:15,0.372
12/12/2024 22:20,0.48
12/12/2024 22:25,0.42
12/12/2024 22:30,0.42
12/12/2024 22:35,0.348
12/12/2024 22:40,0.384
12/12/2024 22:45,0.336
12/12/2024 22:50,0.324
12/12/2024 22:55,0.4439999999999999
12/12/2024 23:00,0.4679999999999999
12/12/2024 23:05,0.42
12/12/2024 23:10,0.348
12/12/2024 23:15,0.384
12/12/2024 23:20,0.36
12/12/2024 23:25,0.324
12/12/2024 23:30,0.396
12/12/2024 23:35,0.4679999999999999
12/12/2024 23:40,0.4319999999999999
12/12/2024 23:45,0.288
12/12/2024 23:50,0.2279999999999999
12/12/2024 23:55,0.288
13/12/2024 0:00,0.24
13/12/2024 0:05,0.264
13/12/2024 0:10,0.324
13/12/2024 0:15,0.384
13/12/2024 0:20,0.312
13/12/2024 0:25,0.24
13/12/2024 0:30,0.2279999999999999
13/12/2024 0:35,0.288
13/12/2024 0:40,0.252
13/12/2024 0:45,0.324
13/12/2024 0:50,0.312
13/12/2024 0:55,0.384
13/12/2024 1:00,0.252
13/12/2024 1:05,0.2279999999999999
13/12/2024 1:10,0.252
13/12/2024 1:15,0.288
13/12/2024 1:20,0.312
13/12/2024 1:25,0.312
13/12/2024 1:30,0.324
13/12/2024 1:35,0.336
13/12/2024 1:40,0.24
13/12/2024 1:45,0.2279999999999999
13/12/2024 1:50,0.24
13/12/2024 1:55,0.3
13/12/2024 2:00,0.36
13/12/2024 2:05,0.312
13/12/2024 2:10,0.312
13/12/2024 2:15,0.252
13/12/2024 2:20,0.288
13/12/2024 2:25,0.2279999999999999
13/12/2024 2:30,0.24
13/12/2024 2:35,0.348
13/12/2024 2:40,0.372
13/12/2024 2:45,0.312
13/12/2024 2:50,0.24
13/12/2024 2:55,0.252
13/12/2024 3:00,0.288
13/12/2024 3:05,0.24
13/12/2024 3:10,0.288
13/12/2024 3:15,0.324
13/12/2024 3:20,0.396
13/12/2024 3:25,0.276
13/12/2024 3:30,0.2279999999999999
13/12/2024 3:35,0.252
13/12/2024 3:40,0.3
13/12/2024 3:45,0.24
13/12/2024 3:50,0.324
13/12/2024 3:55,0.312
13/12/2024 4:00,0.348
13/12/2024 4:05,0.252
13/12/2024 4:10,0.2279999999999999
13/12/2024 4:15,0.2279999999999999
13/12/2024 4:20,0.276
13/12/2024 4:25,0.36
13/12/2024 4:30,0.348
13/12/2024 4:35,1.14
13/12/2024 4:40,1.272
13/12/2024 4:45,0.636
13/12/2024 4:50,0.756
13/12/2024 4:55,0.348
13/12/2024 5:00,0.384
13/12/2024 5:05,0.8639999999999999
13/12/2024 5:10,0.492
13/12/2024 5:15,0.4679999999999999
13/12/2024 5:20,0.396
13/12/2024 5:25,0.54
13/12/2024 5:30,0.36
13/12/2024 5:35,0.372
13/12/2024 5:40,0.348
13/12/2024 5:45,0.36
13/12/2024 5:50,0.2159999999999999
13/12/2024 5:55,0.096
13/12/2024 6:00,0.048
13/12/2024 6:05,0.0
13/12/2024 6:10,0.4559999999999999
13/12/2024 6:15,0.036
13/12/2024 6:20,0.0
13/12/2024 6:25,0.036
13/12/2024 6:30,0.0
13/12/2024 6:35,0.0
13/12/2024 6:40,0.0
13/12/2024 6:45,0.0
13/12/2024 6:50,0.0
13/12/2024 6:55,0.0
13/12/2024 7:00,0.0
13/12/2024 7:05,0.0
13/12/2024 7:10,0.0
13/12/2024 7:15,0.0
13/12/2024 7:20,0.0
13/12/2024 7:25,0.0
13/12/2024 7:30,0.0
13/12/2024 7:35,0.0
13/12/2024 7:40,1.116
13/12/2024 7:45,2.148
13/12/2024 7:50,2.244
13/12/2024 7:55,2.34
13/12/2024 8:00,2.244
13/12/2024 8:05,3.66
13/12/2024 8:10,2.124
13/12/2024 8:15,2.184
13/12/2024 8:20,3.66
13/12/2024 8:25,2.268
13/12/2024 8:30,1.824
13/12/2024 8:35,1.812
13/12/2024 8:40,1.824
13/12/2024 8:45,1.7399999999999998
13/12/2024 8:50,3.576
13/12/2024 8:55,3.756
13/12/2024 9:00,1.944
13/12/2024 9:05,1.416
13/12/2024 9:10,1.1760000000000002
13/12/2024 9:15,1.044
13/12/2024 9:20,1.14
13/12/2024 9:25,0.084
13/12/2024 9:30,0.0
13/12/2024 9:35,0.0
13/12/2024 9:40,0.0
13/12/2024 9:45,0.0
13/12/2024 9:50,0.0
13/12/2024 9:55,0.0
13/12/2024 10:00,0.0
13/12/2024 10:05,0.0
13/12/2024 10:10,0.0
13/12/2024 10:15,0.0
13/12/2024 10:20,0.024
13/12/2024 10:25,0.156
13/12/2024 10:30,0.396
13/12/2024 10:35,0.792
13/12/2024 10:40,0.396
13/12/2024 10:45,0.36
13/12/2024 10:50,0.12
13/12/2024 10:55,0.18
13/12/2024 11:00,0.2279999999999999
13/12/2024 11:05,0.192
13/12/2024 11:10,0.264
13/12/2024 11:15,0.204
13/12/2024 11:20,0.2279999999999999
13/12/2024 11:25,0.192
13/12/2024 11:30,0.084
13/12/2024 11:35,0.048
13/12/2024 11:40,0.048
13/12/2024 11:45,0.024
13/12/2024 11:50,0.012
13/12/2024 11:55,0.048
13/12/2024 12:00,0.036
13/12/2024 12:05,0.0
13/12/2024 12:10,0.0
13/12/2024 12:15,0.012
13/12/2024 12:20,0.036
13/12/2024 12:25,0.012
13/12/2024 12:30,0.0
13/12/2024 12:35,0.0
13/12/2024 12:40,0.012
13/12/2024 12:45,0.0
13/12/2024 12:50,0.012
13/12/2024 12:55,0.0
13/12/2024 13:00,0.096
13/12/2024 13:05,0.024
13/12/2024 13:10,0.024
13/12/2024 13:15,0.0
13/12/2024 13:20,0.0
13/12/2024 13:25,0.024
13/12/2024 13:30,0.06
13/12/2024 13:35,0.132
13/12/2024 13:40,0.096
13/12/2024 13:45,0.144
13/12/2024 13:50,0.096
13/12/2024 13:55,0.084
13/12/2024 14:00,0.096
13/12/2024 14:05,0.18
13/12/2024 14:10,0.36
13/12/2024 14:15,0.384
13/12/2024 14:20,0.348
13/12/2024 14:25,0.4319999999999999
13/12/2024 14:30,0.552
13/12/2024 14:35,0.6960000000000001
13/12/2024 14:40,0.624
13/12/2024 14:45,0.804
13/12/2024 14:50,0.8759999999999999
13/12/2024 14:55,1.032
13/12/2024 15:00,0.948
13/12/2024 15:05,0.936
13/12/2024 15:10,1.068
13/12/2024 15:15,1.08
13/12/2024 15:20,1.308
13/12/2024 15:25,1.62
13/12/2024 15:30,2.916
13/12/2024 15:35,1.848
13/12/2024 15:40,2.472
13/12/2024 15:45,2.124
13/12/2024 15:50,2.028
13/12/2024 15:55,2.136
13/12/2024 16:00,2.28
13/12/2024 16:05,2.412
13/12/2024 16:10,2.592
13/12/2024 16:15,2.436
13/12/2024 16:20,3.156
13/12/2024 16:25,2.856
13/12/2024 16:30,3.0
13/12/2024 16:35,3.528
13/12/2024 16:40,3.6
13/12/2024 16:45,3.732
13/12/2024 16:50,3.96
13/12/2024 16:55,4.0200000000000005
13/12/2024 17:00,4.128
13/12/2024 17:05,4.308
13/12/2024 17:10,4.956
13/12/2024 17:15,4.1160000000000005
13/12/2024 17:20,3.672
13/12/2024 17:25,4.247999999999999
13/12/2024 17:30,2.928
13/12/2024 17:35,0.168
13/12/2024 17:40,0.4679999999999999
13/12/2024 17:45,0.492
13/12/2024 17:50,0.18
13/12/2024 17:55,0.276
13/12/2024 18:00,0.384
13/12/2024 18:05,0.1079999999999999
13/12/2024 18:10,0.4559999999999999
13/12/2024 18:15,0.924
13/12/2024 18:20,3.864
13/12/2024 18:25,5.22
13/12/2024 18:30,5.604
13/12/2024 18:35,5.34
13/12/2024 18:40,5.328
13/12/2024 18:45,5.604
13/12/2024 18:50,5.76
13/12/2024 18:55,5.736
13/12/2024 19:00,5.736
13/12/2024 19:05,5.724
13/12/2024 19:10,5.724
13/12/2024 19:15,1.632
13/12/2024 19:20,1.116
13/12/2024 19:25,1.224
13/12/2024 19:30,0.66
13/12/2024 19:35,0.552
13/12/2024 19:40,0.528
13/12/2024 19:45,0.5880000000000001
13/12/2024 19:50,0.504
13/12/2024 19:55,0.492
13/12/2024 20:00,0.5880000000000001
13/12/2024 20:05,0.624
13/12/2024 20:10,0.5760000000000001
13/12/2024 20:15,0.636
13/12/2024 20:20,0.78
13/12/2024 20:25,0.684
13/12/2024 20:30,0.636
13/12/2024 20:35,0.624
13/12/2024 20:40,0.636
13/12/2024 20:45,0.612
13/12/2024 20:50,3.96
13/12/2024 20:55,4.62
13/12/2024 21:00,4.776
13/12/2024 21:05,4.848000000000001
13/12/2024 21:10,4.836
13/12/2024 21:15,4.884
13/12/2024 21:20,4.716
13/12/2024 21:25,4.728
13/12/2024 21:30,4.752000000000001
13/12/2024 21:35,4.812
13/12/2024 21:40,4.764
13/12/2024 21:45,4.776
13/12/2024 21:50,0.5880000000000001
13/12/2024 21:55,0.252
13/12/2024 22:00,0.24
13/12/2024 22:05,0.2279999999999999
13/12/2024 22:10,0.336
13/12/2024 22:15,0.324
13/12/2024 22:20,0.312
13/12/2024 22:25,0.336
13/12/2024 22:30,0.288
13/12/2024 22:35,0.2279999999999999
13/12/2024 22:40,0.2279999999999999
13/12/2024 22:45,0.288
13/12/2024 22:50,0.348
13/12/2024 22:55,0.312
13/12/2024 23:00,0.312
13/12/2024 23:05,0.3
13/12/2024 23:10,0.2279999999999999
13/12/2024 23:15,0.2159999999999999
13/12/2024 23:20,0.24
13/12/2024 23:25,0.384
13/12/2024 23:30,0.312
13/12/2024 23:35,0.3
13/12/2024 23:40,0.252
13/12/2024 23:45,0.276
13/12/2024 23:50,0.2279999999999999
13/12/2024 23:55,0.2159999999999999
14/12/2024 0:00,0.348
14/12/2024 0:05,0.348
14/12/2024 0:10,0.3
14/12/2024 0:15,0.252
14/12/2024 0:20,0.264
14/12/2024 0:25,0.252
14/12/2024 0:30,0.2279999999999999
14/12/2024 0:35,0.288
14/12/2024 0:40,0.36
14/12/2024 0:45,0.324
14/12/2024 0:50,0.264
14/12/2024 0:55,0.2279999999999999
14/12/2024 1:00,0.276
14/12/2024 1:05,0.252
14/12/2024 1:10,0.252
14/12/2024 1:15,0.312
14/12/2024 1:20,0.36
14/12/2024 1:25,0.312
14/12/2024 1:30,0.2159999999999999
14/12/2024 1:35,0.2279999999999999
14/12/2024 1:40,0.264
14/12/2024 1:45,0.252
14/12/2024 1:50,0.312
14/12/2024 1:55,0.3
14/12/2024 2:00,0.348
14/12/2024 2:05,0.276
14/12/2024 2:10,0.2159999999999999
14/12/2024 2:15,0.2159999999999999
14/12/2024 2:20,0.24
14/12/2024 2:25,0.324
14/12/2024 2:30,0.3
14/12/2024 2:35,0.312
14/12/2024 2:40,0.252
14/12/2024 2:45,0.288
14/12/2024 2:50,0.2159999999999999
14/12/2024 2:55,0.2159999999999999
14/12/2024 3:00,0.2279999999999999
14/12/2024 3:05,0.372
14/12/2024 3:10,0.3
14/12/2024 3:15,0.3
14/12/2024 3:20,0.204
14/12/2024 3:25,0.276
14/12/2024 3:30,0.2279999999999999
14/12/2024 3:35,0.2159999999999999
14/12/2024 3:40,0.276
14/12/2024 3:45,0.336
14/12/2024 3:50,0.348
14/12/2024 3:55,0.24
14/12/2024 4:00,0.2159999999999999
14/12/2024 4:05,0.2159999999999999
14/12/2024 4:10,0.276
14/12/2024 4:15,0.24
14/12/2024 4:20,0.3
14/12/2024 4:25,0.3
14/12/2024 4:30,0.348
14/12/2024 4:35,0.2159999999999999
14/12/2024 4:40,0.2159999999999999
14/12/2024 4:45,0.2159999999999999
14/12/2024 4:50,0.24
14/12/2024 4:55,0.324
14/12/2024 5:00,0.3
14/12/2024 5:05,1.7519999999999998
14/12/2024 5:10,0.612
14/12/2024 5:15,0.4679999999999999
14/12/2024 5:20,0.3
14/12/2024 5:25,0.264
14/12/2024 5:30,0.276
14/12/2024 5:35,0.288
14/12/2024 5:40,0.324
14/12/2024 5:45,0.2159999999999999
14/12/2024 5:50,0.336
14/12/2024 5:55,0.3
14/12/2024 6:00,0.312
14/12/2024 6:05,0.168
14/12/2024 6:10,0.156
14/12/2024 6:15,0.12
14/12/2024 6:20,0.024
14/12/2024 6:25,0.012
14/12/2024 6:30,0.0
14/12/2024 6:35,0.0
14/12/2024 6:40,0.024
14/12/2024 6:45,0.0
14/12/2024 6:50,0.0
14/12/2024 6:55,0.0
14/12/2024 7:00,0.0
14/12/2024 7:05,0.012
14/12/2024 7:10,0.0
14/12/2024 7:15,0.0
14/12/2024 7:20,0.0
14/12/2024 7:25,0.0
14/12/2024 7:30,0.0
14/12/2024 7:35,0.0
14/12/2024 7:40,0.0
14/12/2024 7:45,0.0
14/12/2024 7:50,0.0
14/12/2024 7:55,0.0
14/12/2024 8:00,0.0
14/12/2024 8:05,0.0
14/12/2024 8:10,0.0
14/12/2024 8:15,0.0
14/12/2024 8:20,0.0
14/12/2024 8:25,0.0
14/12/2024 8:30,0.1079999999999999
14/12/2024 8:35,0.5760000000000001
14/12/2024 8:40,4.476
14/12/2024 8:45,4.308
14/12/2024 8:50,3.3240000000000003
14/12/2024 8:55,5.028
14/12/2024 9:00,4.884
14/12/2024 9:05,4.236
14/12/2024 9:10,4.26
14/12/2024 9:15,4.0920000000000005
14/12/2024 9:20,4.368
14/12/2024 9:25,3.3240000000000003
14/12/2024 9:30,2.268
14/12/2024 9:35,3.144
14/12/2024 9:40,1.38
14/12/2024 9:45,0.744
14/12/2024 9:50,2.256
14/12/2024 9:55,0.1079999999999999
14/12/2024 10:00,1.068
14/12/2024 10:05,2.34
14/12/2024 10:10,2.28
14/12/2024 10:15,1.848
14/12/2024 10:20,0.552
14/12/2024 10:25,0.048
14/12/2024 10:30,0.8879999999999999
14/12/2024 10:35,2.208
14/12/2024 10:40,1.068
14/12/2024 10:45,1.812
14/12/2024 10:50,1.2120000000000002
14/12/2024 10:55,0.4679999999999999
14/12/2024 11:00,1.6800000000000002
14/12/2024 11:05,1.824
14/12/2024 11:10,0.8160000000000001
14/12/2024 11:15,1.02
14/12/2024 11:20,0.54
14/12/2024 11:25,0.06
14/12/2024 11:30,1.032
14/12/2024 11:35,2.028
14/12/2024 11:40,1.608
14/12/2024 11:45,1.92
14/12/2024 11:50,0.948
14/12/2024 11:55,0.804
14/12/2024 12:00,0.5760000000000001
14/12/2024 12:05,0.924
14/12/2024 12:10,2.052
14/12/2024 12:15,2.04
14/12/2024 12:20,0.4559999999999999
14/12/2024 12:25,0.804
14/12/2024 12:30,2.148
14/12/2024 12:35,1.2000000000000002
14/12/2024 12:40,1.104
14/12/2024 12:45,1.884
14/12/2024 12:50,0.6000000000000001
14/12/2024 12:55,0.492
14/12/2024 13:00,0.048
14/12/2024 13:05,0.036
14/12/2024 13:10,0.0
14/12/2024 13:15,0.0
14/12/2024 13:20,0.0
14/12/2024 13:25,0.096
14/12/2024 13:30,0.2279999999999999
14/12/2024 13:35,0.144
14/12/2024 13:40,0.0
14/12/2024 13:45,0.0
14/12/2024 13:50,0.0
14/12/2024 13:55,0.0
14/12/2024 14:00,0.0
14/12/2024 14:05,0.0
14/12/2024 14:10,0.0
14/12/2024 14:15,0.0
14/12/2024 14:20,0.0
14/12/2024 14:25,0.0
14/12/2024 14:30,0.0
14/12/2024 14:35,0.0
14/12/2024 14:40,0.0
14/12/2024 14:45,0.0
14/12/2024 14:50,0.0
14/12/2024 14:55,0.0
14/12/2024 15:00,0.0
14/12/2024 15:05,0.0
14/12/2024 15:10,0.0
14/12/2024 15:15,0.0
14/12/2024 15:20,0.0
14/12/2024 15:25,0.0
14/12/2024 15:30,0.0
14/12/2024 15:35,0.0
14/12/2024 15:40,0.0
14/12/2024 15:45,0.0
14/12/2024 15:50,0.0
14/12/2024 15:55,0.0
14/12/2024 16:00,0.0
14/12/2024 16:05,0.0
14/12/2024 16:10,0.0
14/12/2024 16:15,0.0
14/12/2024 16:20,0.0
14/12/2024 16:25,0.0
14/12/2024 16:30,0.0
14/12/2024 16:35,0.0
14/12/2024 16:40,0.0
14/12/2024 16:45,0.0
14/12/2024 16:50,0.0
14/12/2024 16:55,0.012
14/12/2024 17:00,0.0
14/12/2024 17:05,0.0
14/12/2024 17:10,0.0
14/12/2024 17:15,0.0
14/12/2024 17:20,0.0
14/12/2024 17:25,0.0
14/12/2024 17:30,0.504
14/12/2024 17:35,4.656000000000001
14/12/2024 17:40,6.288
14/12/2024 17:45,6.755999999999999
14/12/2024 17:50,6.792
14/12/2024 17:55,5.5440000000000005
14/12/2024 18:00,5.424
14/12/2024 18:05,4.6080000000000005
14/12/2024 18:10,5.076
14/12/2024 18:15,5.268
14/12/2024 18:20,4.872
14/12/2024 18:25,4.92
14/12/2024 18:30,4.128
14/12/2024 18:35,0.492
14/12/2024 18:40,0.48
14/12/2024 18:45,0.516
14/12/2024 18:50,0.672
14/12/2024 18:55,0.672
14/12/2024 19:00,0.5880000000000001
14/12/2024 19:05,0.48
14/12/2024 19:10,0.636
14/12/2024 19:15,0.6000000000000001
14/12/2024 19:20,0.54
14/12/2024 19:25,0.5640000000000001
14/12/2024 19:30,0.8160000000000001
14/12/2024 19:35,0.78
14/12/2024 19:40,0.384
14/12/2024 19:45,0.4559999999999999
14/12/2024 19:50,0.8400000000000001
14/12/2024 19:55,1.044
14/12/2024 20:00,1.1760000000000002
14/12/2024 20:05,1.296
14/12/2024 20:10,1.308
14/12/2024 20:15,1.116
14/12/2024 20:20,1.14
14/12/2024 20:25,1.224
14/12/2024 20:30,3.696
14/12/2024 20:35,4.968
14/12/2024 20:40,5.208
14/12/2024 20:45,5.556
14/12/2024 20:50,5.484
14/12/2024 20:55,5.124
14/12/2024 21:00,5.352
14/12/2024 21:05,5.472
14/12/2024 21:10,5.148
14/12/2024 21:15,5.76
14/12/2024 21:20,5.448
14/12/2024 21:25,5.388
14/12/2024 21:30,2.124
14/12/2024 21:35,0.4319999999999999
14/12/2024 21:40,0.972
14/12/2024 21:45,0.768
14/12/2024 21:50,0.732
14/12/2024 21:55,1.02
14/12/2024 22:00,0.5640000000000001
14/12/2024 22:05,0.912
14/12/2024 22:10,0.624
14/12/2024 22:15,0.708
14/12/2024 22:20,0.936
14/12/2024 22:25,0.5880000000000001
14/12/2024 22:30,1.008
14/12/2024 22:35,0.648
14/12/2024 22:40,0.804
14/12/2024 22:45,0.8639999999999999
14/12/2024 22:50,0.4679999999999999
14/12/2024 22:55,0.972
14/12/2024 23:00,0.8759999999999999
14/12/2024 23:05,0.636
14/12/2024 23:10,1.008
14/12/2024 23:15,0.756
14/12/2024 23:20,0.4559999999999999
14/12/2024 23:25,0.24
14/12/2024 23:30,0.2279999999999999
14/12/2024 23:35,0.36
14/12/2024 23:40,0.348
14/12/2024 23:45,0.324
14/12/2024 23:50,0.252
14/12/2024 23:55,0.288
15/12/2024 0:00,0.24
15/12/2024 0:05,0.2159999999999999
15/12/2024 0:10,0.288
15/12/2024 0:15,0.372
15/12/2024 0:20,0.324
15/12/2024 0:25,0.276
15/12/2024 0:30,0.2159999999999999
15/12/2024 0:35,0.288
15/12/2024 0:40,0.24
15/12/2024 0:45,0.24
15/12/2024 0:50,0.312
15/12/2024 0:55,0.348
15/12/2024 1:00,0.336
15/12/2024 1:05,0.2159999999999999
15/12/2024 1:10,0.2279999999999999
15/12/2024 1:15,0.264
15/12/2024 1:20,0.24
15/12/2024 1:25,0.312
15/12/2024 1:30,0.3
15/12/2024 1:35,0.36
15/12/2024 1:40,0.264
15/12/2024 1:45,0.2279999999999999
15/12/2024 1:50,0.2279999999999999
15/12/2024 1:55,0.24
15/12/2024 2:00,0.324
15/12/2024 2:05,0.312
15/12/2024 2:10,0.3
15/12/2024 2:15,0.288
15/12/2024 2:20,0.276
15/12/2024 2:25,0.2159999999999999
15/12/2024 2:30,0.2159999999999999
15/12/2024 2:35,0.264
15/12/2024 2:40,0.36
15/12/2024 2:45,0.312
15/12/2024 2:50,0.288
15/12/2024 2:55,0.2279999999999999
15/12/2024 3:00,0.276
15/12/2024 3:05,0.2279999999999999
15/12/2024 3:10,0.2159999999999999
15/12/2024 3:15,0.3
15/12/2024 3:20,0.396
15/12/2024 3:25,0.3
15/12/2024 3:30,0.252
15/12/2024 3:35,0.2279999999999999
15/12/2024 3:40,0.264
15/12/2024 3:45,0.252
15/12/2024 3:50,0.276
15/12/2024 3:55,0.312
15/12/2024 4:00,0.348
15/12/2024 4:05,0.3
15/12/2024 4:10,0.2159999999999999
15/12/2024 4:15,0.2159999999999999
15/12/2024 4:20,0.264
15/12/2024 4:25,0.276
15/12/2024 4:30,0.3
15/12/2024 4:35,0.312
15/12/2024 4:40,0.312
15/12/2024 4:45,0.264
15/12/2024 4:50,0.2159999999999999
15/12/2024 4:55,0.264
15/12/2024 5:00,0.348
15/12/2024 5:05,2.028
15/12/2024 5:10,0.672
15/12/2024 5:15,0.492
15/12/2024 5:20,0.4559999999999999
15/12/2024 5:25,0.384
15/12/2024 5:30,0.324
15/12/2024 5:35,0.5760000000000001
15/12/2024 5:40,0.276
15/12/2024 5:45,0.42
15/12/2024 5:50,0.276
15/12/2024 5:55,0.2279999999999999
15/12/2024 6:00,0.2159999999999999
15/12/2024 6:05,0.144
15/12/2024 6:10,0.18
15/12/2024 6:15,0.1079999999999999
15/12/2024 6:20,0.096
15/12/2024 6:25,0.1079999999999999
15/12/2024 6:30,0.4439999999999999
15/12/2024 6:35,0.264
15/12/2024 6:40,0.1079999999999999
15/12/2024 6:45,0.084
15/12/2024 6:50,0.084
15/12/2024 6:55,0.096
15/12/2024 7:00,0.12
15/12/2024 7:05,0.0
15/12/2024 7:10,0.012
15/12/2024 7:15,0.0
15/12/2024 7:20,0.0
15/12/2024 7:25,0.0
15/12/2024 7:30,0.0
15/12/2024 7:35,0.0
15/12/2024 7:40,0.0
15/12/2024 7:45,0.0
15/12/2024 7:50,0.0
15/12/2024 7:55,0.0
15/12/2024 8:00,0.0
15/12/2024 8:05,0.0
15/12/2024 8:10,0.0
15/12/2024 8:15,0.0
15/12/2024 8:20,0.0
15/12/2024 8:25,0.0
15/12/2024 8:30,0.0
15/12/2024 8:35,0.0
15/12/2024 8:40,0.0
15/12/2024 8:45,0.0
15/12/2024 8:50,0.0
15/12/2024 8:55,0.0
15/12/2024 9:00,0.0
15/12/2024 9:05,0.0
15/12/2024 9:10,0.0
15/12/2024 9:15,0.0
15/12/2024 9:20,0.0
15/12/2024 9:25,0.0
15/12/2024 9:30,0.0
15/12/2024 9:35,0.0
15/12/2024 9:40,0.0
15/12/2024 9:45,0.0
15/12/2024 9:50,0.0
15/12/2024 9:55,0.0
15/12/2024 10:00,0.0
15/12/2024 10:05,0.0
15/12/2024 10:10,0.0
15/12/2024 10:15,0.0
15/12/2024 10:20,0.0
15/12/2024 10:25,0.0
15/12/2024 10:30,0.012
15/12/2024 10:35,0.024
15/12/2024 10:40,0.132
15/12/2024 10:45,0.276
15/12/2024 10:50,0.324
15/12/2024 10:55,0.372
15/12/2024 11:00,0.324
15/12/2024 11:05,0.348
15/12/2024 11:10,0.396
15/12/2024 11:15,0.132
15/12/2024 11:20,0.036
15/12/2024 11:25,0.036
15/12/2024 11:30,0.0
15/12/2024 11:35,0.072
15/12/2024 11:40,0.0
15/12/2024 11:45,0.072
15/12/2024 11:50,1.476
15/12/2024 11:55,2.064
15/12/2024 12:00,0.804
15/12/2024 12:05,1.056
15/12/2024 12:10,0.912
15/12/2024 12:15,0.372
15/12/2024 12:20,0.3
15/12/2024 12:25,0.708
15/12/2024 12:30,0.516
15/12/2024 12:35,0.492
15/12/2024 12:40,1.7159999999999995
15/12/2024 12:45,2.724
15/12/2024 12:50,1.428
15/12/2024 12:55,0.612
15/12/2024 13:00,2.724
15/12/2024 13:05,1.908
15/12/2024 13:10,1.524
15/12/2024 13:15,1.656
15/12/2024 13:20,0.924
15/12/2024 13:25,1.044
15/12/2024 13:30,0.792
15/12/2024 13:35,1.1880000000000002
15/12/2024 13:40,1.98
15/12/2024 13:45,1.7999999999999998
15/12/2024 13:50,2.244
15/12/2024 13:55,2.04
15/12/2024 14:00,2.016
15/12/2024 14:05,2.3520000000000003
15/12/2024 14:10,1.14
15/12/2024 14:15,1.2120000000000002
15/12/2024 14:20,1.7999999999999998
15/12/2024 14:25,1.7519999999999998
15/12/2024 14:30,1.872
15/12/2024 14:35,1.068
15/12/2024 14:40,0.312
15/12/2024 14:45,0.0
15/12/2024 14:50,0.0
15/12/2024 14:55,0.0
15/12/2024 15:00,0.0
15/12/2024 15:05,0.0
15/12/2024 15:10,0.0
15/12/2024 15:15,0.0
15/12/2024 15:20,0.0
15/12/2024 15:25,0.0
15/12/2024 15:30,0.0
15/12/2024 15:35,0.0
15/12/2024 15:40,0.0
15/12/2024 15:45,0.0
15/12/2024 15:50,0.0
15/12/2024 15:55,0.0
15/12/2024 16:00,0.0
15/12/2024 16:05,0.0
15/12/2024 16:10,0.0
15/12/2024 16:15,0.0
15/12/2024 16:20,0.0
15/12/2024 16:25,0.0
15/12/2024 16:30,0.0
15/12/2024 16:35,0.0
15/12/2024 16:40,0.0
15/12/2024 16:45,0.0
15/12/2024 16:50,0.0
15/12/2024 16:55,0.0
15/12/2024 17:00,0.0
15/12/2024 17:05,0.0
15/12/2024 17:10,0.0
15/12/2024 17:15,0.0
15/12/2024 17:20,0.0
15/12/2024 17:25,0.012
15/12/2024 17:30,0.0
15/12/2024 17:35,0.0
15/12/2024 17:40,0.0
15/12/2024 17:45,0.0
15/12/2024 17:50,0.0
15/12/2024 17:55,0.012
15/12/2024 18:00,0.0
15/12/2024 18:05,0.048
15/12/2024 18:10,0.0
15/12/2024 18:15,0.024
15/12/2024 18:20,0.12
15/12/2024 18:25,2.484
15/12/2024 18:30,4.38
15/12/2024 18:35,4.5
15/12/2024 18:40,4.764
15/12/2024 18:45,4.908
15/12/2024 18:50,4.896
15/12/2024 18:55,5.04
15/12/2024 19:00,5.088
15/12/2024 19:05,5.076
15/12/2024 19:10,4.968
15/12/2024 19:15,4.824
15/12/2024 19:20,4.908
15/12/2024 19:25,4.908
15/12/2024 19:30,4.932
15/12/2024 19:35,4.896
15/12/2024 19:40,4.956
15/12/2024 19:45,4.92
15/12/2024 19:50,3.4799999999999995
15/12/2024 19:55,1.812
15/12/2024 20:00,0.4439999999999999
15/12/2024 20:05,0.5640000000000001
15/12/2024 20:10,0.744
15/12/2024 20:15,0.744
15/12/2024 20:20,0.6960000000000001
15/12/2024 20:25,0.672
15/12/2024 20:30,0.636
15/12/2024 20:35,0.372
15/12/2024 20:40,3.468
15/12/2024 20:45,4.5120000000000005
15/12/2024 20:50,4.668
15/12/2024 20:55,4.74
15/12/2024 21:00,4.68
15/12/2024 21:05,4.632
15/12/2024 21:10,4.62
15/12/2024 21:15,4.6080000000000005
15/12/2024 21:20,4.644
15/12/2024 21:25,4.716
15/12/2024 21:30,4.704000000000001
15/12/2024 21:35,4.572
15/12/2024 21:40,0.8759999999999999
15/12/2024 21:45,0.3
15/12/2024 21:50,0.2279999999999999
15/12/2024 21:55,0.3
15/12/2024 22:00,0.312
15/12/2024 22:05,0.384
15/12/2024 22:10,0.264
15/12/2024 22:15,0.2279999999999999
15/12/2024 22:20,0.2279999999999999
15/12/2024 22:25,0.264
15/12/2024 22:30,0.264
15/12/2024 22:35,0.312
15/12/2024 22:40,0.3
15/12/2024 22:45,0.36
15/12/2024 22:50,0.408
15/12/2024 22:55,0.372
15/12/2024 23:00,0.372
15/12/2024 23:05,0.312
15/12/2024 23:10,0.3
15/12/2024 23:15,0.324
15/12/2024 23:20,0.324
15/12/2024 23:25,0.312
15/12/2024 23:30,0.372
15/12/2024 23:35,0.312
15/12/2024 23:40,0.3
15/12/2024 23:45,0.2279999999999999
15/12/2024 23:50,0.276
15/12/2024 23:55,0.2159999999999999
16/12/2024 0:00,0.2279999999999999
16/12/2024 0:05,0.3
16/12/2024 0:10,0.336
16/12/2024 0:15,0.324
16/12/2024 0:20,0.2279999999999999
16/12/2024 0:25,0.204
16/12/2024 0:30,0.24
16/12/2024 0:35,0.252
16/12/2024 0:40,0.276
16/12/2024 0:45,0.288
16/12/2024 0:50,0.312
16/12/2024 0:55,0.312
16/12/2024 1:00,0.204
16/12/2024 1:05,0.2159999999999999
16/12/2024 1:10,0.204
16/12/2024 1:15,0.3
16/12/2024 1:20,0.3
16/12/2024 1:25,0.3
16/12/2024 1:30,0.264
16/12/2024 1:35,0.252
16/12/2024 1:40,0.2279999999999999
16/12/2024 1:45,0.204
16/12/2024 1:50,0.2159999999999999
16/12/2024 1:55,0.3
16/12/2024 2:00,0.348
16/12/2024 2:05,0.3
16/12/2024 2:10,0.204
16/12/2024 2:15,0.204
16/12/2024 2:20,0.276
16/12/2024 2:25,0.204
16/12/2024 2:30,0.276
16/12/2024 2:35,0.288
16/12/2024 2:40,0.348
16/12/2024 2:45,0.252
16/12/2024 2:50,0.204
16/12/2024 2:55,0.204
16/12/2024 3:00,0.24
16/12/2024 3:05,0.276
16/12/2024 3:10,0.288
16/12/2024 3:15,0.288
16/12/2024 3:20,0.288
16/12/2024 3:25,0.252
16/12/2024 3:30,0.204
16/12/2024 3:35,0.204
16/12/2024 3:40,0.2159999999999999
16/12/2024 3:45,0.36
16/12/2024 3:50,0.288
16/12/2024 3:55,0.288
16/12/2024 4:00,0.204
16/12/2024 4:05,0.24
16/12/2024 4:10,0.24
16/12/2024 4:15,0.204
16/12/2024 4:20,0.3
16/12/2024 4:25,0.396
16/12/2024 4:30,0.48
16/12/2024 4:35,1.5
16/12/2024 4:40,0.8759999999999999
16/12/2024 4:45,0.528
16/12/2024 4:50,0.48
16/12/2024 4:55,0.516
16/12/2024 5:00,0.4679999999999999
16/12/2024 5:05,0.612
16/12/2024 5:10,0.5640000000000001
16/12/2024 5:15,0.624
16/12/2024 5:20,0.5880000000000001
16/12/2024 5:25,0.504
16/12/2024 5:30,0.48
16/12/2024 5:35,0.5760000000000001
16/12/2024 5:40,0.504
16/12/2024 5:45,0.528
16/12/2024 5:50,0.276
16/12/2024 5:55,0.072
16/12/2024 6:00,0.348
16/12/2024 6:05,0.012
16/12/2024 6:10,0.0
16/12/2024 6:15,0.0
16/12/2024 6:20,0.0
16/12/2024 6:25,0.0
16/12/2024 6:30,0.048
16/12/2024 6:35,2.028
16/12/2024 6:40,4.26
16/12/2024 6:45,3.576
16/12/2024 6:50,4.848000000000001
16/12/2024 6:55,6.0600000000000005
16/12/2024 7:00,4.968
16/12/2024 7:05,5.316
16/12/2024 7:10,5.208
16/12/2024 7:15,5.5440000000000005
16/12/2024 7:20,4.788
16/12/2024 7:25,0.684
16/12/2024 7:30,0.192
16/12/2024 7:35,0.036
16/12/2024 7:40,0.0
16/12/2024 7:45,0.0
16/12/2024 7:50,0.0
16/12/2024 7:55,0.0
16/12/2024 8:00,0.0
16/12/2024 8:05,0.0
16/12/2024 8:10,0.036
16/12/2024 8:15,0.0
16/12/2024 8:20,0.0
16/12/2024 8:25,0.0
16/12/2024 8:30,0.0
16/12/2024 8:35,0.0
16/12/2024 8:40,0.0
16/12/2024 8:45,0.0
16/12/2024 8:50,0.0
16/12/2024 8:55,0.0
16/12/2024 9:00,0.0
16/12/2024 9:05,0.0
16/12/2024 9:10,0.0
16/12/2024 9:15,0.0
16/12/2024 9:20,0.0
16/12/2024 9:25,0.024
16/12/2024 9:30,0.012
16/12/2024 9:35,0.3
16/12/2024 9:40,0.624
16/12/2024 9:45,0.5880000000000001
16/12/2024 9:50,0.8400000000000001
16/12/2024 9:55,0.648
16/12/2024 10:00,0.6000000000000001
16/12/2024 10:05,0.4559999999999999
16/12/2024 10:10,0.348
16/12/2024 10:15,0.372
16/12/2024 10:20,0.4559999999999999
16/12/2024 10:25,0.672
16/12/2024 10:30,1.452
16/12/2024 10:35,1.1760000000000002
16/12/2024 10:40,0.42
16/12/2024 10:45,0.408
16/12/2024 10:50,0.312
16/12/2024 10:55,0.072
16/12/2024 11:00,0.036
16/12/2024 11:05,0.096
16/12/2024 11:10,0.084
16/12/2024 11:15,0.072
16/12/2024 11:20,0.0
16/12/2024 11:25,0.012
16/12/2024 11:30,0.012
16/12/2024 11:35,0.0
16/12/2024 11:40,0.024
16/12/2024 11:45,0.4439999999999999
16/12/2024 11:50,0.6960000000000001
16/12/2024 11:55,0.3
16/12/2024 12:00,0.024
16/12/2024 12:05,0.084
16/12/2024 12:10,0.0
16/12/2024 12:15,0.012
16/12/2024 12:20,0.0
16/12/2024 12:25,0.0
16/12/2024 12:30,0.0
16/12/2024 12:35,0.0
16/12/2024 12:40,0.0
16/12/2024 12:45,0.0
16/12/2024 12:50,0.0
16/12/2024 12:55,0.012
16/12/2024 13:00,0.0
16/12/2024 13:05,0.0
16/12/2024 13:10,0.0
16/12/2024 13:15,0.048
16/12/2024 13:20,0.024
16/12/2024 13:25,0.024
16/12/2024 13:30,0.048
16/12/2024 13:35,0.156
16/12/2024 13:40,0.012
16/12/2024 13:45,0.048
16/12/2024 13:50,0.06
16/12/2024 13:55,0.24
16/12/2024 14:00,0.096
16/12/2024 14:05,0.0
16/12/2024 14:10,0.0
16/12/2024 14:15,0.0
16/12/2024 14:20,0.0
16/12/2024 14:25,0.0
16/12/2024 14:30,0.0
16/12/2024 14:35,0.0
16/12/2024 14:40,0.0
16/12/2024 14:45,0.0
16/12/2024 14:50,0.0
16/12/2024 14:55,0.0
16/12/2024 15:00,0.0
16/12/2024 15:05,0.0
16/12/2024 15:10,0.0
16/12/2024 15:15,0.0
16/12/2024 15:20,0.0
16/12/2024 15:25,0.0
16/12/2024 15:30,0.0
16/12/2024 15:35,0.0
16/12/2024 15:40,0.8400000000000001
16/12/2024 15:45,2.052
16/12/2024 15:50,3.012
16/12/2024 15:55,3.228
16/12/2024 16:00,3.048
16/12/2024 16:05,3.096
16/12/2024 16:10,3.396
16/12/2024 16:15,3.672
16/12/2024 16:20,3.936
16/12/2024 16:25,4.0920000000000005
16/12/2024 16:30,4.44
16/12/2024 16:35,3.912
16/12/2024 16:40,4.343999999999999
16/12/2024 16:45,3.612
16/12/2024 16:50,3.4319999999999995
16/12/2024 16:55,3.504
16/12/2024 17:00,3.672
16/12/2024 17:05,3.816
16/12/2024 17:10,3.96
16/12/2024 17:15,3.996
16/12/2024 17:20,4.14
16/12/2024 17:25,3.9
16/12/2024 17:30,4.343999999999999
16/12/2024 17:35,4.596
16/12/2024 17:40,4.38
16/12/2024 17:45,4.776
16/12/2024 17:50,4.92
16/12/2024 17:55,4.584
16/12/2024 18:00,4.812
16/12/2024 18:05,5.364
16/12/2024 18:10,5.256
16/12/2024 18:15,5.088
16/12/2024 18:20,4.92
16/12/2024 18:25,5.316
16/12/2024 18:30,5.412
16/12/2024 18:35,5.352
16/12/2024 18:40,7.536
16/12/2024 18:45,6.384
16/12/2024 18:50,5.46
16/12/2024 18:55,6.612
16/12/2024 19:00,7.103999999999999
16/12/2024 19:05,4.176
16/12/2024 19:10,2.436
16/12/2024 19:15,2.3040000000000003
16/12/2024 19:20,1.884
16/12/2024 19:25,1.164
16/12/2024 19:30,1.08
16/12/2024 19:35,0.648
16/12/2024 19:40,1.104
16/12/2024 19:45,1.068
16/12/2024 19:50,0.672
16/12/2024 19:55,1.08
16/12/2024 20:00,1.1760000000000002
16/12/2024 20:05,0.792
16/12/2024 20:10,0.972
16/12/2024 20:15,1.26
16/12/2024 20:20,0.72
16/12/2024 20:25,1.104
16/12/2024 20:30,1.272
16/12/2024 20:35,0.8639999999999999
16/12/2024 20:40,1.1880000000000002
16/12/2024 20:45,1.104
16/12/2024 20:50,0.5880000000000001
16/12/2024 20:55,1.008
16/12/2024 21:00,1.068
16/12/2024 21:05,0.66
16/12/2024 21:10,4.548
16/12/2024 21:15,5.412
16/12/2024 21:20,5.28
16/12/2024 21:25,5.112
16/12/2024 21:30,5.484
16/12/2024 21:35,5.46
16/12/2024 21:40,5.496
16/12/2024 21:45,4.98
16/12/2024 21:50,5.496
16/12/2024 21:55,5.22
16/12/2024 22:00,4.68
16/12/2024 22:05,4.632
16/12/2024 22:10,0.6960000000000001
16/12/2024 22:15,0.288
16/12/2024 22:20,0.312
16/12/2024 22:25,0.3
16/12/2024 22:30,0.324
16/12/2024 22:35,0.2159999999999999
16/12/2024 22:40,0.2159999999999999
16/12/2024 22:45,0.2279999999999999
16/12/2024 22:50,0.324
16/12/2024 22:55,0.3
16/12/2024 23:00,0.3
16/12/2024 23:05,0.288
16/12/2024 23:10,0.264
16/12/2024 23:15,0.2159999999999999
16/12/2024 23:20,0.204
16/12/2024 23:25,0.264
16/12/2024 23:30,0.348
16/12/2024 23:35,0.3
16/12/2024 23:40,0.288
16/12/2024 23:45,0.252
16/12/2024 23:50,0.24
16/12/2024 23:55,0.2159999999999999
17/12/2024 0:00,0.2279999999999999
17/12/2024 0:05,0.348
17/12/2024 0:10,0.312
17/12/2024 0:15,0.288
17/12/2024 0:20,0.2159999999999999
17/12/2024 0:25,0.276
17/12/2024 0:30,0.2159999999999999
17/12/2024 0:35,0.2159999999999999
17/12/2024 0:40,0.288
17/12/2024 0:45,0.372
17/12/2024 0:50,0.288
17/12/2024 0:55,0.252
17/12/2024 1:00,0.204
17/12/2024 1:05,0.276
17/12/2024 1:10,0.2159999999999999
17/12/2024 1:15,0.264
17/12/2024 1:20,0.3
17/12/2024 1:25,0.36
17/12/2024 1:30,0.264
17/12/2024 1:35,0.2159999999999999
17/12/2024 1:40,0.204
17/12/2024 1:45,0.288
17/12/2024 1:50,0.24
17/12/2024 1:55,0.288
17/12/2024 2:00,0.3
17/12/2024 2:05,0.36
17/12/2024 2:10,0.2159999999999999
17/12/2024 2:15,0.204
17/12/2024 2:20,0.2159999999999999
17/12/2024 2:25,0.276
17/12/2024 2:30,0.3
17/12/2024 2:35,0.288
17/12/2024 2:40,0.3
17/12/2024 2:45,0.276
17/12/2024 2:50,0.2279999999999999
17/12/2024 2:55,0.204
17/12/2024 3:00,0.204
17/12/2024 3:05,0.324
17/12/2024 3:10,0.312
17/12/2024 3:15,0.288
17/12/2024 3:20,0.252
17/12/2024 3:25,0.264
17/12/2024 3:30,0.2159999999999999
17/12/2024 3:35,0.2159999999999999
17/12/2024 3:40,0.24
17/12/2024 3:45,0.336
17/12/2024 3:50,0.312
17/12/2024 3:55,0.276
17/12/2024 4:00,0.204
17/12/2024 4:05,0.24
17/12/2024 4:10,0.252
17/12/2024 4:15,0.204
17/12/2024 4:20,0.3
17/12/2024 4:25,0.3
17/12/2024 4:30,0.36
17/12/2024 4:35,0.324
17/12/2024 4:40,0.312
17/12/2024 4:45,0.312
17/12/2024 4:50,0.384
17/12/2024 4:55,0.372
17/12/2024 5:00,0.396
17/12/2024 5:05,1.884
17/12/2024 5:10,0.5760000000000001
17/12/2024 5:15,0.648
17/12/2024 5:20,0.192
17/12/2024 5:25,0.18
17/12/2024 5:30,0.156
17/12/2024 5:35,0.264
17/12/2024 5:40,0.156
17/12/2024 5:45,0.084
17/12/2024 5:50,0.0
17/12/2024 5:55,0.012
17/12/2024 6:00,0.0
17/12/2024 6:05,0.0
17/12/2024 6:10,0.0
17/12/2024 6:15,0.276
17/12/2024 6:20,0.024
17/12/2024 6:25,0.012
17/12/2024 6:30,0.1079999999999999
17/12/2024 6:35,0.036
17/12/2024 6:40,0.024
17/12/2024 6:45,0.024
17/12/2024 6:50,0.4559999999999999
17/12/2024 6:55,0.312
17/12/2024 7:00,0.252
17/12/2024 7:05,0.048
17/12/2024 7:10,0.0
17/12/2024 7:15,0.0
17/12/2024 7:20,0.0
17/12/2024 7:25,0.0
17/12/2024 7:30,0.0
17/12/2024 7:35,0.0
17/12/2024 7:40,0.0
17/12/2024 7:45,0.0
17/12/2024 7:50,0.0
17/12/2024 7:55,0.0
17/12/2024 8:00,0.0
17/12/2024 8:05,0.0
17/12/2024 8:10,0.0
17/12/2024 8:15,0.0
17/12/2024 8:20,0.0
17/12/2024 8:25,0.0
17/12/2024 8:30,0.0
17/12/2024 8:35,1.08
17/12/2024 8:40,1.7159999999999995
17/12/2024 8:45,1.872
17/12/2024 8:50,2.604
17/12/2024 8:55,2.316
17/12/2024 9:00,1.7639999999999998
17/12/2024 9:05,1.7519999999999998
17/12/2024 9:10,1.584
17/12/2024 9:15,1.572
17/12/2024 9:20,1.596
17/12/2024 9:25,1.62
17/12/2024 9:30,1.344
17/12/2024 9:35,1.62
17/12/2024 9:40,1.488
17/12/2024 9:45,2.46
17/12/2024 9:50,1.944
17/12/2024 9:55,1.116
17/12/2024 10:00,1.104
17/12/2024 10:05,0.8879999999999999
17/12/2024 10:10,0.912
17/12/2024 10:15,0.936
17/12/2024 10:20,0.804
17/12/2024 10:25,0.804
17/12/2024 10:30,0.8280000000000001
17/12/2024 10:35,0.744
17/12/2024 10:40,0.768
17/12/2024 10:45,0.636
17/12/2024 10:50,0.5880000000000001
17/12/2024 10:55,0.5640000000000001
17/12/2024 11:00,0.912
17/12/2024 11:05,1.116
17/12/2024 11:10,1.068
17/12/2024 11:15,1.164
17/12/2024 11:20,1.056
17/12/2024 11:25,1.032
17/12/2024 11:30,1.116
17/12/2024 11:35,1.236
17/12/2024 11:40,1.092
17/12/2024 11:45,0.54
17/12/2024 11:50,0.528
17/12/2024 11:55,0.528
17/12/2024 12:00,0.4439999999999999
17/12/2024 12:05,0.372
17/12/2024 12:10,0.48
17/12/2024 12:15,0.708
17/12/2024 12:20,0.4679999999999999
17/12/2024 12:25,0.6960000000000001
17/12/2024 12:30,0.66
17/12/2024 12:35,0.144
17/12/2024 12:40,0.168
17/12/2024 12:45,0.336
17/12/2024 12:50,0.372
17/12/2024 12:55,0.372
17/12/2024 13:00,0.348
17/12/2024 13:05,0.324
17/12/2024 13:10,0.336
17/12/2024 13:15,0.36
17/12/2024 13:20,0.4679999999999999
17/12/2024 13:25,0.4679999999999999
17/12/2024 13:30,0.4679999999999999
17/12/2024 13:35,0.492
17/12/2024 13:40,0.48
17/12/2024 13:45,0.612
17/12/2024 13:50,0.504
17/12/2024 13:55,0.72
17/12/2024 14:00,0.756
17/12/2024 14:05,0.72
17/12/2024 14:10,0.72
17/12/2024 14:15,1.044
17/12/2024 14:20,1.344
17/12/2024 14:25,1.428
17/12/2024 14:30,1.7159999999999995
17/12/2024 14:35,1.7399999999999998
17/12/2024 14:40,1.872
17/12/2024 14:45,1.908
17/12/2024 14:50,1.452
17/12/2024 14:55,1.116
17/12/2024 15:00,1.1760000000000002
17/12/2024 15:05,1.332
17/12/2024 15:10,1.392
17/12/2024 15:15,1.416
17/12/2024 15:20,1.536
17/12/2024 15:25,1.512
17/12/2024 15:30,1.7039999999999995
17/12/2024 15:35,1.848
17/12/2024 15:40,1.944
17/12/2024 15:45,1.992
17/12/2024 15:50,2.088
17/12/2024 15:55,2.124
17/12/2024 16:00,2.124
17/12/2024 16:05,2.28
17/12/2024 16:10,2.3760000000000003
17/12/2024 16:15,3.228
17/12/2024 16:20,2.748
17/12/2024 16:25,2.772
17/12/2024 16:30,2.772
17/12/2024 16:35,2.82
17/12/2024 16:40,3.0
17/12/2024 16:45,3.108
17/12/2024 16:50,3.192
17/12/2024 16:55,3.6
17/12/2024 17:00,3.42
17/12/2024 17:05,4.404
17/12/2024 17:10,4.164
17/12/2024 17:15,3.828
17/12/2024 17:20,3.792
17/12/2024 17:25,4.0200000000000005
17/12/2024 17:30,3.924
17/12/2024 17:35,3.948
17/12/2024 17:40,4.199999999999999
17/12/2024 17:45,4.668
17/12/2024 17:50,4.548
17/12/2024 17:55,4.572
17/12/2024 18:00,2.46
17/12/2024 18:05,0.0
17/12/2024 18:10,0.036
17/12/2024 18:15,2.988
17/12/2024 18:20,4.488
17/12/2024 18:25,4.716
17/12/2024 18:30,4.92
17/12/2024 18:35,5.064
17/12/2024 18:40,5.196
17/12/2024 18:45,5.172
17/12/2024 18:50,5.052
17/12/2024 18:55,5.124
17/12/2024 19:00,5.064
17/12/2024 19:05,5.232
17/12/2024 19:10,5.16
17/12/2024 19:15,3.228
17/12/2024 19:20,2.004
17/12/2024 19:25,2.244
17/12/2024 19:30,3.768
17/12/2024 19:35,2.58
17/12/2024 19:40,1.7399999999999998
17/12/2024 19:45,3.816
17/12/2024 19:50,3.132
17/12/2024 19:55,3.108
17/12/2024 20:00,2.76
17/12/2024 20:05,3.4319999999999995
17/12/2024 20:10,2.628
17/12/2024 20:15,1.7279999999999998
17/12/2024 20:20,1.56
17/12/2024 20:25,4.0200000000000005
17/12/2024 20:30,2.556
17/12/2024 20:35,4.788
17/12/2024 20:40,5.16
17/12/2024 20:45,4.968
17/12/2024 20:50,4.884
17/12/2024 20:55,4.92
17/12/2024 21:00,4.992
17/12/2024 21:05,4.896
17/12/2024 21:10,4.812
17/12/2024 21:15,4.74
17/12/2024 21:20,4.692
17/12/2024 21:25,4.644
17/12/2024 21:30,4.812
17/12/2024 21:35,6.708
17/12/2024 21:40,4.716
17/12/2024 21:45,4.6080000000000005
17/12/2024 21:50,5.94
17/12/2024 21:55,6.228
17/12/2024 22:00,6.0
17/12/2024 22:05,6.048
17/12/2024 22:10,5.76
17/12/2024 22:15,5.484
17/12/2024 22:20,4.476
17/12/2024 22:25,4.236
17/12/2024 22:30,0.252
17/12/2024 22:35,0.3
17/12/2024 22:40,0.312
17/12/2024 22:45,0.324
17/12/2024 22:50,0.312
17/12/2024 22:55,0.312
17/12/2024 23:00,0.24
17/12/2024 23:05,0.2279999999999999
17/12/2024 23:10,0.2279999999999999
17/12/2024 23:15,0.3
17/12/2024 23:20,0.336
17/12/2024 23:25,0.312
17/12/2024 23:30,0.276
17/12/2024 23:35,0.2279999999999999
17/12/2024 23:40,0.288
17/12/2024 23:45,0.2159999999999999
17/12/2024 23:50,0.2159999999999999
17/12/2024 23:55,0.3
18/12/2024 0:00,0.372
18/12/2024 0:05,0.3
18/12/2024 0:10,0.2279999999999999
18/12/2024 0:15,0.2279999999999999
18/12/2024 0:20,0.264
18/12/2024 0:25,0.24
18/12/2024 0:30,0.252
18/12/2024 0:35,0.3
18/12/2024 0:40,0.288
18/12/2024 0:45,0.336
18/12/2024 0:50,0.2159999999999999
18/12/2024 0:55,0.2159999999999999
18/12/2024 1:00,0.204
18/12/2024 1:05,0.252
18/12/2024 1:10,0.312
18/12/2024 1:15,0.3
18/12/2024 1:20,0.288
18/12/2024 1:25,0.36
18/12/2024 1:30,0.4319999999999999
18/12/2024 1:35,0.36
18/12/2024 1:40,0.36
18/12/2024 1:45,0.2159999999999999
18/12/2024 1:50,0.36
18/12/2024 1:55,0.336
18/12/2024 2:00,0.3
18/12/2024 2:05,0.312
18/12/2024 2:10,0.3
18/12/2024 2:15,0.36
18/12/2024 2:20,0.252
18/12/2024 2:25,0.204
18/12/2024 2:30,0.2159999999999999
18/12/2024 2:35,0.2159999999999999
18/12/2024 2:40,0.348
18/12/2024 2:45,0.312
18/12/2024 2:50,0.3
18/12/2024 2:55,0.252
18/12/2024 3:00,0.2159999999999999
18/12/2024 3:05,0.24
18/12/2024 3:10,0.264
18/12/2024 3:15,0.2279999999999999
18/12/2024 3:20,0.3
18/12/2024 3:25,0.3
18/12/2024 3:30,0.36
18/12/2024 3:35,0.252
18/12/2024 3:40,0.204
18/12/2024 3:45,0.2159999999999999
18/12/2024 3:50,0.2159999999999999
18/12/2024 3:55,0.24
18/12/2024 4:00,0.372
18/12/2024 4:05,0.3
18/12/2024 4:10,0.264
18/12/2024 4:15,0.204
18/12/2024 4:20,0.2159999999999999
18/12/2024 4:25,0.288
18/12/2024 4:30,0.396
18/12/2024 4:35,0.348
18/12/2024 4:40,0.396
18/12/2024 4:45,0.4319999999999999
18/12/2024 4:50,0.336
18/12/2024 4:55,0.276
18/12/2024 5:00,0.288
18/12/2024 5:05,1.668
18/12/2024 5:10,0.684
18/12/2024 5:15,1.056
18/12/2024 5:20,0.948
18/12/2024 5:25,0.756
18/12/2024 5:30,0.612
18/12/2024 5:35,0.204
18/12/2024 5:40,0.204
18/12/2024 5:45,0.204
18/12/2024 5:50,0.18
18/12/2024 5:55,0.288
18/12/2024 6:00,0.348
18/12/2024 6:05,0.72
18/12/2024 6:10,0.984
18/12/2024 6:15,1.008
18/12/2024 6:20,0.4439999999999999
18/12/2024 6:25,0.192
18/12/2024 6:30,0.06
18/12/2024 6:35,0.24
18/12/2024 6:40,0.264
18/12/2024 6:45,0.2159999999999999
18/12/2024 6:50,0.072
18/12/2024 6:55,0.06
18/12/2024 7:00,0.144
18/12/2024 7:05,0.192
18/12/2024 7:10,0.048
18/12/2024 7:15,0.144
18/12/2024 7:20,0.096
18/12/2024 7:25,0.096
18/12/2024 7:30,0.024
18/12/2024 7:35,0.048
18/12/2024 7:40,0.036
18/12/2024 7:45,0.0
18/12/2024 7:50,0.0
18/12/2024 7:55,0.0
18/12/2024 8:00,0.0
18/12/2024 8:05,0.0
18/12/2024 8:10,0.0
18/12/2024 8:15,0.0
18/12/2024 8:20,0.0
18/12/2024 8:25,0.0
18/12/2024 8:30,0.0
18/12/2024 8:35,0.0
18/12/2024 8:40,0.036
18/12/2024 8:45,0.012
18/12/2024 8:50,0.0
18/12/2024 8:55,0.0
18/12/2024 9:00,0.0
18/12/2024 9:05,0.0
18/12/2024 9:10,0.0
18/12/2024 9:15,0.0
18/12/2024 9:20,0.0
18/12/2024 9:25,0.0
18/12/2024 9:30,0.0
18/12/2024 9:35,0.0
18/12/2024 9:40,0.0
18/12/2024 9:45,0.0
18/12/2024 9:50,0.0
18/12/2024 9:55,0.0
18/12/2024 10:00,0.0
18/12/2024 10:05,0.0
18/12/2024 10:10,0.0
18/12/2024 10:15,0.0
18/12/2024 10:20,0.0
18/12/2024 10:25,0.0
18/12/2024 10:30,0.0
18/12/2024 10:35,0.072
18/12/2024 10:40,0.0
18/12/2024 10:45,0.048
18/12/2024 10:50,0.0
18/12/2024 10:55,0.0
18/12/2024 11:00,0.0
18/12/2024 11:05,0.0
18/12/2024 11:10,0.0
18/12/2024 11:15,0.0
18/12/2024 11:20,0.0
18/12/2024 11:25,0.0
18/12/2024 11:30,1.104
18/12/2024 11:35,0.732
18/12/2024 11:40,1.884
18/12/2024 11:45,2.28
18/12/2024 11:50,1.368
18/12/2024 11:55,0.156
18/12/2024 12:00,0.084
18/12/2024 12:05,0.024
18/12/2024 12:10,0.0
18/12/2024 12:15,0.0
18/12/2024 12:20,0.0
18/12/2024 12:25,0.0
18/12/2024 12:30,0.0
18/12/2024 12:35,0.0
18/12/2024 12:40,0.0
18/12/2024 12:45,0.0
18/12/2024 12:50,0.0
18/12/2024 12:55,0.012
18/12/2024 13:00,0.012
18/12/2024 13:05,0.0
18/12/2024 13:10,0.0
18/12/2024 13:15,0.0
18/12/2024 13:20,0.0
18/12/2024 13:25,0.0
18/12/2024 13:30,0.0
18/12/2024 13:35,0.0
18/12/2024 13:40,0.012
18/12/2024 13:45,0.0
18/12/2024 13:50,0.0
18/12/2024 13:55,0.0
18/12/2024 14:00,0.0
18/12/2024 14:05,0.0
18/12/2024 14:10,0.0
18/12/2024 14:15,0.0
18/12/2024 14:20,0.0
18/12/2024 14:25,0.0
18/12/2024 14:30,0.0
18/12/2024 14:35,0.0
18/12/2024 14:40,0.0
18/12/2024 14:45,0.0
18/12/2024 14:50,0.0
18/12/2024 14:55,1.02
18/12/2024 15:00,1.14
18/12/2024 15:05,0.6960000000000001
18/12/2024 15:10,0.252
18/12/2024 15:15,0.516
18/12/2024 15:20,0.276
18/12/2024 15:25,0.528
18/12/2024 15:30,0.708
18/12/2024 15:35,0.6000000000000001
18/12/2024 15:40,0.8999999999999999
18/12/2024 15:45,0.708
18/12/2024 15:50,0.624
18/12/2024 15:55,0.5880000000000001
18/12/2024 16:00,0.372
18/12/2024 16:05,0.384
18/12/2024 16:10,0.096
18/12/2024 16:15,0.0
18/12/2024 16:20,0.0
18/12/2024 16:25,0.0
18/12/2024 16:30,0.0
18/12/2024 16:35,0.0
18/12/2024 16:40,0.0
18/12/2024 16:45,0.0
18/12/2024 16:50,0.0
18/12/2024 16:55,0.024
18/12/2024 17:00,0.0
18/12/2024 17:05,0.072
18/12/2024 17:10,0.288
18/12/2024 17:15,2.664
18/12/2024 17:20,2.016
18/12/2024 17:25,0.048
18/12/2024 17:30,1.428
18/12/2024 17:35,2.3040000000000003
18/12/2024 17:40,1.512
18/12/2024 17:45,1.608
18/12/2024 17:50,2.928
18/12/2024 17:55,1.464
18/12/2024 18:00,0.792
18/12/2024 18:05,0.72
18/12/2024 18:10,0.984
18/12/2024 18:15,1.008
18/12/2024 18:20,0.744
18/12/2024 18:25,0.48
18/12/2024 18:30,1.116
18/12/2024 18:35,0.4679999999999999
18/12/2024 18:40,0.504
18/12/2024 18:45,0.4559999999999999
18/12/2024 18:50,0.4679999999999999
18/12/2024 18:55,0.4679999999999999
18/12/2024 19:00,0.5640000000000001
18/12/2024 19:05,0.516
18/12/2024 19:10,0.5760000000000001
18/12/2024 19:15,0.5760000000000001
18/12/2024 19:20,0.5640000000000001
18/12/2024 19:25,0.504
18/12/2024 19:30,0.492
18/12/2024 19:35,0.54
18/12/2024 19:40,0.516
18/12/2024 19:45,0.48
18/12/2024 19:50,0.5760000000000001
18/12/2024 19:55,0.5640000000000001
18/12/2024 20:00,0.54
18/12/2024 20:05,0.48
18/12/2024 20:10,0.492
18/12/2024 20:15,0.492
18/12/2024 20:20,0.4559999999999999
18/12/2024 20:25,0.4679999999999999
18/12/2024 20:30,0.552
18/12/2024 20:35,0.552
18/12/2024 20:40,0.528
18/12/2024 20:45,0.4679999999999999
18/12/2024 20:50,0.4439999999999999
18/12/2024 20:55,0.408
18/12/2024 21:00,0.4319999999999999
18/12/2024 21:05,0.4319999999999999
18/12/2024 21:10,0.6960000000000001
18/12/2024 21:15,0.528
18/12/2024 21:20,0.54
18/12/2024 21:25,0.504
18/12/2024 21:30,0.42
18/12/2024 21:35,0.312
18/12/2024 21:40,0.276
18/12/2024 21:45,0.252
18/12/2024 21:50,0.336
18/12/2024 21:55,0.312
18/12/2024 22:00,0.312
18/12/2024 22:05,0.2159999999999999
18/12/2024 22:10,0.204
18/12/2024 22:15,0.204
18/12/2024 22:20,0.2159999999999999
18/12/2024 22:25,0.2159999999999999
18/12/2024 22:30,0.3
18/12/2024 22:35,0.36
18/12/2024 22:40,0.264
18/12/2024 22:45,0.204
18/12/2024 22:50,0.204
18/12/2024 22:55,0.204
18/12/2024 23:00,0.192
18/12/2024 23:05,0.2159999999999999
18/12/2024 23:10,0.372
18/12/2024 23:15,0.288
18/12/2024 23:20,0.252
18/12/2024 23:25,0.204
18/12/2024 23:30,0.192
18/12/2024 23:35,0.204
18/12/2024 23:40,0.204
18/12/2024 23:45,0.264
18/12/2024 23:50,0.324
18/12/2024 23:55,0.276
19/12/2024 0:00,0.2279999999999999
19/12/2024 0:05,0.156
19/12/2024 0:10,0.156
19/12/2024 0:15,0.156
19/12/2024 0:20,0.18
19/12/2024 0:25,0.24
19/12/2024 0:30,0.288
19/12/2024 0:35,0.276
19/12/2024 0:40,0.264
19/12/2024 0:45,0.192
19/12/2024 0:50,0.18
19/12/2024 0:55,0.192
19/12/2024 1:00,0.276
19/12/2024 1:05,0.192
19/12/2024 1:10,0.276
19/12/2024 1:15,0.276
19/12/2024 1:20,0.24
19/12/2024 1:25,0.192
19/12/2024 1:30,0.18
19/12/2024 1:35,0.24
19/12/2024 1:40,0.2159999999999999
19/12/2024 1:45,0.192
19/12/2024 1:50,0.276
19/12/2024 1:55,0.276
19/12/2024 2:00,0.24
19/12/2024 2:05,0.192
19/12/2024 2:10,0.192
19/12/2024 2:15,0.264
19/12/2024 2:20,0.18
19/12/2024 2:25,0.192
19/12/2024 2:30,0.276
19/12/2024 2:35,0.276
19/12/2024 2:40,0.264
19/12/2024 2:45,0.192
19/12/2024 2:50,0.2279999999999999
19/12/2024 2:55,0.2279999999999999
19/12/2024 3:00,0.192
19/12/2024 3:05,0.156
19/12/2024 3:10,0.2279999999999999
19/12/2024 3:15,0.24
19/12/2024 3:20,0.2279999999999999
19/12/2024 3:25,0.18
19/12/2024 3:30,0.24
19/12/2024 3:35,0.192
19/12/2024 3:40,0.204
19/12/2024 3:45,0.192
19/12/2024 3:50,0.252
19/12/2024 3:55,0.276
19/12/2024 4:00,0.264
19/12/2024 4:05,0.2279999999999999
19/12/2024 4:10,0.24
19/12/2024 4:15,0.18
19/12/2024 4:20,0.204
19/12/2024 4:25,0.324
19/12/2024 4:30,0.384
19/12/2024 4:35,0.408
19/12/2024 4:40,0.408
19/12/2024 4:45,0.408
19/12/2024 4:50,0.312
19/12/2024 4:55,0.312
19/12/2024 5:00,0.264
19/12/2024 5:05,1.824
19/12/2024 5:10,0.528
19/12/2024 5:15,0.6960000000000001
19/12/2024 5:20,0.492
19/12/2024 5:25,0.324
19/12/2024 5:30,0.24
19/12/2024 5:35,0.24
19/12/2024 5:40,0.204
19/12/2024 5:45,0.684
19/12/2024 5:50,0.492
19/12/2024 5:55,0.096
19/12/2024 6:00,0.396
19/12/2024 6:05,0.084
19/12/2024 6:10,0.0
19/12/2024 6:15,0.0
19/12/2024 6:20,0.0
19/12/2024 6:25,0.0
19/12/2024 6:30,0.0
19/12/2024 6:35,0.012
19/12/2024 6:40,0.0
19/12/2024 6:45,0.0
19/12/2024 6:50,0.0
19/12/2024 6:55,0.0
19/12/2024 7:00,0.0
19/12/2024 7:05,0.0
19/12/2024 7:10,0.0
19/12/2024 7:15,0.0
19/12/2024 7:20,0.0
19/12/2024 7:25,0.0
19/12/2024 7:30,0.0
19/12/2024 7:35,0.0
19/12/2024 7:40,0.0
19/12/2024 7:45,0.0
19/12/2024 7:50,0.0
19/12/2024 7:55,0.0
19/12/2024 8:00,0.0
19/12/2024 8:05,0.0
19/12/2024 8:10,0.0
19/12/2024 8:15,0.0
19/12/2024 8:20,0.0
19/12/2024 8:25,0.0
19/12/2024 8:30,0.0
19/12/2024 8:35,0.0
19/12/2024 8:40,0.0
19/12/2024 8:45,0.0
19/12/2024 8:50,0.0
19/12/2024 8:55,0.0
19/12/2024 9:00,0.0
19/12/2024 9:05,0.0
19/12/2024 9:10,0.0
19/12/2024 9:15,0.0
19/12/2024 9:20,0.0
19/12/2024 9:25,0.0
19/12/2024 9:30,0.0
19/12/2024 9:35,0.0
19/12/2024 9:40,0.0
19/12/2024 9:45,0.0
19/12/2024 9:50,0.0
19/12/2024 9:55,0.0
19/12/2024 10:00,0.0
19/12/2024 10:05,0.0
19/12/2024 10:10,0.0
19/12/2024 10:15,0.0
19/12/2024 10:20,0.0
19/12/2024 10:25,0.0
19/12/2024 10:30,0.0
19/12/2024 10:35,0.0
19/12/2024 10:40,0.0
19/12/2024 10:45,0.0
19/12/2024 10:50,0.0
19/12/2024 10:55,0.0
19/12/2024 11:00,0.0
19/12/2024 11:05,0.0
19/12/2024 11:10,0.0
19/12/2024 11:15,0.0
19/12/2024 11:20,0.0
19/12/2024 11:25,0.0
19/12/2024 11:30,0.0
19/12/2024 11:35,0.0
19/12/2024 11:40,0.0
19/12/2024 11:45,0.0
19/12/2024 11:50,0.0
19/12/2024 11:55,0.0
19/12/2024 12:00,0.0
19/12/2024 12:05,0.0
19/12/2024 12:10,0.0
19/12/2024 12:15,0.0
19/12/2024 12:20,0.0
19/12/2024 12:25,0.0
19/12/2024 12:30,0.0
19/12/2024 12:35,0.0
19/12/2024 12:40,0.0
19/12/2024 12:45,0.0
19/12/2024 12:50,0.0
19/12/2024 12:55,0.0
19/12/2024 13:00,0.0
19/12/2024 13:05,0.0
19/12/2024 13:10,0.0
19/12/2024 13:15,0.0
19/12/2024 13:20,0.0
19/12/2024 13:25,0.0
19/12/2024 13:30,0.0
19/12/2024 13:35,0.0
19/12/2024 13:40,0.0
19/12/2024 13:45,0.0
19/12/2024 13:50,0.0
19/12/2024 13:55,0.0
19/12/2024 14:00,0.0
19/12/2024 14:05,0.0
19/12/2024 14:10,0.0
19/12/2024 14:15,0.0
19/12/2024 14:20,0.0
19/12/2024 14:25,0.0
19/12/2024 14:30,0.0
19/12/2024 14:35,0.0
19/12/2024 14:40,0.0
19/12/2024 14:45,0.0
19/12/2024 14:50,0.0
19/12/2024 14:55,0.0
19/12/2024 15:00,0.0
19/12/2024 15:05,0.0
19/12/2024 15:10,0.0
19/12/2024 15:15,0.0
19/12/2024 15:20,0.0
19/12/2024 15:25,0.0
19/12/2024 15:30,0.0
19/12/2024 15:35,0.0
19/12/2024 15:40,0.0
19/12/2024 15:45,0.0
19/12/2024 15:50,0.0
19/12/2024 15:55,0.0
19/12/2024 16:00,0.4679999999999999
19/12/2024 16:05,0.48
19/12/2024 16:10,0.12
19/12/2024 16:15,0.0
19/12/2024 16:20,0.0
19/12/2024 16:25,0.0
19/12/2024 16:30,0.0
19/12/2024 16:35,0.0
19/12/2024 16:40,0.4439999999999999
19/12/2024 16:45,0.0
19/12/2024 16:50,0.1079999999999999
19/12/2024 16:55,0.396
19/12/2024 17:00,0.372
19/12/2024 17:05,0.504
19/12/2024 17:10,0.78
19/12/2024 17:15,0.324
19/12/2024 17:20,0.06
19/12/2024 17:25,0.0
19/12/2024 17:30,0.0
19/12/2024 17:35,0.024
19/12/2024 17:40,0.084
19/12/2024 17:45,0.132
19/12/2024 17:50,0.084
19/12/2024 17:55,0.036
19/12/2024 18:00,0.1079999999999999
19/12/2024 18:05,0.048
19/12/2024 18:10,0.24
19/12/2024 18:15,0.24
19/12/2024 18:20,0.3
19/12/2024 18:25,0.336
19/12/2024 18:30,0.324
19/12/2024 18:35,0.348
19/12/2024 18:40,0.384
19/12/2024 18:45,0.4439999999999999
19/12/2024 18:50,0.42
19/12/2024 18:55,0.516
19/12/2024 19:00,0.552
19/12/2024 19:05,0.54
19/12/2024 19:10,0.4679999999999999
19/12/2024 19:15,0.552
19/12/2024 19:20,0.516
19/12/2024 19:25,0.4559999999999999
19/12/2024 19:30,0.4559999999999999
19/12/2024 19:35,0.672
19/12/2024 19:40,2.388
19/12/2024 19:45,1.152
19/12/2024 19:50,1.152
19/12/2024 19:55,1.668
19/12/2024 20:00,2.508
19/12/2024 20:05,1.104
19/12/2024 20:10,1.092
19/12/2024 20:15,1.116
19/12/2024 20:20,0.624
19/12/2024 20:25,1.5
19/12/2024 20:30,2.652
19/12/2024 20:35,2.04
19/12/2024 20:40,0.4679999999999999
19/12/2024 20:45,0.4679999999999999
19/12/2024 20:50,0.492
19/12/2024 20:55,0.624
19/12/2024 21:00,0.384
19/12/2024 21:05,0.372
19/12/2024 21:10,0.276
19/12/2024 21:15,0.54
19/12/2024 21:20,2.448
19/12/2024 21:25,1.812
19/12/2024 21:30,0.312
19/12/2024 21:35,0.3
19/12/2024 21:40,0.3
19/12/2024 21:45,0.24
19/12/2024 21:50,0.204
19/12/2024 21:55,0.192
19/12/2024 22:00,0.252
19/12/2024 22:05,0.24
19/12/2024 22:10,0.252
19/12/2024 22:15,0.276
19/12/2024 22:20,0.288
19/12/2024 22:25,0.2159999999999999
19/12/2024 22:30,0.192
19/12/2024 22:35,0.276
19/12/2024 22:40,0.192
19/12/2024 22:45,0.18
19/12/2024 22:50,0.252
19/12/2024 22:55,0.276
19/12/2024 23:00,0.276
19/12/2024 23:05,0.204
19/12/2024 23:10,0.264
19/12/2024 23:15,0.192
19/12/2024 23:20,0.18
19/12/2024 23:25,0.192
19/12/2024 23:30,0.252
19/12/2024 23:35,0.276
19/12/2024 23:40,0.288
19/12/2024 23:45,0.252
19/12/2024 23:50,0.192
19/12/2024 23:55,0.18
20/12/2024 0:00,0.192
20/12/2024 0:05,0.18
20/12/2024 0:10,0.276
20/12/2024 0:15,0.348
20/12/2024 0:20,0.264
20/12/2024 0:25,0.192
20/12/2024 0:30,0.18
20/12/2024 0:35,0.192
20/12/2024 0:40,0.18
20/12/2024 0:45,0.192
20/12/2024 0:50,0.348
20/12/2024 0:55,0.276
20/12/2024 1:00,0.252
20/12/2024 1:05,0.204
20/12/2024 1:10,0.18
20/12/2024 1:15,0.192
20/12/2024 1:20,0.18
20/12/2024 1:25,0.252
20/12/2024 1:30,0.3
20/12/2024 1:35,0.276
20/12/2024 1:40,0.252
20/12/2024 1:45,0.192
20/12/2024 1:50,0.192
20/12/2024 1:55,0.2279999999999999
20/12/2024 2:00,0.2279999999999999
20/12/2024 2:05,0.192
20/12/2024 2:10,0.276
20/12/2024 2:15,0.264
20/12/2024 2:20,0.2159999999999999
20/12/2024 2:25,0.156
20/12/2024 2:30,0.168
20/12/2024 2:35,0.2279999999999999
20/12/2024 2:40,0.156
20/12/2024 2:45,0.18
20/12/2024 2:50,0.288
20/12/2024 2:55,0.276
20/12/2024 3:00,0.264
20/12/2024 3:05,0.192
20/12/2024 3:10,0.264
20/12/2024 3:15,0.192
20/12/2024 3:20,0.18
20/12/2024 3:25,0.192
20/12/2024 3:30,0.276
20/12/2024 3:35,0.264
20/12/2024 3:40,0.288
20/12/2024 3:45,0.4319999999999999
20/12/2024 3:50,0.504
20/12/2024 3:55,0.4439999999999999
20/12/2024 4:00,0.384
20/12/2024 4:05,0.336
20/12/2024 4:10,0.408
20/12/2024 4:15,0.396
20/12/2024 4:20,0.396
20/12/2024 4:25,0.4439999999999999
20/12/2024 4:30,0.42
20/12/2024 4:35,0.324
20/12/2024 4:40,0.264
20/12/2024 4:45,0.276
20/12/2024 4:50,0.264
20/12/2024 4:55,0.3
20/12/2024 5:00,0.348
20/12/2024 5:05,2.076
20/12/2024 5:10,0.72
20/12/2024 5:15,0.624
20/12/2024 5:20,0.708
20/12/2024 5:25,0.156
20/12/2024 5:30,0.192
20/12/2024 5:35,0.192
20/12/2024 5:40,0.2159999999999999
20/12/2024 5:45,0.096
20/12/2024 5:50,0.036
20/12/2024 5:55,0.276
20/12/2024 6:00,0.42
20/12/2024 6:05,0.36
20/12/2024 6:10,0.312
20/12/2024 6:15,0.2279999999999999
20/12/2024 6:20,0.1079999999999999
20/12/2024 6:25,0.0
20/12/2024 6:30,0.0
20/12/2024 6:35,0.0
20/12/2024 6:40,0.0
20/12/2024 6:45,0.012
20/12/2024 6:50,0.0
20/12/2024 6:55,0.024
20/12/2024 7:00,0.0
20/12/2024 7:05,0.0
20/12/2024 7:10,0.0
20/12/2024 7:15,0.0
20/12/2024 7:20,0.0
20/12/2024 7:25,0.0
20/12/2024 7:30,0.0
20/12/2024 7:35,0.0
20/12/2024 7:40,0.0
20/12/2024 7:45,0.0
20/12/2024 7:50,0.0
20/12/2024 7:55,0.0
20/12/2024 8:00,0.0
20/12/2024 8:05,0.0
20/12/2024 8:10,0.0
20/12/2024 8:15,0.0
20/12/2024 8:20,0.0
20/12/2024 8:25,0.0
20/12/2024 8:30,0.0
20/12/2024 8:35,0.0
20/12/2024 8:40,0.0
20/12/2024 8:45,0.0
20/12/2024 8:50,0.0
20/12/2024 8:55,0.0
20/12/2024 9:00,0.0
20/12/2024 9:05,0.0
20/12/2024 9:10,0.0
20/12/2024 9:15,0.0
20/12/2024 9:20,0.0
20/12/2024 9:25,0.156
20/12/2024 9:30,0.8519999999999999
20/12/2024 9:35,0.2159999999999999
20/12/2024 9:40,0.0
20/12/2024 9:45,1.152
20/12/2024 9:50,0.348
20/12/2024 9:55,0.0
20/12/2024 10:00,1.284
20/12/2024 10:05,0.276
20/12/2024 10:10,0.024
20/12/2024 10:15,0.0
20/12/2024 10:20,0.0
20/12/2024 10:25,0.0
20/12/2024 10:30,0.0
20/12/2024 10:35,0.156
20/12/2024 10:40,0.0
20/12/2024 10:45,0.096
20/12/2024 10:50,0.0
20/12/2024 10:55,0.12
20/12/2024 11:00,0.204
20/12/2024 11:05,0.0
20/12/2024 11:10,0.024
20/12/2024 11:15,0.036
20/12/2024 11:20,0.0
20/12/2024 11:25,0.0
20/12/2024 11:30,0.0
20/12/2024 11:35,0.0
20/12/2024 11:40,0.0
20/12/2024 11:45,0.0
20/12/2024 11:50,0.0
20/12/2024 11:55,0.0
20/12/2024 12:00,0.0
20/12/2024 12:05,0.0
20/12/2024 12:10,0.0
20/12/2024 12:15,0.0
20/12/2024 12:20,0.0
20/12/2024 12:25,0.0
20/12/2024 12:30,0.0
20/12/2024 12:35,0.0
20/12/2024 12:40,0.0
20/12/2024 12:45,0.0
20/12/2024 12:50,0.0
20/12/2024 12:55,0.0
20/12/2024 13:00,0.0
20/12/2024 13:05,0.0
20/12/2024 13:10,0.0
20/12/2024 13:15,0.0
20/12/2024 13:20,0.0
20/12/2024 13:25,0.0
20/12/2024 13:30,0.0
20/12/2024 13:35,0.0
20/12/2024 13:40,0.0
20/12/2024 13:45,0.0
20/12/2024 13:50,0.0
20/12/2024 13:55,0.0
20/12/2024 14:00,0.0
20/12/2024 14:05,0.0
20/12/2024 14:10,0.0
20/12/2024 14:15,0.0
20/12/2024 14:20,0.0
20/12/2024 14:25,0.0
20/12/2024 14:30,0.0
20/12/2024 14:35,0.0
20/12/2024 14:40,0.0
20/12/2024 14:45,0.0
20/12/2024 14:50,0.0
20/12/2024 14:55,0.0
20/12/2024 15:00,0.0
20/12/2024 15:05,0.0
20/12/2024 15:10,0.0
20/12/2024 15:15,0.0
20/12/2024 15:20,0.0
20/12/2024 15:25,0.0
20/12/2024 15:30,0.0
20/12/2024 15:35,0.0
20/12/2024 15:40,0.0
20/12/2024 15:45,0.0
20/12/2024 15:50,0.0
20/12/2024 15:55,0.0
20/12/2024 16:00,0.0
20/12/2024 16:05,0.0
20/12/2024 16:10,0.0
20/12/2024 16:15,0.0
20/12/2024 16:20,0.0
20/12/2024 16:25,0.0
20/12/2024 16:30,0.0
20/12/2024 16:35,0.048
20/12/2024 16:40,0.0
20/12/2024 16:45,0.012
20/12/2024 16:50,0.0
20/12/2024 16:55,0.0
20/12/2024 17:00,0.0
20/12/2024 17:05,0.0
20/12/2024 17:10,0.0
20/12/2024 17:15,0.0
20/12/2024 17:20,0.0
20/12/2024 17:25,0.0
20/12/2024 17:30,0.0
20/12/2024 17:35,0.0
20/12/2024 17:40,0.024
20/12/2024 17:45,0.06
20/12/2024 17:50,0.192
20/12/2024 17:55,0.4319999999999999
20/12/2024 18:00,1.128
20/12/2024 18:05,1.32
20/12/2024 18:10,1.464
20/12/2024 18:15,1.392
20/12/2024 18:20,1.248
20/12/2024 18:25,1.332
20/12/2024 18:30,1.524
20/12/2024 18:35,1.7639999999999998
20/12/2024 18:40,1.884
20/12/2024 18:45,1.836
20/12/2024 18:50,1.848
20/12/2024 18:55,1.848
20/12/2024 19:00,1.872
20/12/2024 19:05,1.896
20/12/2024 19:10,2.052
20/12/2024 19:15,3.576
20/12/2024 19:20,3.72
20/12/2024 19:25,1.848
20/12/2024 19:30,2.448
20/12/2024 19:35,4.056
20/12/2024 19:40,2.988
20/12/2024 19:45,2.928
20/12/2024 19:50,3.636
20/12/2024 19:55,2.652
20/12/2024 20:00,1.896
20/12/2024 20:05,1.944
20/12/2024 20:10,1.812
20/12/2024 20:15,1.644
20/12/2024 20:20,1.104
20/12/2024 20:25,1.128
20/12/2024 20:30,1.1880000000000002
20/12/2024 20:35,1.272
20/12/2024 20:40,1.248
20/12/2024 20:45,1.224
20/12/2024 20:50,1.08
20/12/2024 20:55,1.092
20/12/2024 21:00,1.152
20/12/2024 21:05,1.152
20/12/2024 21:10,1.1760000000000002
20/12/2024 21:15,1.1880000000000002
20/12/2024 21:20,1.1760000000000002
20/12/2024 21:25,1.116
20/12/2024 21:30,1.08
20/12/2024 21:35,1.392
20/12/2024 21:40,0.288
20/12/2024 21:45,0.312
20/12/2024 21:50,0.4439999999999999
20/12/2024 21:55,0.4559999999999999
20/12/2024 22:00,0.396
20/12/2024 22:05,0.324
20/12/2024 22:10,0.264
20/12/2024 22:15,0.264
20/12/2024 22:20,0.264
20/12/2024 22:25,0.3
20/12/2024 22:30,0.348
20/12/2024 22:35,0.42
20/12/2024 22:40,0.3
20/12/2024 22:45,0.252
20/12/2024 22:50,0.252
20/12/2024 22:55,0.252
20/12/2024 23:00,0.252
20/12/2024 23:05,0.384
20/12/2024 23:10,0.36
20/12/2024 23:15,0.336
20/12/2024 23:20,0.264
20/12/2024 23:25,0.252
20/12/2024 23:30,0.2159999999999999
20/12/2024 23:35,0.252
20/12/2024 23:40,0.288
20/12/2024 23:45,0.312
20/12/2024 23:50,0.312
20/12/2024 23:55,0.3
21/12/2024 0:00,0.2159999999999999
21/12/2024 0:05,0.2159999999999999
21/12/2024 0:10,0.312
21/12/2024 0:15,0.2159999999999999
21/12/2024 0:20,0.24
21/12/2024 0:25,0.336
21/12/2024 0:30,0.3
21/12/2024 0:35,0.276
21/12/2024 0:40,0.276
21/12/2024 0:45,0.2279999999999999
21/12/2024 0:50,0.2159999999999999
21/12/2024 0:55,0.2159999999999999
21/12/2024 1:00,0.252
21/12/2024 1:05,0.3
21/12/2024 1:10,0.324
21/12/2024 1:15,0.3
21/12/2024 1:20,0.2159999999999999
21/12/2024 1:25,0.204
21/12/2024 1:30,0.2159999999999999
21/12/2024 1:35,0.204
21/12/2024 1:40,0.264
21/12/2024 1:45,0.372
21/12/2024 1:50,0.3
21/12/2024 1:55,0.2279999999999999
21/12/2024 2:00,0.2159999999999999
21/12/2024 2:05,0.204
21/12/2024 2:10,0.204
21/12/2024 2:15,0.2279999999999999
21/12/2024 2:20,0.36
21/12/2024 2:25,0.288
21/12/2024 2:30,0.3
21/12/2024 2:35,0.2159999999999999
21/12/2024 2:40,0.204
21/12/2024 2:45,0.2159999999999999
21/12/2024 2:50,0.24
21/12/2024 2:55,0.264
21/12/2024 3:00,0.3
21/12/2024 3:05,0.3
21/12/2024 3:10,0.288
21/12/2024 3:15,0.2159999999999999
21/12/2024 3:20,0.24
21/12/2024 3:25,0.2159999999999999
21/12/2024 3:30,0.18
21/12/2024 3:35,0.168
21/12/2024 3:40,0.264
21/12/2024 3:45,0.264
21/12/2024 3:50,0.276
21/12/2024 3:55,0.264
21/12/2024 4:00,0.264
21/12/2024 4:05,0.2159999999999999
21/12/2024 4:10,0.204
21/12/2024 4:15,0.2279999999999999
21/12/2024 4:20,0.288
21/12/2024 4:25,0.3
21/12/2024 4:30,0.288
21/12/2024 4:35,0.264
21/12/2024 4:40,0.204
21/12/2024 4:45,0.2159999999999999
21/12/2024 4:50,0.204
21/12/2024 4:55,0.192
21/12/2024 5:00,0.252
21/12/2024 5:05,1.968
21/12/2024 5:10,0.756
21/12/2024 5:15,0.756
21/12/2024 5:20,0.348
21/12/2024 5:25,0.096
21/12/2024 5:30,0.084
21/12/2024 5:35,0.096
21/12/2024 5:40,0.144
21/12/2024 5:45,0.168
21/12/2024 5:50,0.024
21/12/2024 5:55,0.0
21/12/2024 6:00,0.0
21/12/2024 6:05,0.0
21/12/2024 6:10,0.0
21/12/2024 6:15,0.048
21/12/2024 6:20,1.272
21/12/2024 6:25,0.0
21/12/2024 6:30,0.0
21/12/2024 6:35,0.0
21/12/2024 6:40,0.0
21/12/2024 6:45,0.0
21/12/2024 6:50,0.0
21/12/2024 6:55,0.0
21/12/2024 7:00,0.0
21/12/2024 7:05,0.0
21/12/2024 7:10,0.0
21/12/2024 7:15,0.0
21/12/2024 7:20,0.0
21/12/2024 7:25,0.0
21/12/2024 7:30,0.0
21/12/2024 7:35,0.0
21/12/2024 7:40,0.0
21/12/2024 7:45,0.0
21/12/2024 7:50,0.0
21/12/2024 7:55,0.0
21/12/2024 8:00,0.0
21/12/2024 8:05,0.0
21/12/2024 8:10,0.0
21/12/2024 8:15,0.0
21/12/2024 8:20,0.0
21/12/2024 8:25,0.0
21/12/2024 8:30,0.0
21/12/2024 8:35,0.0
21/12/2024 8:40,0.0
21/12/2024 8:45,0.0
21/12/2024 8:50,0.0
21/12/2024 8:55,0.0
21/12/2024 9:00,0.0
21/12/2024 9:05,0.0
21/12/2024 9:10,0.0
21/12/2024 9:15,0.0
21/12/2024 9:20,0.0
21/12/2024 9:25,0.0
21/12/2024 9:30,0.0
21/12/2024 9:35,0.0
21/12/2024 9:40,0.0
21/12/2024 9:45,0.0
21/12/2024 9:50,0.0
21/12/2024 9:55,0.0
21/12/2024 10:00,0.0
21/12/2024 10:05,0.0
21/12/2024 10:10,0.012
21/12/2024 10:15,0.0
21/12/2024 10:20,0.06
21/12/2024 10:25,0.264
21/12/2024 10:30,0.348
21/12/2024 10:35,0.144
21/12/2024 10:40,0.18
21/12/2024 10:45,0.156
21/12/2024 10:50,0.072
21/12/2024 10:55,0.288
21/12/2024 11:00,0.12
21/12/2024 11:05,0.24
21/12/2024 11:10,0.312
21/12/2024 11:15,0.204
21/12/2024 11:20,0.252
21/12/2024 11:25,0.3
21/12/2024 11:30,0.2279999999999999
21/12/2024 11:35,0.12
21/12/2024 11:40,0.012
21/12/2024 11:45,0.972
21/12/2024 11:50,1.428
21/12/2024 11:55,0.2159999999999999
21/12/2024 12:00,1.272
21/12/2024 12:05,0.66
21/12/2024 12:10,0.0
21/12/2024 12:15,0.0
21/12/2024 12:20,0.012
21/12/2024 12:25,0.0
21/12/2024 12:30,0.0
21/12/2024 12:35,0.0
21/12/2024 12:40,0.0
21/12/2024 12:45,0.012
21/12/2024 12:50,0.144
21/12/2024 12:55,2.16
21/12/2024 13:00,0.996
21/12/2024 13:05,0.012
21/12/2024 13:10,1.356
21/12/2024 13:15,1.848
21/12/2024 13:20,1.404
21/12/2024 13:25,1.1880000000000002
21/12/2024 13:30,1.38
21/12/2024 13:35,0.984
21/12/2024 13:40,0.132
21/12/2024 13:45,0.18
21/12/2024 13:50,0.5640000000000001
21/12/2024 13:55,0.3
21/12/2024 14:00,0.372
21/12/2024 14:05,0.324
21/12/2024 14:10,0.36
21/12/2024 14:15,0.4319999999999999
21/12/2024 14:20,1.248
21/12/2024 14:25,2.148
21/12/2024 14:30,0.66
21/12/2024 14:35,0.792
21/12/2024 14:40,2.76
21/12/2024 14:45,1.92
21/12/2024 14:50,1.896
21/12/2024 14:55,3.024
21/12/2024 15:00,0.18
21/12/2024 15:05,0.0
21/12/2024 15:10,0.0
21/12/2024 15:15,0.0
21/12/2024 15:20,0.0
21/12/2024 15:25,0.0
21/12/2024 15:30,0.0
21/12/2024 15:35,0.0
21/12/2024 15:40,0.0
21/12/2024 15:45,0.0
21/12/2024 15:50,0.0
21/12/2024 15:55,0.0
21/12/2024 16:00,0.0
21/12/2024 16:05,0.0
21/12/2024 16:10,0.0
21/12/2024 16:15,0.0
21/12/2024 16:20,0.0
21/12/2024 16:25,0.0
21/12/2024 16:30,0.0
21/12/2024 16:35,0.0
21/12/2024 16:40,0.204
21/12/2024 16:45,0.1079999999999999
21/12/2024 16:50,0.0
21/12/2024 16:55,0.0
21/12/2024 17:00,0.0
21/12/2024 17:05,0.0
21/12/2024 17:10,0.0
21/12/2024 17:15,0.0
21/12/2024 17:20,0.0
21/12/2024 17:25,0.0
21/12/2024 17:30,0.0
21/12/2024 17:35,0.0
21/12/2024 17:40,0.012
21/12/2024 17:45,0.0
21/12/2024 17:50,0.0
21/12/2024 17:55,0.036
21/12/2024 18:00,0.048
21/12/2024 18:05,0.192
21/12/2024 18:10,0.372
21/12/2024 18:15,0.324
21/12/2024 18:20,0.6000000000000001
21/12/2024 18:25,1.02
21/12/2024 18:30,0.8999999999999999
21/12/2024 18:35,0.372
21/12/2024 18:40,0.48
21/12/2024 18:45,0.6000000000000001
21/12/2024 18:50,0.5760000000000001
21/12/2024 18:55,0.528
21/12/2024 19:00,0.648
21/12/2024 19:05,0.5760000000000001
21/12/2024 19:10,0.5880000000000001
21/12/2024 19:15,0.66
21/12/2024 19:20,0.624
21/12/2024 19:25,0.5760000000000001
21/12/2024 19:30,0.5760000000000001
21/12/2024 19:35,0.66
21/12/2024 19:40,0.5760000000000001
21/12/2024 19:45,0.54
21/12/2024 19:50,1.404
21/12/2024 19:55,2.664
21/12/2024 20:00,0.612
21/12/2024 20:05,0.672
21/12/2024 20:10,2.7840000000000003
21/12/2024 20:15,1.7879999999999998
21/12/2024 20:20,2.064
21/12/2024 20:25,2.58
21/12/2024 20:30,1.044
21/12/2024 20:35,1.416
21/12/2024 20:40,0.624
21/12/2024 20:45,0.528
21/12/2024 20:50,0.504
21/12/2024 20:55,0.5760000000000001
21/12/2024 21:00,0.552
21/12/2024 21:05,0.516
21/12/2024 21:10,0.528
21/12/2024 21:15,0.5760000000000001
21/12/2024 21:20,0.516
21/12/2024 21:25,0.252
21/12/2024 21:30,0.336
21/12/2024 21:35,0.3
21/12/2024 21:40,0.264
21/12/2024 21:45,0.384
21/12/2024 21:50,0.324
21/12/2024 21:55,0.264
21/12/2024 22:00,0.24
21/12/2024 22:05,0.312
21/12/2024 22:10,0.288
21/12/2024 22:15,0.264
21/12/2024 22:20,0.3
21/12/2024 22:25,0.264
21/12/2024 22:30,0.2159999999999999
21/12/2024 22:35,0.264
21/12/2024 22:40,0.36
21/12/2024 22:45,0.252
21/12/2024 22:50,0.2279999999999999
21/12/2024 22:55,0.3
21/12/2024 23:00,0.2279999999999999
21/12/2024 23:05,0.2159999999999999
21/12/2024 23:10,0.348
21/12/2024 23:15,0.276
21/12/2024 23:20,0.204
21/12/2024 23:25,0.252
21/12/2024 23:30,0.288
21/12/2024 23:35,0.204
21/12/2024 23:40,0.252
21/12/2024 23:45,0.3
21/12/2024 23:50,0.4559999999999999
21/12/2024 23:55,0.42
22/12/2024 0:00,0.48
22/12/2024 0:05,0.48
22/12/2024 0:10,0.4319999999999999
22/12/2024 0:15,0.204
22/12/2024 0:20,0.336
22/12/2024 0:25,0.24
22/12/2024 0:30,0.252
22/12/2024 0:35,0.324
22/12/2024 0:40,0.348
22/12/2024 0:45,0.252
22/12/2024 0:50,0.288
22/12/2024 0:55,0.3
22/12/2024 1:00,0.2279999999999999
22/12/2024 1:05,0.252
22/12/2024 1:10,0.384
22/12/2024 1:15,0.264
22/12/2024 1:20,0.24
22/12/2024 1:25,0.3
22/12/2024 1:30,0.264
22/12/2024 1:35,0.2279999999999999
22/12/2024 1:40,0.312
22/12/2024 1:45,0.324
22/12/2024 1:50,0.2279999999999999
22/12/2024 1:55,0.2159999999999999
22/12/2024 2:00,0.3
22/12/2024 2:05,0.24
22/12/2024 2:10,0.252
22/12/2024 2:15,0.312
22/12/2024 2:20,0.276
22/12/2024 2:25,0.204
22/12/2024 2:30,0.24
22/12/2024 2:35,0.288
22/12/2024 2:40,0.2279999999999999
22/12/2024 2:45,0.288
22/12/2024 2:50,0.276
22/12/2024 2:55,0.24
22/12/2024 3:00,0.2159999999999999
22/12/2024 3:05,0.24
22/12/2024 3:10,0.276
22/12/2024 3:15,0.3
22/12/2024 3:20,0.2159999999999999
22/12/2024 3:25,0.288
22/12/2024 3:30,0.2159999999999999
22/12/2024 3:35,0.204
22/12/2024 3:40,0.264
22/12/2024 3:45,0.324
22/12/2024 3:50,0.2159999999999999
22/12/2024 3:55,0.2279999999999999
22/12/2024 4:00,0.288
22/12/2024 4:05,0.204
22/12/2024 4:10,0.192
22/12/2024 4:15,0.312
22/12/2024 4:20,0.288
22/12/2024 4:25,0.204
22/12/2024 4:30,0.24
22/12/2024 4:35,0.276
22/12/2024 4:40,0.192
22/12/2024 4:45,0.2159999999999999
22/12/2024 4:50,0.36
22/12/2024 4:55,0.2279999999999999
22/12/2024 5:00,0.204
22/12/2024 5:05,1.7759999999999998
22/12/2024 5:10,0.528
22/12/2024 5:15,0.36
22/12/2024 5:20,0.3
22/12/2024 5:25,0.372
22/12/2024 5:30,0.12
22/12/2024 5:35,0.096
22/12/2024 5:40,0.408
22/12/2024 5:45,0.012
22/12/2024 5:50,0.0
22/12/2024 5:55,0.06
22/12/2024 6:00,0.048
22/12/2024 6:05,0.0
22/12/2024 6:10,0.0
22/12/2024 6:15,0.0
22/12/2024 6:20,0.0
22/12/2024 6:25,0.3
22/12/2024 6:30,0.372
22/12/2024 6:35,0.0
22/12/2024 6:40,0.0
22/12/2024 6:45,0.0
22/12/2024 6:50,0.0
22/12/2024 6:55,0.0
22/12/2024 7:00,0.0
22/12/2024 7:05,0.0
22/12/2024 7:10,0.0
22/12/2024 7:15,0.024
22/12/2024 7:20,0.0
22/12/2024 7:25,0.0
22/12/2024 7:30,0.0
22/12/2024 7:35,0.0
22/12/2024 7:40,0.0
22/12/2024 7:45,0.5760000000000001
22/12/2024 7:50,0.1079999999999999
22/12/2024 7:55,0.0
22/12/2024 8:00,0.168
22/12/2024 8:05,0.168
22/12/2024 8:10,0.06
22/12/2024 8:15,0.2159999999999999
22/12/2024 8:20,0.192
22/12/2024 8:25,0.012
22/12/2024 8:30,0.024
22/12/2024 8:35,0.024
22/12/2024 8:40,0.072
22/12/2024 8:45,0.012
22/12/2024 8:50,0.024
22/12/2024 8:55,0.012
22/12/2024 9:00,0.072
22/12/2024 9:05,0.252
22/12/2024 9:10,0.072
22/12/2024 9:15,1.164
22/12/2024 9:20,2.148
22/12/2024 9:25,1.056
22/12/2024 9:30,0.648
22/12/2024 9:35,0.276
22/12/2024 9:40,0.252
22/12/2024 9:45,0.0
22/12/2024 9:50,0.0
22/12/2024 9:55,0.336
22/12/2024 10:00,0.06
22/12/2024 10:05,0.1079999999999999
22/12/2024 10:10,0.0
22/12/2024 10:15,0.0
22/12/2024 10:20,0.168
22/12/2024 10:25,0.156
22/12/2024 10:30,0.06
22/12/2024 10:35,0.8999999999999999
22/12/2024 10:40,2.496
22/12/2024 10:45,2.364
22/12/2024 10:50,3.42
22/12/2024 10:55,3.492
22/12/2024 11:00,3.396
22/12/2024 11:05,3.048
22/12/2024 11:10,3.084
22/12/2024 11:15,2.856
22/12/2024 11:20,2.088
22/12/2024 11:25,0.96
22/12/2024 11:30,0.0
22/12/2024 11:35,0.06
22/12/2024 11:40,0.624
22/12/2024 11:45,0.4679999999999999
22/12/2024 11:50,0.636
22/12/2024 11:55,0.012
22/12/2024 12:00,0.048
22/12/2024 12:05,0.36
22/12/2024 12:10,0.396
22/12/2024 12:15,0.5760000000000001
22/12/2024 12:20,0.732
22/12/2024 12:25,0.408
22/12/2024 12:30,0.5880000000000001
22/12/2024 12:35,0.6000000000000001
22/12/2024 12:40,0.4319999999999999
22/12/2024 12:45,0.324
22/12/2024 12:50,0.288
22/12/2024 12:55,0.276
22/12/2024 13:00,0.252
22/12/2024 13:05,0.372
22/12/2024 13:10,0.5640000000000001
22/12/2024 13:15,0.324
22/12/2024 13:20,0.288
22/12/2024 13:25,0.768
22/12/2024 13:30,0.636
22/12/2024 13:35,1.884
22/12/2024 13:40,0.0
22/12/2024 13:45,0.0
22/12/2024 13:50,0.0
22/12/2024 13:55,0.0
22/12/2024 14:00,0.0
22/12/2024 14:05,0.0
22/12/2024 14:10,0.0
22/12/2024 14:15,0.0
22/12/2024 14:20,0.0
22/12/2024 14:25,0.0
22/12/2024 14:30,0.0
22/12/2024 14:35,0.0
22/12/2024 14:40,0.0
22/12/2024 14:45,0.0
22/12/2024 14:50,0.0
22/12/2024 14:55,0.0
22/12/2024 15:00,0.0
22/12/2024 15:05,0.0
22/12/2024 15:10,0.0
22/12/2024 15:15,0.0
22/12/2024 15:20,0.0
22/12/2024 15:25,0.0
22/12/2024 15:30,0.0
22/12/2024 15:35,0.0
22/12/2024 15:40,0.0
22/12/2024 15:45,0.0
22/12/2024 15:50,0.0
22/12/2024 15:55,0.0
22/12/2024 16:00,0.0
22/12/2024 16:05,0.0
22/12/2024 16:10,0.0
22/12/2024 16:15,0.0
22/12/2024 16:20,0.0
22/12/2024 16:25,0.0
22/12/2024 16:30,0.0
22/12/2024 16:35,0.0
22/12/2024 16:40,0.0
22/12/2024 16:45,0.0
22/12/2024 16:50,0.0
22/12/2024 16:55,0.0
22/12/2024 17:00,0.0
22/12/2024 17:05,0.0
22/12/2024 17:10,0.0
22/12/2024 17:15,0.0
22/12/2024 17:20,1.1760000000000002
22/12/2024 17:25,3.18
22/12/2024 17:30,3.648
22/12/2024 17:35,3.984
22/12/2024 17:40,3.984
22/12/2024 17:45,4.188
22/12/2024 17:50,4.284
22/12/2024 17:55,4.308
22/12/2024 18:00,4.968
22/12/2024 18:05,5.256
22/12/2024 18:10,5.352
22/12/2024 18:15,5.316
22/12/2024 18:20,5.328
22/12/2024 18:25,5.436
22/12/2024 18:30,5.484
22/12/2024 18:35,5.892
22/12/2024 18:40,5.795999999999999
22/12/2024 18:45,5.5200000000000005
22/12/2024 18:50,5.64
22/12/2024 18:55,5.5920000000000005
22/12/2024 19:00,5.412
22/12/2024 19:05,5.472
22/12/2024 19:10,5.6160000000000005
22/12/2024 19:15,5.472
22/12/2024 19:20,3.3000000000000003
22/12/2024 19:25,1.068
22/12/2024 19:30,1.152
22/12/2024 19:35,1.008
22/12/2024 19:40,1.032
22/12/2024 19:45,1.08
22/12/2024 19:50,1.056
22/12/2024 19:55,1.08
22/12/2024 20:00,1.1760000000000002
22/12/2024 20:05,1.068
22/12/2024 20:10,1.068
22/12/2024 20:15,1.152
22/12/2024 20:20,1.092
22/12/2024 20:25,0.648
22/12/2024 20:30,0.4679999999999999
22/12/2024 20:35,0.612
22/12/2024 20:40,0.516
22/12/2024 20:45,0.528
22/12/2024 20:50,0.5880000000000001
22/12/2024 20:55,0.5880000000000001
22/12/2024 21:00,0.504
22/12/2024 21:05,0.6000000000000001
22/12/2024 21:10,0.54
22/12/2024 21:15,0.54
22/12/2024 21:20,0.5880000000000001
22/12/2024 21:25,0.552
22/12/2024 21:30,0.492
22/12/2024 21:35,0.5760000000000001
22/12/2024 21:40,0.624
22/12/2024 21:45,0.48
22/12/2024 21:50,0.504
22/12/2024 21:55,0.5760000000000001
22/12/2024 22:00,0.5640000000000001
22/12/2024 22:05,0.492
22/12/2024 22:10,0.528
22/12/2024 22:15,0.276
22/12/2024 22:20,0.312
22/12/2024 22:25,0.288
22/12/2024 22:30,0.264
22/12/2024 22:35,0.204
22/12/2024 22:40,0.264
22/12/2024 22:45,2.124
22/12/2024 22:50,4.295999999999999
22/12/2024 22:55,4.548
22/12/2024 23:00,4.668
22/12/2024 23:05,4.548
22/12/2024 23:10,4.5
22/12/2024 23:15,4.584
22/12/2024 23:20,4.5
22/12/2024 23:25,4.536
22/12/2024 23:30,4.488
22/12/2024 23:35,4.5
22/12/2024 23:40,4.428
22/12/2024 23:45,2.268
22/12/2024 23:50,0.336
22/12/2024 23:55,0.192
23/12/2024 0:00,0.204
23/12/2024 0:05,0.288
23/12/2024 0:10,0.3
23/12/2024 0:15,0.204
23/12/2024 0:20,0.264
23/12/2024 0:25,0.24
23/12/2024 0:30,0.2159999999999999
23/12/2024 0:35,0.3
23/12/2024 0:40,0.264
23/12/2024 0:45,0.192
23/12/2024 0:50,0.2279999999999999
23/12/2024 0:55,0.348
23/12/2024 1:00,0.2159999999999999
23/12/2024 1:05,0.192
23/12/2024 1:10,0.288
23/12/2024 1:15,0.24
23/12/2024 1:20,0.252
23/12/2024 1:25,0.264
23/12/2024 1:30,0.24
23/12/2024 1:35,0.192
23/12/2024 1:40,0.264
23/12/2024 1:45,0.336
23/12/2024 1:50,0.192
23/12/2024 1:55,0.2159999999999999
23/12/2024 2:00,0.276
23/12/2024 2:05,0.2159999999999999
23/12/2024 2:10,0.264
23/12/2024 2:15,0.264
23/12/2024 2:20,0.24
23/12/2024 2:25,0.192
23/12/2024 2:30,0.288
23/12/2024 2:35,0.288
23/12/2024 2:40,0.192
23/12/2024 2:45,0.2159999999999999
23/12/2024 2:50,0.288
23/12/2024 2:55,0.264
23/12/2024 3:00,0.192
23/12/2024 3:05,0.288
23/12/2024 3:10,0.2159999999999999
23/12/2024 3:15,0.204
23/12/2024 3:20,0.324
23/12/2024 3:25,0.24
23/12/2024 3:30,0.192
23/12/2024 3:35,0.24
23/12/2024 3:40,0.324
23/12/2024 3:45,0.204
23/12/2024 3:50,0.2159999999999999
23/12/2024 3:55,0.276
23/12/2024 4:00,0.204
23/12/2024 4:05,0.252
23/12/2024 4:10,0.288
23/12/2024 4:15,0.2159999999999999
23/12/2024 4:20,0.192
23/12/2024 4:25,0.252
23/12/2024 4:30,0.324
23/12/2024 4:35,0.192
23/12/2024 4:40,0.24
23/12/2024 4:45,0.264
23/12/2024 4:50,0.2279999999999999
23/12/2024 4:55,0.252
23/12/2024 5:00,0.276
23/12/2024 5:05,1.656
23/12/2024 5:10,0.42
23/12/2024 5:15,0.4559999999999999
23/12/2024 5:20,0.264
23/12/2024 5:25,0.192
23/12/2024 5:30,0.2159999999999999
23/12/2024 5:35,0.732
23/12/2024 5:40,0.36
23/12/2024 5:45,0.264
23/12/2024 5:50,0.0
23/12/2024 5:55,0.024
23/12/2024 6:00,0.012
23/12/2024 6:05,0.144
23/12/2024 6:10,0.0
23/12/2024 6:15,0.0
23/12/2024 6:20,0.0
23/12/2024 6:25,0.012
23/12/2024 6:30,0.0
23/12/2024 6:35,0.0
23/12/2024 6:40,0.084
23/12/2024 6:45,0.0
23/12/2024 6:50,0.0
23/12/2024 6:55,0.012
23/12/2024 7:00,0.144
23/12/2024 7:05,0.0
23/12/2024 7:10,0.0
23/12/2024 7:15,0.0
23/12/2024 7:20,0.0
23/12/2024 7:25,0.0
23/12/2024 7:30,0.012
23/12/2024 7:35,0.132
23/12/2024 7:40,0.0
23/12/2024 7:45,0.0
23/12/2024 7:50,0.0
23/12/2024 7:55,0.0
23/12/2024 8:00,0.0
23/12/2024 8:05,0.0
23/12/2024 8:10,0.0
23/12/2024 8:15,0.0
23/12/2024 8:20,0.0
23/12/2024 8:25,0.0
23/12/2024 8:30,0.0
23/12/2024 8:35,0.0
23/12/2024 8:40,0.204
23/12/2024 8:45,1.464
23/12/2024 8:50,3.192
23/12/2024 8:55,5.364
23/12/2024 9:00,2.832
23/12/2024 9:05,1.86
23/12/2024 9:10,4.32
23/12/2024 9:15,2.1
23/12/2024 9:20,2.292
23/12/2024 9:25,2.448
23/12/2024 9:30,3.708
23/12/2024 9:35,1.548
23/12/2024 9:40,1.236
23/12/2024 9:45,2.832
23/12/2024 9:50,1.956
23/12/2024 9:55,3.144
23/12/2024 10:00,2.412
23/12/2024 10:05,0.504
23/12/2024 10:10,0.8999999999999999
23/12/2024 10:15,1.14
23/12/2024 10:20,0.384
23/12/2024 10:25,1.7639999999999998
23/12/2024 10:30,1.56
23/12/2024 10:35,0.756
23/12/2024 10:40,0.4439999999999999
23/12/2024 10:45,0.24
23/12/2024 10:50,0.144
23/12/2024 10:55,0.312
23/12/2024 11:00,0.504
23/12/2024 11:05,0.72
23/12/2024 11:10,0.672
23/12/2024 11:15,0.66
23/12/2024 11:20,0.636
23/12/2024 11:25,1.644
23/12/2024 11:30,1.392
23/12/2024 11:35,1.632
23/12/2024 11:40,0.528
23/12/2024 11:45,0.48
23/12/2024 11:50,0.336
23/12/2024 11:55,0.48
23/12/2024 12:00,0.396
23/12/2024 12:05,0.264
23/12/2024 12:10,0.36
23/12/2024 12:15,0.348
23/12/2024 12:20,0.2159999999999999
23/12/2024 12:25,0.348
23/12/2024 12:30,0.252
23/12/2024 12:35,0.276
23/12/2024 12:40,0.2279999999999999
23/12/2024 12:45,0.204
23/12/2024 12:50,0.084
23/12/2024 12:55,0.0
23/12/2024 13:00,0.0
23/12/2024 13:05,0.0
23/12/2024 13:10,0.0
23/12/2024 13:15,0.0
23/12/2024 13:20,0.024
23/12/2024 13:25,0.012
23/12/2024 13:30,0.0
23/12/2024 13:35,0.0
23/12/2024 13:40,0.0
23/12/2024 13:45,0.012
23/12/2024 13:50,0.0
23/12/2024 13:55,0.0
23/12/2024 14:00,0.012
23/12/2024 14:05,0.0
23/12/2024 14:10,0.0
23/12/2024 14:15,0.0
23/12/2024 14:20,0.0
23/12/2024 14:25,0.0
23/12/2024 14:30,0.0
23/12/2024 14:35,0.0
23/12/2024 14:40,0.0
23/12/2024 14:45,0.0
23/12/2024 14:50,0.0
23/12/2024 14:55,0.0
23/12/2024 15:00,0.0
23/12/2024 15:05,0.0
23/12/2024 15:10,0.0
23/12/2024 15:15,0.0
23/12/2024 15:20,0.0
23/12/2024 15:25,0.0
23/12/2024 15:30,0.0
23/12/2024 15:35,0.0
23/12/2024 15:40,0.0
23/12/2024 15:45,0.0
23/12/2024 15:50,0.0
23/12/2024 15:55,0.0
23/12/2024 16:00,0.0
23/12/2024 16:05,0.0
23/12/2024 16:10,0.0
23/12/2024 16:15,0.0
23/12/2024 16:20,0.0
23/12/2024 16:25,0.0
23/12/2024 16:30,0.0
23/12/2024 16:35,0.0
23/12/2024 16:40,0.0
23/12/2024 16:45,0.0
23/12/2024 16:50,0.3
23/12/2024 16:55,0.324
23/12/2024 17:00,0.0
23/12/2024 17:05,0.204
23/12/2024 17:10,0.8400000000000001
23/12/2024 17:15,0.4559999999999999
23/12/2024 17:20,0.42
23/12/2024 17:25,0.624
23/12/2024 17:30,0.492
23/12/2024 17:35,0.0
23/12/2024 17:40,0.0
23/12/2024 17:45,0.0
23/12/2024 17:50,0.0
23/12/2024 17:55,0.0
23/12/2024 18:00,0.012
23/12/2024 18:05,0.0
23/12/2024 18:10,0.132
23/12/2024 18:15,3.66
23/12/2024 18:20,4.572
23/12/2024 18:25,4.656000000000001
23/12/2024 18:30,4.728
23/12/2024 18:35,4.848000000000001
23/12/2024 18:40,4.62
23/12/2024 18:45,4.656000000000001
23/12/2024 18:50,4.728
23/12/2024 18:55,4.668
23/12/2024 19:00,4.596
23/12/2024 19:05,4.728
23/12/2024 19:10,4.572
23/12/2024 19:15,4.572
23/12/2024 19:20,4.62
23/12/2024 19:25,4.584
23/12/2024 19:30,4.62
23/12/2024 19:35,4.536
23/12/2024 19:40,1.26
23/12/2024 19:45,1.08
23/12/2024 19:50,1.14
23/12/2024 19:55,1.152
23/12/2024 20:00,1.044
23/12/2024 20:05,1.008
23/12/2024 20:10,1.116
23/12/2024 20:15,1.14
23/12/2024 20:20,1.08
23/12/2024 20:25,1.092
23/12/2024 20:30,1.116
23/12/2024 20:35,1.032
23/12/2024 20:40,1.128
23/12/2024 20:45,0.912
23/12/2024 20:50,0.4319999999999999
23/12/2024 20:55,0.396
23/12/2024 21:00,0.372
23/12/2024 21:05,0.288
23/12/2024 21:10,0.252
23/12/2024 21:15,0.288
23/12/2024 21:20,0.252
23/12/2024 21:25,0.2279999999999999
23/12/2024 21:30,0.3
23/12/2024 21:35,0.336
23/12/2024 21:40,0.2159999999999999
23/12/2024 21:45,0.24
23/12/2024 21:50,0.3
23/12/2024 21:55,0.2159999999999999
23/12/2024 22:00,0.276
23/12/2024 22:05,0.3
23/12/2024 22:10,0.2279999999999999
23/12/2024 22:15,0.2159999999999999
23/12/2024 22:20,0.276
23/12/2024 22:25,0.336
23/12/2024 22:30,0.2159999999999999
23/12/2024 22:35,0.252
23/12/2024 22:40,0.264
23/12/2024 22:45,0.2159999999999999
23/12/2024 22:50,0.252
23/12/2024 22:55,0.336
23/12/2024 23:00,0.204
23/12/2024 23:05,0.2159999999999999
23/12/2024 23:10,0.288
23/12/2024 23:15,0.276
23/12/2024 23:20,0.2279999999999999
23/12/2024 23:25,0.264
23/12/2024 23:30,0.252
23/12/2024 23:35,0.204
23/12/2024 23:40,0.312
23/12/2024 23:45,0.276
23/12/2024 23:50,0.204
23/12/2024 23:55,0.204
24/12/2024 0:00,0.288
24/12/2024 0:05,0.2159999999999999
24/12/2024 0:10,0.276
24/12/2024 0:15,0.264
24/12/2024 0:20,0.24
24/12/2024 0:25,0.192
24/12/2024 0:30,0.2279999999999999
24/12/2024 0:35,0.324
24/12/2024 0:40,0.2279999999999999
24/12/2024 0:45,0.2159999999999999
24/12/2024 0:50,0.276
24/12/2024 0:55,0.204
24/12/2024 1:00,0.192
24/12/2024 1:05,0.324
24/12/2024 1:10,0.264
24/12/2024 1:15,0.192
24/12/2024 1:20,0.252
24/12/2024 1:25,0.252
24/12/2024 1:30,0.192
24/12/2024 1:35,0.252
24/12/2024 1:40,0.336
24/12/2024 1:45,0.204
24/12/2024 1:50,0.168
24/12/2024 1:55,0.24
24/12/2024 2:00,0.18
24/12/2024 2:05,0.192
24/12/2024 2:10,0.264
24/12/2024 2:15,0.252
24/12/2024 2:20,0.192
24/12/2024 2:25,0.2279999999999999
24/12/2024 2:30,0.288
24/12/2024 2:35,0.2159999999999999
24/12/2024 2:40,0.264
24/12/2024 2:45,0.288
24/12/2024 2:50,0.2159999999999999
24/12/2024 2:55,0.192
24/12/2024 3:00,0.24
24/12/2024 3:05,0.276
24/12/2024 3:10,0.252
24/12/2024 3:15,0.2159999999999999
24/12/2024 3:20,0.264
24/12/2024 3:25,0.192
24/12/2024 3:30,0.192
24/12/2024 3:35,0.276
24/12/2024 3:40,0.288
24/12/2024 3:45,0.204
24/12/2024 3:50,0.252
24/12/2024 3:55,0.24
24/12/2024 4:00,0.204
24/12/2024 4:05,0.2159999999999999
24/12/2024 4:10,0.3
24/12/2024 4:15,0.252
24/12/2024 4:20,0.204
24/12/2024 4:25,0.264
24/12/2024 4:30,0.2279999999999999
24/12/2024 4:35,0.192
24/12/2024 4:40,0.204
24/12/2024 4:45,0.276
24/12/2024 4:50,0.18
24/12/2024 4:55,0.18
24/12/2024 5:00,0.24
24/12/2024 5:05,1.6919999999999995
24/12/2024 5:10,0.408
24/12/2024 5:15,0.384
24/12/2024 5:20,0.516
24/12/2024 5:25,0.78
24/12/2024 5:30,0.768
24/12/2024 5:35,0.996
24/12/2024 5:40,0.54
24/12/2024 5:45,0.516
24/12/2024 5:50,0.528
24/12/2024 5:55,0.48
24/12/2024 6:00,0.336
24/12/2024 6:05,0.36
24/12/2024 6:10,0.264
24/12/2024 6:15,0.1079999999999999
24/12/2024 6:20,0.276
24/12/2024 6:25,0.312
24/12/2024 6:30,0.24
24/12/2024 6:35,0.072
24/12/2024 6:40,0.0
24/12/2024 6:45,0.0
24/12/2024 6:50,0.0
24/12/2024 6:55,0.0
24/12/2024 7:00,0.0
24/12/2024 7:05,0.0
24/12/2024 7:10,0.012
24/12/2024 7:15,0.0
24/12/2024 7:20,0.0
24/12/2024 7:25,0.0
24/12/2024 7:30,0.0
24/12/2024 7:35,0.0
24/12/2024 7:40,0.0
24/12/2024 7:45,0.0
24/12/2024 7:50,0.336
24/12/2024 7:55,0.24
24/12/2024 8:00,0.06
24/12/2024 8:05,0.024
24/12/2024 8:10,0.0
24/12/2024 8:15,0.036
24/12/2024 8:20,0.024
24/12/2024 8:25,0.012
24/12/2024 8:30,0.0
24/12/2024 8:35,0.0
24/12/2024 8:40,0.0
24/12/2024 8:45,0.0
24/12/2024 8:50,0.0
24/12/2024 8:55,0.0
24/12/2024 9:00,0.0
24/12/2024 9:05,0.8519999999999999
24/12/2024 9:10,0.624
24/12/2024 9:15,0.0
24/12/2024 9:20,0.0
24/12/2024 9:25,0.0
24/12/2024 9:30,0.0
24/12/2024 9:35,0.0
24/12/2024 9:40,0.0
24/12/2024 9:45,0.0
24/12/2024 9:50,0.0
24/12/2024 9:55,0.0
24/12/2024 10:00,0.0
24/12/2024 10:05,0.0
24/12/2024 10:10,0.0
24/12/2024 10:15,0.0
24/12/2024 10:20,0.0
24/12/2024 10:25,0.0
24/12/2024 10:30,0.0
24/12/2024 10:35,0.0
24/12/2024 10:40,0.0
24/12/2024 10:45,0.0
24/12/2024 10:50,0.0
24/12/2024 10:55,0.0
24/12/2024 11:00,0.0
24/12/2024 11:05,0.0
24/12/2024 11:10,0.012
24/12/2024 11:15,0.0
24/12/2024 11:20,0.0
24/12/2024 11:25,0.0
24/12/2024 11:30,0.0
24/12/2024 11:35,0.0
24/12/2024 11:40,0.0
24/12/2024 11:45,0.0
24/12/2024 11:50,0.0
24/12/2024 11:55,0.0
24/12/2024 12:00,0.0
24/12/2024 12:05,0.0
24/12/2024 12:10,0.0
24/12/2024 12:15,0.0
24/12/2024 12:20,0.0
24/12/2024 12:25,0.0
24/12/2024 12:30,0.0
24/12/2024 12:35,0.0
24/12/2024 12:40,0.0
24/12/2024 12:45,0.0
24/12/2024 12:50,0.0
24/12/2024 12:55,0.0
24/12/2024 13:00,0.0
24/12/2024 13:05,0.0
24/12/2024 13:10,0.0
24/12/2024 13:15,0.0
24/12/2024 13:20,0.0
24/12/2024 13:25,0.0
24/12/2024 13:30,0.0
24/12/2024 13:35,0.0
24/12/2024 13:40,0.0
24/12/2024 13:45,0.0
24/12/2024 13:50,0.0
24/12/2024 13:55,0.0
24/12/2024 14:00,0.0
24/12/2024 14:05,0.0
24/12/2024 14:10,0.0
24/12/2024 14:15,0.0
24/12/2024 14:20,0.0
24/12/2024 14:25,0.0
24/12/2024 14:30,0.0
24/12/2024 14:35,0.0
24/12/2024 14:40,0.0
24/12/2024 14:45,0.0
24/12/2024 14:50,0.0
24/12/2024 14:55,0.0
24/12/2024 15:00,0.0
24/12/2024 15:05,0.0
24/12/2024 15:10,0.0
24/12/2024 15:15,0.0
24/12/2024 15:20,0.0
24/12/2024 15:25,0.0
24/12/2024 15:30,0.0
24/12/2024 15:35,0.0
24/12/2024 15:40,0.0
24/12/2024 15:45,0.0
24/12/2024 15:50,0.0
24/12/2024 15:55,0.0
24/12/2024 16:00,0.0
24/12/2024 16:05,0.0
24/12/2024 16:10,0.0
24/12/2024 16:15,0.0
24/12/2024 16:20,0.0
24/12/2024 16:25,0.0
24/12/2024 16:30,0.0
24/12/2024 16:35,0.0
24/12/2024 16:40,0.0
24/12/2024 16:45,0.0
24/12/2024 16:50,0.012
24/12/2024 16:55,0.0
24/12/2024 17:00,0.0
24/12/2024 17:05,0.0
24/12/2024 17:10,0.0
24/12/2024 17:15,0.0
24/12/2024 17:20,0.0
24/12/2024 17:25,0.0
24/12/2024 17:30,0.0
24/12/2024 17:35,0.0
24/12/2024 17:40,0.0
24/12/2024 17:45,0.0
24/12/2024 17:50,0.0
24/12/2024 17:55,2.592
24/12/2024 18:00,3.72
24/12/2024 18:05,3.948
24/12/2024 18:10,4.008
24/12/2024 18:15,4.0920000000000005
24/12/2024 18:20,4.176
24/12/2024 18:25,3.672
24/12/2024 18:30,0.096
24/12/2024 18:35,0.168
24/12/2024 18:40,0.168
24/12/2024 18:45,0.144
24/12/2024 18:50,0.168
24/12/2024 18:55,0.3
24/12/2024 19:00,0.24
24/12/2024 19:05,0.204
24/12/2024 19:10,0.288
24/12/2024 19:15,0.2279999999999999
24/12/2024 19:20,0.204
24/12/2024 19:25,0.312
24/12/2024 19:30,0.276
24/12/2024 19:35,0.192
24/12/2024 19:40,0.204
24/12/2024 19:45,0.276
24/12/2024 19:50,0.192
24/12/2024 19:55,0.204
24/12/2024 20:00,0.348
24/12/2024 20:05,0.396
24/12/2024 20:10,0.504
24/12/2024 20:15,0.552
24/12/2024 20:20,0.612
24/12/2024 20:25,0.504
24/12/2024 20:30,0.54
24/12/2024 20:35,0.6000000000000001
24/12/2024 20:40,0.504
24/12/2024 20:45,0.504
24/12/2024 20:50,0.5640000000000001
24/12/2024 20:55,0.5640000000000001
24/12/2024 21:00,0.972
24/12/2024 21:05,1.1760000000000002
24/12/2024 21:10,1.2120000000000002
24/12/2024 21:15,1.14
24/12/2024 21:20,1.152
24/12/2024 21:25,1.1760000000000002
24/12/2024 21:30,0.4559999999999999
24/12/2024 21:35,0.384
24/12/2024 21:40,0.336
24/12/2024 21:45,0.384
24/12/2024 21:50,0.312
24/12/2024 21:55,0.3
24/12/2024 22:00,0.348
24/12/2024 22:05,0.384
24/12/2024 22:10,0.276
24/12/2024 22:15,0.2159999999999999
24/12/2024 22:20,0.276
24/12/2024 22:25,0.204
24/12/2024 22:30,0.192
24/12/2024 22:35,0.252
24/12/2024 22:40,0.324
24/12/2024 22:45,0.192
24/12/2024 22:50,0.2159999999999999
24/12/2024 22:55,0.276
24/12/2024 23:00,0.192
24/12/2024 23:05,0.204
24/12/2024 23:10,0.3
24/12/2024 23:15,0.276
24/12/2024 23:20,0.192
24/12/2024 23:25,0.204
24/12/2024 23:30,0.288
24/12/2024 23:35,0.192
24/12/2024 23:40,0.192
24/12/2024 23:45,0.336
24/12/2024 23:50,0.24
24/12/2024 23:55,0.192
25/12/2024 0:00,0.2159999999999999
25/12/2024 0:05,0.276
25/12/2024 0:10,0.192
25/12/2024 0:15,0.24
25/12/2024 0:20,0.276
25/12/2024 0:25,0.24
25/12/2024 0:30,0.18
25/12/2024 0:35,0.204
25/12/2024 0:40,0.288
25/12/2024 0:45,0.204
25/12/2024 0:50,0.264
25/12/2024 0:55,0.252
25/12/2024 1:00,0.24
25/12/2024 1:05,0.192
25/12/2024 1:10,0.204
25/12/2024 1:15,0.24
25/12/2024 1:20,0.204
25/12/2024 1:25,0.192
25/12/2024 1:30,0.2159999999999999
25/12/2024 1:35,0.2159999999999999
25/12/2024 1:40,0.168
25/12/2024 1:45,0.2159999999999999
25/12/2024 1:50,0.312
25/12/2024 1:55,0.252
25/12/2024 2:00,0.192
25/12/2024 2:05,0.252
25/12/2024 2:10,0.24
25/12/2024 2:15,0.192
25/12/2024 2:20,0.192
25/12/2024 2:25,0.312
25/12/2024 2:30,0.24
25/12/2024 2:35,0.192
25/12/2024 2:40,0.24
25/12/2024 2:45,0.24
25/12/2024 2:50,0.192
25/12/2024 2:55,0.18
25/12/2024 3:00,0.348
25/12/2024 3:05,0.2159999999999999
25/12/2024 3:10,0.192
25/12/2024 3:15,0.2279999999999999
25/12/2024 3:20,0.252
25/12/2024 3:25,0.192
25/12/2024 3:30,0.18
25/12/2024 3:35,0.36
25/12/2024 3:40,0.204
25/12/2024 3:45,0.192
25/12/2024 3:50,0.2279999999999999
25/12/2024 3:55,0.252
25/12/2024 4:00,0.192
25/12/2024 4:05,0.204
25/12/2024 4:10,0.324
25/12/2024 4:15,0.2159999999999999
25/12/2024 4:20,0.192
25/12/2024 4:25,0.2159999999999999
25/12/2024 4:30,0.24
25/12/2024 4:35,0.192
25/12/2024 4:40,0.348
25/12/2024 4:45,0.42
25/12/2024 4:50,0.408
25/12/2024 4:55,0.936
25/12/2024 5:00,0.984
25/12/2024 5:05,2.616
25/12/2024 5:10,1.38
25/12/2024 5:15,1.044
25/12/2024 5:20,1.104
25/12/2024 5:25,0.48
25/12/2024 5:30,0.144
25/12/2024 5:35,0.12
25/12/2024 5:40,0.168
25/12/2024 5:45,0.4319999999999999
25/12/2024 5:50,0.144
25/12/2024 5:55,0.0
25/12/2024 6:00,0.0
25/12/2024 6:05,0.0
25/12/2024 6:10,0.0
25/12/2024 6:15,0.1079999999999999
25/12/2024 6:20,0.024
25/12/2024 6:25,0.0
25/12/2024 6:30,0.024
25/12/2024 6:35,0.0
25/12/2024 6:40,0.0
25/12/2024 6:45,0.384
25/12/2024 6:50,0.168
25/12/2024 6:55,1.356
25/12/2024 7:00,1.6919999999999995
25/12/2024 7:05,0.324
25/12/2024 7:10,0.528
25/12/2024 7:15,0.2159999999999999
25/12/2024 7:20,0.408
25/12/2024 7:25,0.2159999999999999
25/12/2024 7:30,0.396
25/12/2024 7:35,0.18
25/12/2024 7:40,0.1079999999999999
25/12/2024 7:45,0.504
25/12/2024 7:50,0.3
25/12/2024 7:55,0.132
25/12/2024 8:00,0.048
25/12/2024 8:05,0.0
25/12/2024 8:10,0.0
25/12/2024 8:15,0.0
25/12/2024 8:20,0.0
25/12/2024 8:25,0.0
25/12/2024 8:30,0.0
25/12/2024 8:35,0.0
25/12/2024 8:40,0.8519999999999999
25/12/2024 8:45,1.152
25/12/2024 8:50,0.288
25/12/2024 8:55,0.0
25/12/2024 9:00,0.0
25/12/2024 9:05,0.0
25/12/2024 9:10,0.0
25/12/2024 9:15,0.384
25/12/2024 9:20,0.144
25/12/2024 9:25,0.0
25/12/2024 9:30,0.0
25/12/2024 9:35,0.0
25/12/2024 9:40,0.0
25/12/2024 9:45,0.0
25/12/2024 9:50,0.0
25/12/2024 9:55,0.0
25/12/2024 10:00,0.0
25/12/2024 10:05,0.0
25/12/2024 10:10,0.204
25/12/2024 10:15,0.156
25/12/2024 10:20,0.0
25/12/2024 10:25,0.0
25/12/2024 10:30,0.0
25/12/2024 10:35,0.288
25/12/2024 10:40,1.164
25/12/2024 10:45,0.36
25/12/2024 10:50,0.408
25/12/2024 10:55,0.192
25/12/2024 11:00,0.384
25/12/2024 11:05,0.24
25/12/2024 11:10,2.3280000000000003
25/12/2024 11:15,1.908
25/12/2024 11:20,0.0
25/12/2024 11:25,0.0
25/12/2024 11:30,0.036
25/12/2024 11:35,0.012
25/12/2024 11:40,0.0
25/12/2024 11:45,0.0
25/12/2024 11:50,0.0
25/12/2024 11:55,0.0
25/12/2024 12:00,0.0
25/12/2024 12:05,0.0
25/12/2024 12:10,0.0
25/12/2024 12:15,0.0
25/12/2024 12:20,0.0
25/12/2024 12:25,0.0
25/12/2024 12:30,0.0
25/12/2024 12:35,0.0
25/12/2024 12:40,0.0
25/12/2024 12:45,0.0
25/12/2024 12:50,0.0
25/12/2024 12:55,0.0
25/12/2024 13:00,0.0
25/12/2024 13:05,0.0
25/12/2024 13:10,0.0
25/12/2024 13:15,0.0
25/12/2024 13:20,0.0
25/12/2024 13:25,0.0
25/12/2024 13:30,0.0
25/12/2024 13:35,0.0
25/12/2024 13:40,0.0
25/12/2024 13:45,0.0
25/12/2024 13:50,0.0
25/12/2024 13:55,0.0
25/12/2024 14:00,0.0
25/12/2024 14:05,0.0
25/12/2024 14:10,0.0
25/12/2024 14:15,0.0
25/12/2024 14:20,0.0
25/12/2024 14:25,0.0
25/12/2024 14:30,0.0
25/12/2024 14:35,0.0
25/12/2024 14:40,0.0
25/12/2024 14:45,0.0
25/12/2024 14:50,0.0
25/12/2024 14:55,0.0
25/12/2024 15:00,0.0
25/12/2024 15:05,0.0
25/12/2024 15:10,0.0
25/12/2024 15:15,0.0
25/12/2024 15:20,0.0
25/12/2024 15:25,0.0
25/12/2024 15:30,0.0
25/12/2024 15:35,0.0
25/12/2024 15:40,0.0
25/12/2024 15:45,0.0
25/12/2024 15:50,0.0
25/12/2024 15:55,0.0
25/12/2024 16:00,0.0
25/12/2024 16:05,0.0
25/12/2024 16:10,0.0
25/12/2024 16:15,0.0
25/12/2024 16:20,0.0
25/12/2024 16:25,0.0
25/12/2024 16:30,0.0
25/12/2024 16:35,0.0
25/12/2024 16:40,0.0
25/12/2024 16:45,0.0
25/12/2024 16:50,0.0
25/12/2024 16:55,0.0
25/12/2024 17:00,0.0
25/12/2024 17:05,0.0
25/12/2024 17:10,0.0
25/12/2024 17:15,0.0
25/12/2024 17:20,0.0
25/12/2024 17:25,0.0
25/12/2024 17:30,0.0
25/12/2024 17:35,0.0
25/12/2024 17:40,0.0
25/12/2024 17:45,0.0
25/12/2024 17:50,0.0
25/12/2024 17:55,0.0
25/12/2024 18:00,0.0
25/12/2024 18:05,0.0
25/12/2024 18:10,0.048
25/12/2024 18:15,0.0
25/12/2024 18:20,0.0
25/12/2024 18:25,0.024
25/12/2024 18:30,0.156
25/12/2024 18:35,0.144
25/12/2024 18:40,0.1079999999999999
25/12/2024 18:45,0.204
25/12/2024 18:50,0.2279999999999999
25/12/2024 18:55,0.2159999999999999
25/12/2024 19:00,0.2159999999999999
25/12/2024 19:05,0.2279999999999999
25/12/2024 19:10,0.276
25/12/2024 19:15,0.2159999999999999
25/12/2024 19:20,0.264
25/12/2024 19:25,0.204
25/12/2024 19:30,0.348
25/12/2024 19:35,0.372
25/12/2024 19:40,0.732
25/12/2024 19:45,0.684
25/12/2024 19:50,0.744
25/12/2024 19:55,0.624
25/12/2024 20:00,0.552
25/12/2024 20:05,0.54
25/12/2024 20:10,0.672
25/12/2024 20:15,0.624
25/12/2024 20:20,0.5640000000000001
25/12/2024 20:25,0.4319999999999999
25/12/2024 20:30,0.312
25/12/2024 20:35,0.408
25/12/2024 20:40,0.276
25/12/2024 20:45,0.24
25/12/2024 20:50,0.264
25/12/2024 20:55,0.372
25/12/2024 21:00,0.336
25/12/2024 21:05,0.24
25/12/2024 21:10,0.24
25/12/2024 21:15,0.324
25/12/2024 21:20,0.384
25/12/2024 21:25,0.312
25/12/2024 21:30,0.348
25/12/2024 21:35,2.232
25/12/2024 21:40,4.343999999999999
25/12/2024 21:45,4.536
25/12/2024 21:50,4.536
25/12/2024 21:55,4.584
25/12/2024 22:00,4.596
25/12/2024 22:05,4.524
25/12/2024 22:10,4.548
25/12/2024 22:15,4.452
25/12/2024 22:20,4.524
25/12/2024 22:25,4.5
25/12/2024 22:30,4.452
25/12/2024 22:35,2.124
25/12/2024 22:40,0.276
25/12/2024 22:45,0.288
25/12/2024 22:50,0.204
25/12/2024 22:55,0.204
25/12/2024 23:00,0.312
25/12/2024 23:05,0.288
25/12/2024 23:10,0.24
25/12/2024 23:15,0.192
25/12/2024 23:20,0.2279999999999999
25/12/2024 23:25,0.36
25/12/2024 23:30,0.264
25/12/2024 23:35,0.204
25/12/2024 23:40,0.192
25/12/2024 23:45,0.288
25/12/2024 23:50,0.348
25/12/2024 23:55,0.204
26/12/2024 0:00,0.204
26/12/2024 0:05,0.24
26/12/2024 0:10,0.336
26/12/2024 0:15,0.24
26/12/2024 0:20,0.192
26/12/2024 0:25,0.2159999999999999
26/12/2024 0:30,0.276
26/12/2024 0:35,0.312
26/12/2024 0:40,0.204
26/12/2024 0:45,0.192
26/12/2024 0:50,0.264
26/12/2024 0:55,0.276
26/12/2024 1:00,0.264
26/12/2024 1:05,0.204
26/12/2024 1:10,0.24
26/12/2024 1:15,0.276
26/12/2024 1:20,0.204
26/12/2024 1:25,0.24
26/12/2024 1:30,0.24
26/12/2024 1:35,0.276
26/12/2024 1:40,0.24
26/12/2024 1:45,0.192
26/12/2024 1:50,0.192
26/12/2024 1:55,0.348
26/12/2024 2:00,0.276
26/12/2024 2:05,0.192
26/12/2024 2:10,0.192
26/12/2024 2:15,0.24
26/12/2024 2:20,0.312
26/12/2024 2:25,0.252
26/12/2024 2:30,0.192
26/12/2024 2:35,0.204
26/12/2024 2:40,0.276
26/12/2024 2:45,0.252
26/12/2024 2:50,0.252
26/12/2024 2:55,0.192
26/12/2024 3:00,0.252
26/12/2024 3:05,0.276
26/12/2024 3:10,0.192
26/12/2024 3:15,0.276
26/12/2024 3:20,0.2159999999999999
26/12/2024 3:25,0.276
26/12/2024 3:30,0.2159999999999999
26/12/2024 3:35,0.192
26/12/2024 3:40,0.2159999999999999
26/12/2024 3:45,0.324
26/12/2024 3:50,0.252
26/12/2024 3:55,0.192
26/12/2024 4:00,0.18
26/12/2024 4:05,0.24
26/12/2024 4:10,0.312
26/12/2024 4:15,0.252
26/12/2024 4:20,0.18
26/12/2024 4:25,0.2159999999999999
26/12/2024 4:30,0.264
26/12/2024 4:35,0.24
26/12/2024 4:40,0.252
26/12/2024 4:45,0.204
26/12/2024 4:50,0.252
26/12/2024 4:55,0.276
26/12/2024 5:00,0.18
26/12/2024 5:05,1.7039999999999995
26/12/2024 5:10,0.516
26/12/2024 5:15,0.384
26/12/2024 5:20,0.36
26/12/2024 5:25,0.252
26/12/2024 5:30,0.024
26/12/2024 5:35,0.084
26/12/2024 5:40,0.096
26/12/2024 5:45,0.0
26/12/2024 5:50,0.0
26/12/2024 5:55,0.012
26/12/2024 6:00,0.42
26/12/2024 6:05,2.076
26/12/2024 6:10,0.744
26/12/2024 6:15,0.0
26/12/2024 6:20,1.416
26/12/2024 6:25,1.128
26/12/2024 6:30,1.2000000000000002
26/12/2024 6:35,1.404
26/12/2024 6:40,0.48
26/12/2024 6:45,0.54
26/12/2024 6:50,0.0
26/12/2024 6:55,0.012
26/12/2024 7:00,0.0
26/12/2024 7:05,0.0
26/12/2024 7:10,0.0
26/12/2024 7:15,0.0
26/12/2024 7:20,0.0
26/12/2024 7:25,0.0
26/12/2024 7:30,0.0
26/12/2024 7:35,0.0
26/12/2024 7:40,0.0
26/12/2024 7:45,0.0
26/12/2024 7:50,2.448
26/12/2024 7:55,2.388
26/12/2024 8:00,2.46
26/12/2024 8:05,2.508
26/12/2024 8:10,2.3040000000000003
26/12/2024 8:15,2.28
26/12/2024 8:20,2.088
26/12/2024 8:25,2.052
26/12/2024 8:30,1.932
26/12/2024 8:35,1.86
26/12/2024 8:40,1.908
26/12/2024 8:45,1.872
26/12/2024 8:50,1.476
26/12/2024 8:55,1.512
26/12/2024 9:00,1.452
26/12/2024 9:05,1.236
26/12/2024 9:10,1.08
26/12/2024 9:15,1.02
26/12/2024 9:20,0.996
26/12/2024 9:25,0.8759999999999999
26/12/2024 9:30,0.72
26/12/2024 9:35,0.5760000000000001
26/12/2024 9:40,0.48
26/12/2024 9:45,0.36
26/12/2024 9:50,0.3
26/12/2024 9:55,0.144
26/12/2024 10:00,0.276
26/12/2024 10:05,0.204
26/12/2024 10:10,0.036
26/12/2024 10:15,0.06
26/12/2024 10:20,0.084
26/12/2024 10:25,0.24
26/12/2024 10:30,0.012
26/12/2024 10:35,0.0
26/12/2024 10:40,0.0
26/12/2024 10:45,0.0
26/12/2024 10:50,0.0
26/12/2024 10:55,0.012
26/12/2024 11:00,0.0
26/12/2024 11:05,0.0
26/12/2024 11:10,0.0
26/12/2024 11:15,0.0
26/12/2024 11:20,0.8400000000000001
26/12/2024 11:25,1.92
26/12/2024 11:30,1.848
26/12/2024 11:35,1.536
26/12/2024 11:40,0.0
26/12/2024 11:45,0.0
26/12/2024 11:50,1.428
26/12/2024 11:55,2.124
26/12/2024 12:00,0.0
26/12/2024 12:05,0.66
26/12/2024 12:10,1.92
26/12/2024 12:15,1.104
26/12/2024 12:20,1.092
26/12/2024 12:25,1.584
26/12/2024 12:30,0.8519999999999999
26/12/2024 12:35,0.024
26/12/2024 12:40,0.0
26/12/2024 12:45,0.048
26/12/2024 12:50,0.024
26/12/2024 12:55,0.0
26/12/2024 13:00,0.024
26/12/2024 13:05,0.096
26/12/2024 13:10,0.012
26/12/2024 13:15,0.0
26/12/2024 13:20,0.0
26/12/2024 13:25,0.0
26/12/2024 13:30,0.0
26/12/2024 13:35,0.0
26/12/2024 13:40,0.0
26/12/2024 13:45,0.0
26/12/2024 13:50,0.0
26/12/2024 13:55,0.0
26/12/2024 14:00,0.0
26/12/2024 14:05,0.0
26/12/2024 14:10,0.0
26/12/2024 14:15,0.0
26/12/2024 14:20,0.0
26/12/2024 14:25,0.0
26/12/2024 14:30,0.0
26/12/2024 14:35,0.0
26/12/2024 14:40,0.0
26/12/2024 14:45,0.0
26/12/2024 14:50,0.0
26/12/2024 14:55,0.0
26/12/2024 15:00,0.0
26/12/2024 15:05,0.0
26/12/2024 15:10,0.0
26/12/2024 15:15,0.0
26/12/2024 15:20,0.0
26/12/2024 15:25,0.0
26/12/2024 15:30,0.0
26/12/2024 15:35,0.0
26/12/2024 15:40,0.0
26/12/2024 15:45,0.0
26/12/2024 15:50,0.0
26/12/2024 15:55,0.0
26/12/2024 16:00,0.0
26/12/2024 16:05,0.0
26/12/2024 16:10,0.0
26/12/2024 16:15,0.0
26/12/2024 16:20,0.0
26/12/2024 16:25,0.0
26/12/2024 16:30,0.0
26/12/2024 16:35,0.0
26/12/2024 16:40,0.0
26/12/2024 16:45,0.0
26/12/2024 16:50,0.0
26/12/2024 16:55,0.0
26/12/2024 17:00,0.0
26/12/2024 17:05,0.0
26/12/2024 17:10,0.0
26/12/2024 17:15,0.0
26/12/2024 17:20,0.0
26/12/2024 17:25,0.0
26/12/2024 17:30,0.0
26/12/2024 17:35,0.0
26/12/2024 17:40,0.0
26/12/2024 17:45,0.0
26/12/2024 17:50,0.0
26/12/2024 17:55,0.0
26/12/2024 18:00,0.0
26/12/2024 18:05,0.0
26/12/2024 18:10,0.0
26/12/2024 18:15,0.036
26/12/2024 18:20,0.024
26/12/2024 18:25,0.12
26/12/2024 18:30,0.204
26/12/2024 18:35,0.24
26/12/2024 18:40,0.18
26/12/2024 18:45,0.276
26/12/2024 18:50,0.3
26/12/2024 18:55,0.324
26/12/2024 19:00,0.252
26/12/2024 19:05,0.3
26/12/2024 19:10,0.336
26/12/2024 19:15,0.36
26/12/2024 19:20,0.2279999999999999
26/12/2024 19:25,0.2159999999999999
26/12/2024 19:30,0.288
26/12/2024 19:35,0.336
26/12/2024 19:40,0.192
26/12/2024 19:45,0.204
26/12/2024 19:50,0.276
26/12/2024 19:55,0.348
26/12/2024 20:00,0.204
26/12/2024 20:05,0.192
26/12/2024 20:10,0.24
26/12/2024 20:15,0.336
26/12/2024 20:20,0.252
26/12/2024 20:25,0.192
26/12/2024 20:30,0.2159999999999999
26/12/2024 20:35,0.324
26/12/2024 20:40,0.276
26/12/2024 20:45,0.192
26/12/2024 20:50,0.192
26/12/2024 20:55,0.312
26/12/2024 21:00,0.312
26/12/2024 21:05,0.192
26/12/2024 21:10,0.192
26/12/2024 21:15,0.264
26/12/2024 21:20,0.336
26/12/2024 21:25,0.2159999999999999
26/12/2024 21:30,0.192
26/12/2024 21:35,0.2279999999999999
26/12/2024 21:40,0.336
26/12/2024 21:45,0.24
26/12/2024 21:50,0.192
26/12/2024 21:55,0.192
26/12/2024 22:00,0.348
26/12/2024 22:05,0.276
26/12/2024 22:10,0.192
26/12/2024 22:15,0.192
26/12/2024 22:20,0.312
26/12/2024 22:25,0.276
26/12/2024 22:30,0.2159999999999999
26/12/2024 22:35,0.192
26/12/2024 22:40,0.264
26/12/2024 22:45,0.288
26/12/2024 22:50,0.252
26/12/2024 22:55,0.18
26/12/2024 23:00,0.2159999999999999
26/12/2024 23:05,0.324
26/12/2024 23:10,0.264
26/12/2024 23:15,0.192
26/12/2024 23:20,0.192
26/12/2024 23:25,0.3
26/12/2024 23:30,0.276
26/12/2024 23:35,0.2159999999999999
26/12/2024 23:40,0.192
26/12/2024 23:45,0.264
26/12/2024 23:50,0.288
26/12/2024 23:55,0.24
27/12/2024 0:00,0.192
27/12/2024 0:05,0.2279999999999999
27/12/2024 0:10,0.288
27/12/2024 0:15,0.264
27/12/2024 0:20,0.192
27/12/2024 0:25,0.192
27/12/2024 0:30,0.3
27/12/2024 0:35,0.276
27/12/2024 0:40,0.2159999999999999
27/12/2024 0:45,0.192
27/12/2024 0:50,0.276
27/12/2024 0:55,0.264
27/12/2024 1:00,0.252
27/12/2024 1:05,0.192
27/12/2024 1:10,0.2279999999999999
27/12/2024 1:15,0.276
27/12/2024 1:20,0.276
27/12/2024 1:25,0.192
27/12/2024 1:30,0.192
27/12/2024 1:35,0.288
27/12/2024 1:40,0.276
27/12/2024 1:45,0.2279999999999999
27/12/2024 1:50,0.18
27/12/2024 1:55,0.24
27/12/2024 2:00,0.288
27/12/2024 2:05,0.264
27/12/2024 2:10,0.18
27/12/2024 2:15,0.204
27/12/2024 2:20,0.3
27/12/2024 2:25,0.276
27/12/2024 2:30,0.192
27/12/2024 2:35,0.192
27/12/2024 2:40,0.24
27/12/2024 2:45,0.312
27/12/2024 2:50,0.2279999999999999
27/12/2024 2:55,0.192
27/12/2024 3:00,0.18
27/12/2024 3:05,0.336
27/12/2024 3:10,0.264
27/12/2024 3:15,0.192
27/12/2024 3:20,0.18
27/12/2024 3:25,0.252
27/12/2024 3:30,0.324
27/12/2024 3:35,0.2159999999999999
27/12/2024 3:40,0.18
27/12/2024 3:45,0.192
27/12/2024 3:50,0.3
27/12/2024 3:55,0.288
27/12/2024 4:00,0.18
27/12/2024 4:05,0.192
27/12/2024 4:10,0.24
27/12/2024 4:15,0.348
27/12/2024 4:20,0.192
27/12/2024 4:25,0.18
27/12/2024 4:30,0.2159999999999999
27/12/2024 4:35,0.276
27/12/2024 4:40,0.3
27/12/2024 4:45,0.18
27/12/2024 4:50,0.18
27/12/2024 4:55,0.264
27/12/2024 5:00,0.288
27/12/2024 5:05,1.7639999999999998
27/12/2024 5:10,0.384
27/12/2024 5:15,0.264
27/12/2024 5:20,0.288
27/12/2024 5:25,0.348
27/12/2024 5:30,0.288
27/12/2024 5:35,0.252
27/12/2024 5:40,0.324
27/12/2024 5:45,0.288
27/12/2024 5:50,0.324
27/12/2024 5:55,0.156
27/12/2024 6:00,0.264
27/12/2024 6:05,0.156
27/12/2024 6:10,0.12
27/12/2024 6:15,0.144
27/12/2024 6:20,0.1079999999999999
27/12/2024 6:25,0.072
27/12/2024 6:30,0.132
27/12/2024 6:35,0.192
27/12/2024 6:40,0.204
27/12/2024 6:45,0.144
27/12/2024 6:50,0.18
27/12/2024 6:55,0.12
27/12/2024 7:00,0.144
27/12/2024 7:05,0.18
27/12/2024 7:10,0.1079999999999999
27/12/2024 7:15,0.024
27/12/2024 7:20,0.0
27/12/2024 7:25,0.072
27/12/2024 7:30,0.168
27/12/2024 7:35,0.132
27/12/2024 7:40,0.06
27/12/2024 7:45,0.096
27/12/2024 7:50,0.24
27/12/2024 7:55,0.2159999999999999
27/12/2024 8:00,0.144
27/12/2024 8:05,0.132
27/12/2024 8:10,0.144
27/12/2024 8:15,0.288
27/12/2024 8:20,0.204
27/12/2024 8:25,0.144
27/12/2024 8:30,0.132
27/12/2024 8:35,0.2159999999999999
27/12/2024 8:40,0.276
27/12/2024 8:45,0.156
27/12/2024 8:50,0.1079999999999999
27/12/2024 8:55,0.144
27/12/2024 9:00,0.18
27/12/2024 9:05,0.156
27/12/2024 9:10,0.0
27/12/2024 9:15,0.0
27/12/2024 9:20,0.0
27/12/2024 9:25,0.0
27/12/2024 9:30,0.0
27/12/2024 9:35,0.0
27/12/2024 9:40,0.012
27/12/2024 9:45,0.0
27/12/2024 9:50,0.0
27/12/2024 9:55,0.0
27/12/2024 10:00,0.0
27/12/2024 10:05,0.0
27/12/2024 10:10,0.0
27/12/2024 10:15,0.0
27/12/2024 10:20,0.0
27/12/2024 10:25,0.0
27/12/2024 10:30,0.0
27/12/2024 10:35,0.0
27/12/2024 10:40,0.0
27/12/2024 10:45,0.0
27/12/2024 10:50,0.0
27/12/2024 10:55,0.0
27/12/2024 11:00,0.0
27/12/2024 11:05,0.0
27/12/2024 11:10,0.0
27/12/2024 11:15,0.0
27/12/2024 11:20,0.0
27/12/2024 11:25,0.0
27/12/2024 11:30,0.0
27/12/2024 11:35,0.0
27/12/2024 11:40,0.0
27/12/2024 11:45,0.0
27/12/2024 11:50,0.0
27/12/2024 11:55,0.0
27/12/2024 12:00,0.0
27/12/2024 12:05,0.0
27/12/2024 12:10,0.0
27/12/2024 12:15,0.0
27/12/2024 12:20,0.0
27/12/2024 12:25,0.0
27/12/2024 12:30,0.0
27/12/2024 12:35,0.0
27/12/2024 12:40,0.0
27/12/2024 12:45,0.0
27/12/2024 12:50,0.0
27/12/2024 12:55,0.0
27/12/2024 13:00,0.0
27/12/2024 13:05,0.0
27/12/2024 13:10,0.0
27/12/2024 13:15,0.0
27/12/2024 13:20,0.0
27/12/2024 13:25,0.0
27/12/2024 13:30,0.0
27/12/2024 13:35,0.0
27/12/2024 13:40,0.0
27/12/2024 13:45,0.0
27/12/2024 13:50,0.0
27/12/2024 13:55,0.0
27/12/2024 14:00,0.0
27/12/2024 14:05,0.0
27/12/2024 14:10,0.0
27/12/2024 14:15,0.0
27/12/2024 14:20,0.0
27/12/2024 14:25,0.0
27/12/2024 14:30,0.0
27/12/2024 14:35,0.0
27/12/2024 14:40,0.0
27/12/2024 14:45,0.0
27/12/2024 14:50,0.0
27/12/2024 14:55,0.0
27/12/2024 15:00,0.0
27/12/2024 15:05,0.0
27/12/2024 15:10,0.0
27/12/2024 15:15,0.0
27/12/2024 15:20,0.0
27/12/2024 15:25,0.0
27/12/2024 15:30,0.0
27/12/2024 15:35,0.0
27/12/2024 15:40,0.0
27/12/2024 15:45,0.0
27/12/2024 15:50,0.0
27/12/2024 15:55,0.0
27/12/2024 16:00,0.0
27/12/2024 16:05,0.0
27/12/2024 16:10,0.0
27/12/2024 16:15,0.0
27/12/2024 16:20,0.024
27/12/2024 16:25,0.132
27/12/2024 16:30,0.084
27/12/2024 16:35,0.12
27/12/2024 16:40,0.252
27/12/2024 16:45,0.24
27/12/2024 16:50,0.132
27/12/2024 16:55,0.084
27/12/2024 17:00,0.2159999999999999
27/12/2024 17:05,0.144
27/12/2024 17:10,0.06
27/12/2024 17:15,0.0
27/12/2024 17:20,0.0
27/12/2024 17:25,0.0
27/12/2024 17:30,0.0
27/12/2024 17:35,0.012
27/12/2024 17:40,0.0
27/12/2024 17:45,0.0
27/12/2024 17:50,0.0
27/12/2024 17:55,0.0
27/12/2024 18:00,0.0
27/12/2024 18:05,0.0
27/12/2024 18:10,0.0
27/12/2024 18:15,0.0
27/12/2024 18:20,0.0
27/12/2024 18:25,0.0
27/12/2024 18:30,0.048
27/12/2024 18:35,0.168
27/12/2024 18:40,0.048
27/12/2024 18:45,0.06
27/12/2024 18:50,0.168
27/12/2024 18:55,0.3
27/12/2024 19:00,0.192
27/12/2024 19:05,0.192
27/12/2024 19:10,0.24
27/12/2024 19:15,0.348
27/12/2024 19:20,0.24
27/12/2024 19:25,0.192
27/12/2024 19:30,0.24
27/12/2024 19:35,0.324
27/12/2024 19:40,0.264
27/12/2024 19:45,0.192
27/12/2024 19:50,0.2279999999999999
27/12/2024 19:55,0.312
27/12/2024 20:00,0.276
27/12/2024 20:05,0.204
27/12/2024 20:10,0.2279999999999999
27/12/2024 20:15,0.276
27/12/2024 20:20,0.276
27/12/2024 20:25,0.2279999999999999
27/12/2024 20:30,0.24
27/12/2024 20:35,0.24
27/12/2024 20:40,0.276
27/12/2024 20:45,0.264
27/12/2024 20:50,0.2279999999999999
27/12/2024 20:55,0.2159999999999999
27/12/2024 21:00,0.264
27/12/2024 21:05,0.276
27/12/2024 21:10,0.24
27/12/2024 21:15,0.2159999999999999
27/12/2024 21:20,0.24
27/12/2024 21:25,0.276
27/12/2024 21:30,0.2279999999999999
27/12/2024 21:35,0.252
27/12/2024 21:40,0.2159999999999999
27/12/2024 21:45,0.276
27/12/2024 21:50,0.24
27/12/2024 21:55,0.264
27/12/2024 22:00,0.192
27/12/2024 22:05,0.264
27/12/2024 22:10,0.276
27/12/2024 22:15,0.24
27/12/2024 22:20,0.2159999999999999
27/12/2024 22:25,0.2279999999999999
27/12/2024 22:30,0.288
27/12/2024 22:35,0.2159999999999999
27/12/2024 22:40,0.264
27/12/2024 22:45,0.204
27/12/2024 22:50,0.276
27/12/2024 22:55,0.24
27/12/2024 23:00,0.252
27/12/2024 23:05,0.204
27/12/2024 23:10,0.252
27/12/2024 23:15,0.276
27/12/2024 23:20,0.204
27/12/2024 23:25,0.252
27/12/2024 23:30,0.2279999999999999
27/12/2024 23:35,0.264
27/12/2024 23:40,0.2279999999999999
27/12/2024 23:45,0.204
27/12/2024 23:50,0.24
27/12/2024 23:55,0.276
28/12/2024 0:00,0.252
28/12/2024 0:05,0.192
28/12/2024 0:10,0.192
28/12/2024 0:15,0.3
28/12/2024 0:20,0.276
28/12/2024 0:25,0.204
28/12/2024 0:30,0.18
28/12/2024 0:35,0.264
28/12/2024 0:40,0.288
28/12/2024 0:45,0.24
28/12/2024 0:50,0.18
28/12/2024 0:55,0.192
28/12/2024 1:00,0.312
28/12/2024 1:05,0.276
28/12/2024 1:10,0.192
28/12/2024 1:15,0.18
28/12/2024 1:20,0.2159999999999999
28/12/2024 1:25,0.348
28/12/2024 1:30,0.2279999999999999
28/12/2024 1:35,0.192
28/12/2024 1:40,0.18
28/12/2024 1:45,0.264
28/12/2024 1:50,0.324
28/12/2024 1:55,0.2159999999999999
28/12/2024 2:00,0.18
28/12/2024 2:05,0.2279999999999999
28/12/2024 2:10,0.264
28/12/2024 2:15,0.2159999999999999
28/12/2024 2:20,0.264
28/12/2024 2:25,0.204
28/12/2024 2:30,0.264
28/12/2024 2:35,0.252
28/12/2024 2:40,0.18
28/12/2024 2:45,0.204
28/12/2024 2:50,0.3
28/12/2024 2:55,0.264
28/12/2024 3:00,0.2159999999999999
28/12/2024 3:05,0.18
28/12/2024 3:10,0.192
28/12/2024 3:15,0.324
28/12/2024 3:20,0.276
28/12/2024 3:25,0.192
28/12/2024 3:30,0.18
28/12/2024 3:35,0.24
28/12/2024 3:40,0.264
28/12/2024 3:45,0.264
28/12/2024 3:50,0.2159999999999999
28/12/2024 3:55,0.192
28/12/2024 4:00,0.276
28/12/2024 4:05,0.24
28/12/2024 4:10,0.18
28/12/2024 4:15,0.24
28/12/2024 4:20,0.276
28/12/2024 4:25,0.264
28/12/2024 4:30,0.204
28/12/2024 4:35,0.18
28/12/2024 4:40,0.204
28/12/2024 4:45,0.288
28/12/2024 4:50,0.3
28/12/2024 4:55,0.192
28/12/2024 5:00,0.18
28/12/2024 5:05,1.7639999999999998
28/12/2024 5:10,0.516
28/12/2024 5:15,0.384
28/12/2024 5:20,0.396
28/12/2024 5:25,0.36
28/12/2024 5:30,0.288
28/12/2024 5:35,0.348
28/12/2024 5:40,0.276
28/12/2024 5:45,0.276
28/12/2024 5:50,0.36
28/12/2024 5:55,0.324
28/12/2024 6:00,0.288
28/12/2024 6:05,0.132
28/12/2024 6:10,0.132
28/12/2024 6:15,0.156
28/12/2024 6:20,0.24
28/12/2024 6:25,0.132
28/12/2024 6:30,0.1079999999999999
28/12/2024 6:35,0.12
28/12/2024 6:40,0.096
28/12/2024 6:45,0.096
28/12/2024 6:50,0.096
28/12/2024 6:55,0.084
28/12/2024 7:00,0.048
28/12/2024 7:05,0.0
28/12/2024 7:10,0.0
28/12/2024 7:15,0.0
28/12/2024 7:20,0.0
28/12/2024 7:25,0.0
28/12/2024 7:30,0.0
28/12/2024 7:35,0.0
28/12/2024 7:40,0.0
28/12/2024 7:45,0.0
28/12/2024 7:50,0.0
28/12/2024 7:55,0.0
28/12/2024 8:00,0.0
28/12/2024 8:05,0.0
28/12/2024 8:10,0.0
28/12/2024 8:15,0.0
28/12/2024 8:20,0.0
28/12/2024 8:25,0.0
28/12/2024 8:30,0.0
28/12/2024 8:35,0.0
28/12/2024 8:40,0.0
28/12/2024 8:45,0.0
28/12/2024 8:50,0.0
28/12/2024 8:55,0.0
28/12/2024 9:00,0.0
28/12/2024 9:05,0.0
28/12/2024 9:10,0.0
28/12/2024 9:15,0.0
28/12/2024 9:20,0.0
28/12/2024 9:25,0.0
28/12/2024 9:30,0.0
28/12/2024 9:35,0.0
28/12/2024 9:40,0.0
28/12/2024 9:45,0.0
28/12/2024 9:50,0.0
28/12/2024 9:55,0.0
28/12/2024 10:00,0.0
28/12/2024 10:05,0.0
28/12/2024 10:10,0.0
28/12/2024 10:15,0.0
28/12/2024 10:20,0.0
28/12/2024 10:25,0.0
28/12/2024 10:30,0.0
28/12/2024 10:35,0.0
28/12/2024 10:40,0.0
28/12/2024 10:45,0.0
28/12/2024 10:50,0.0
28/12/2024 10:55,0.0
28/12/2024 11:00,0.0
28/12/2024 11:05,0.0
28/12/2024 11:10,0.0
28/12/2024 11:15,0.0
28/12/2024 11:20,0.0
28/12/2024 11:25,0.0
28/12/2024 11:30,0.0
28/12/2024 11:35,0.0
28/12/2024 11:40,0.0
28/12/2024 11:45,0.0
28/12/2024 11:50,0.0
28/12/2024 11:55,0.0
28/12/2024 12:00,0.0
28/12/2024 12:05,0.0
28/12/2024 12:10,0.0
28/12/2024 12:15,0.0
28/12/2024 12:20,0.0
28/12/2024 12:25,0.0
28/12/2024 12:30,0.0
28/12/2024 12:35,0.0
28/12/2024 12:40,0.0
28/12/2024 12:45,0.0
28/12/2024 12:50,0.0
28/12/2024 12:55,0.0
28/12/2024 13:00,0.0
28/12/2024 13:05,0.0
28/12/2024 13:10,0.0
28/12/2024 13:15,0.0
28/12/2024 13:20,0.0
28/12/2024 13:25,0.0
28/12/2024 13:30,0.0
28/12/2024 13:35,0.0
28/12/2024 13:40,0.0
28/12/2024 13:45,0.0
28/12/2024 13:50,0.0
28/12/2024 13:55,0.0
28/12/2024 14:00,0.0
28/12/2024 14:05,0.0
28/12/2024 14:10,0.0
28/12/2024 14:15,0.0
28/12/2024 14:20,0.0
28/12/2024 14:25,0.0
28/12/2024 14:30,0.0
28/12/2024 14:35,0.0
28/12/2024 14:40,0.0
28/12/2024 14:45,0.0
28/12/2024 14:50,0.0
28/12/2024 14:55,0.0
28/12/2024 15:00,0.0
28/12/2024 15:05,0.0
28/12/2024 15:10,0.0
28/12/2024 15:15,0.0
28/12/2024 15:20,0.0
28/12/2024 15:25,0.0
28/12/2024 15:30,0.0
28/12/2024 15:35,0.0
28/12/2024 15:40,0.0
28/12/2024 15:45,0.0
28/12/2024 15:50,0.0
28/12/2024 15:55,0.0
28/12/2024 16:00,0.0
28/12/2024 16:05,0.0
28/12/2024 16:10,0.0
28/12/2024 16:15,0.0
28/12/2024 16:20,0.0
28/12/2024 16:25,0.0
28/12/2024 16:30,0.0
28/12/2024 16:35,0.0
28/12/2024 16:40,0.0
28/12/2024 16:45,0.0
28/12/2024 16:50,0.0
28/12/2024 16:55,0.0
28/12/2024 17:00,0.0
28/12/2024 17:05,0.0
28/12/2024 17:10,0.0
28/12/2024 17:15,0.0
28/12/2024 17:20,0.0
28/12/2024 17:25,0.0
28/12/2024 17:30,0.0
28/12/2024 17:35,0.0
28/12/2024 17:40,0.0
28/12/2024 17:45,0.0
28/12/2024 17:50,0.0
28/12/2024 17:55,0.0
28/12/2024 18:00,0.0
28/12/2024 18:05,0.048
28/12/2024 18:10,0.012
28/12/2024 18:15,0.036
28/12/2024 18:20,0.06
28/12/2024 18:25,0.156
28/12/2024 18:30,0.048
28/12/2024 18:35,0.036
28/12/2024 18:40,0.06
28/12/2024 18:45,0.252
28/12/2024 18:50,0.18
28/12/2024 18:55,0.144
28/12/2024 19:00,0.168
28/12/2024 19:05,0.24
28/12/2024 19:10,0.336
28/12/2024 19:15,0.204
28/12/2024 19:20,0.18
28/12/2024 19:25,0.204
28/12/2024 19:30,0.324
28/12/2024 19:35,0.264
28/12/2024 19:40,0.18
28/12/2024 19:45,0.18
28/12/2024 19:50,0.264
28/12/2024 19:55,0.336
28/12/2024 20:00,0.18
28/12/2024 20:05,0.18
28/12/2024 20:10,0.2279999999999999
28/12/2024 20:15,0.288
28/12/2024 20:20,0.264
28/12/2024 20:25,0.18
28/12/2024 20:30,0.192
28/12/2024 20:35,0.276
28/12/2024 20:40,0.3
28/12/2024 20:45,0.192
28/12/2024 20:50,0.18
28/12/2024 20:55,0.252
28/12/2024 21:00,0.288
28/12/2024 21:05,0.24
28/12/2024 21:10,0.18
28/12/2024 21:15,0.2159999999999999
28/12/2024 21:20,0.276
28/12/2024 21:25,0.252
28/12/2024 21:30,0.2159999999999999
28/12/2024 21:35,0.18
28/12/2024 21:40,0.276
28/12/2024 21:45,0.252
28/12/2024 21:50,0.252
28/12/2024 21:55,0.18
28/12/2024 22:00,0.24
28/12/2024 22:05,0.264
28/12/2024 22:10,0.204
28/12/2024 22:15,0.24
28/12/2024 22:20,0.2159999999999999
28/12/2024 22:25,0.264
28/12/2024 22:30,0.2279999999999999
28/12/2024 22:35,0.2279999999999999
28/12/2024 22:40,0.2159999999999999
28/12/2024 22:45,0.252
28/12/2024 22:50,0.264
28/12/2024 22:55,0.18
28/12/2024 23:00,0.252
28/12/2024 23:05,0.2279999999999999
28/12/2024 23:10,0.276
28/12/2024 23:15,0.204
28/12/2024 23:20,0.18
28/12/2024 23:25,0.264
28/12/2024 23:30,0.276
28/12/2024 23:35,0.24
28/12/2024 23:40,0.18
28/12/2024 23:45,0.192
28/12/2024 23:50,0.324
28/12/2024 23:55,0.264
29/12/2024 0:00,0.192
29/12/2024 0:05,0.18
29/12/2024 0:10,0.2159999999999999
29/12/2024 0:15,0.336
29/12/2024 0:20,0.2279999999999999
29/12/2024 0:25,0.18
29/12/2024 0:30,0.18
29/12/2024 0:35,0.264
29/12/2024 0:40,0.336
29/12/2024 0:45,0.204
29/12/2024 0:50,0.18
29/12/2024 0:55,0.2279999999999999
29/12/2024 1:00,0.264
29/12/2024 1:05,0.24
29/12/2024 1:10,0.2159999999999999
29/12/2024 1:15,0.192
29/12/2024 1:20,0.264
29/12/2024 1:25,0.252
29/12/2024 1:30,0.2159999999999999
29/12/2024 1:35,0.2279999999999999
29/12/2024 1:40,0.24
29/12/2024 1:45,0.264
29/12/2024 1:50,0.192
29/12/2024 1:55,0.156
29/12/2024 2:00,0.252
29/12/2024 2:05,0.504
29/12/2024 2:10,0.4559999999999999
29/12/2024 2:15,0.42
29/12/2024 2:20,0.3
29/12/2024 2:25,0.2159999999999999
29/12/2024 2:30,0.396
29/12/2024 2:35,0.2279999999999999
29/12/2024 2:40,0.2279999999999999
29/12/2024 2:45,0.24
29/12/2024 2:50,0.312
29/12/2024 2:55,0.324
29/12/2024 3:00,0.2279999999999999
29/12/2024 3:05,0.204
29/12/2024 3:10,0.276
29/12/2024 3:15,0.288
29/12/2024 3:20,0.204
29/12/2024 3:25,0.276
29/12/2024 3:30,0.24
29/12/2024 3:35,0.276
29/12/2024 3:40,0.2279999999999999
29/12/2024 3:45,0.192
29/12/2024 3:50,0.204
29/12/2024 3:55,0.348
29/12/2024 4:00,0.264
29/12/2024 4:05,0.192
29/12/2024 4:10,0.192
29/12/2024 4:15,0.2159999999999999
29/12/2024 4:20,0.276
29/12/2024 4:25,0.3
29/12/2024 4:30,0.192
29/12/2024 4:35,0.18
29/12/2024 4:40,0.264
29/12/2024 4:45,0.252
29/12/2024 4:50,0.192
29/12/2024 4:55,0.252
29/12/2024 5:00,0.24
29/12/2024 5:05,0.252
29/12/2024 5:10,0.144
29/12/2024 5:15,0.096
29/12/2024 5:20,0.072
29/12/2024 5:25,0.204
29/12/2024 5:30,0.1079999999999999
29/12/2024 5:35,0.012
29/12/2024 5:40,0.0
29/12/2024 5:45,0.0
29/12/2024 5:50,0.0
29/12/2024 5:55,0.0
29/12/2024 6:00,0.0
29/12/2024 6:05,0.0
29/12/2024 6:10,0.012
29/12/2024 6:15,0.0
29/12/2024 6:20,0.0
29/12/2024 6:25,0.0
29/12/2024 6:30,0.0
29/12/2024 6:35,0.0
29/12/2024 6:40,0.0
29/12/2024 6:45,0.0
29/12/2024 6:50,0.0
29/12/2024 6:55,0.0
29/12/2024 7:00,0.0
29/12/2024 7:05,0.0
29/12/2024 7:10,0.0
29/12/2024 7:15,0.0
29/12/2024 7:20,0.0
29/12/2024 7:25,0.0
29/12/2024 7:30,0.0
29/12/2024 7:35,0.0
29/12/2024 7:40,0.0
29/12/2024 7:45,0.0
29/12/2024 7:50,0.0
29/12/2024 7:55,0.0
29/12/2024 8:00,0.0
29/12/2024 8:05,0.0
29/12/2024 8:10,0.0
29/12/2024 8:15,0.0
29/12/2024 8:20,0.0
29/12/2024 8:25,0.0
29/12/2024 8:30,0.0
29/12/2024 8:35,0.0
29/12/2024 8:40,0.0
29/12/2024 8:45,0.0
29/12/2024 8:50,0.0
29/12/2024 8:55,0.0
29/12/2024 9:00,0.0
29/12/2024 9:05,0.0
29/12/2024 9:10,0.0
29/12/2024 9:15,0.0
29/12/2024 9:20,0.0
29/12/2024 9:25,0.0
29/12/2024 9:30,0.0
29/12/2024 9:35,0.0
29/12/2024 9:40,0.0
29/12/2024 9:45,0.0
29/12/2024 9:50,0.0
29/12/2024 9:55,0.0
29/12/2024 10:00,0.0
29/12/2024 10:05,0.0
29/12/2024 10:10,0.0
29/12/2024 10:15,0.0
29/12/2024 10:20,0.0
29/12/2024 10:25,0.0
29/12/2024 10:30,0.0
29/12/2024 10:35,0.0
29/12/2024 10:40,0.0
29/12/2024 10:45,0.0
29/12/2024 10:50,0.0
29/12/2024 10:55,0.0
29/12/2024 11:00,0.0
29/12/2024 11:05,0.0
29/12/2024 11:10,0.0
29/12/2024 11:15,0.0
29/12/2024 11:20,0.0
29/12/2024 11:25,0.0
29/12/2024 11:30,0.0
29/12/2024 11:35,0.0
29/12/2024 11:40,0.0
29/12/2024 11:45,0.0
29/12/2024 11:50,0.0
29/12/2024 11:55,0.0
29/12/2024 12:00,0.0
29/12/2024 12:05,0.0
29/12/2024 12:10,0.0
29/12/2024 12:15,0.0
29/12/2024 12:20,0.0
29/12/2024 12:25,0.0
29/12/2024 12:30,0.0
29/12/2024 12:35,0.0
29/12/2024 12:40,0.0
29/12/2024 12:45,0.0
29/12/2024 12:50,0.0
29/12/2024 12:55,0.0
29/12/2024 13:00,0.0
29/12/2024 13:05,0.0
29/12/2024 13:10,0.0
29/12/2024 13:15,0.0
29/12/2024 13:20,0.0
29/12/2024 13:25,0.0
29/12/2024 13:30,0.0
29/12/2024 13:35,0.0
29/12/2024 13:40,0.0
29/12/2024 13:45,0.0
29/12/2024 13:50,0.0
29/12/2024 13:55,0.0
29/12/2024 14:00,0.0
29/12/2024 14:05,0.0
29/12/2024 14:10,0.0
29/12/2024 14:15,0.0
29/12/2024 14:20,0.0
29/12/2024 14:25,0.0
29/12/2024 14:30,0.0
29/12/2024 14:35,0.0
29/12/2024 14:40,0.0
29/12/2024 14:45,0.0
29/12/2024 14:50,0.0
29/12/2024 14:55,0.0
29/12/2024 15:00,0.0
29/12/2024 15:05,0.0
29/12/2024 15:10,0.0
29/12/2024 15:15,0.0
29/12/2024 15:20,0.0
29/12/2024 15:25,0.0
29/12/2024 15:30,0.0
29/12/2024 15:35,0.0
29/12/2024 15:40,0.0
29/12/2024 15:45,0.0
29/12/2024 15:50,0.0
29/12/2024 15:55,0.0
29/12/2024 16:00,0.0
29/12/2024 16:05,0.0
29/12/2024 16:10,0.0
29/12/2024 16:15,0.0
29/12/2024 16:20,0.0
29/12/2024 16:25,0.0
29/12/2024 16:30,0.0
29/12/2024 16:35,0.0
29/12/2024 16:40,0.0
29/12/2024 16:45,0.0
29/12/2024 16:50,0.0
29/12/2024 16:55,0.0
29/12/2024 17:00,0.0
29/12/2024 17:05,0.0
29/12/2024 17:10,0.0
29/12/2024 17:15,0.0
29/12/2024 17:20,0.0
29/12/2024 17:25,0.0
29/12/2024 17:30,0.0
29/12/2024 17:35,0.0
29/12/2024 17:40,0.0
29/12/2024 17:45,0.0
29/12/2024 17:50,0.0
29/12/2024 17:55,0.0
29/12/2024 18:00,0.0
29/12/2024 18:05,0.0
29/12/2024 18:10,0.0
29/12/2024 18:15,0.0
29/12/2024 18:20,0.06
29/12/2024 18:25,0.18
29/12/2024 18:30,0.06
29/12/2024 18:35,0.06
29/12/2024 18:40,0.1079999999999999
29/12/2024 18:45,0.264
29/12/2024 18:50,0.18
29/12/2024 18:55,0.156
29/12/2024 19:00,0.18
29/12/2024 19:05,0.3
29/12/2024 19:10,0.3
29/12/2024 19:15,0.18
29/12/2024 19:20,0.192
29/12/2024 19:25,0.252
29/12/2024 19:30,0.324
29/12/2024 19:35,0.204
29/12/2024 19:40,0.18
29/12/2024 19:45,0.2159999999999999
29/12/2024 19:50,0.336
29/12/2024 19:55,0.2279999999999999
29/12/2024 20:00,0.18
29/12/2024 20:05,0.192
29/12/2024 20:10,0.3
29/12/2024 20:15,0.288
29/12/2024 20:20,0.18
29/12/2024 20:25,0.192
29/12/2024 20:30,0.24
29/12/2024 20:35,0.324
29/12/2024 20:40,0.204
29/12/2024 20:45,0.192
29/12/2024 20:50,0.204
29/12/2024 20:55,0.324
29/12/2024 21:00,0.24
29/12/2024 21:05,0.18
29/12/2024 21:10,0.192
29/12/2024 21:15,0.288
29/12/2024 21:20,0.312
29/12/2024 21:25,0.18
29/12/2024 21:30,0.18
29/12/2024 21:35,0.2279999999999999
29/12/2024 21:40,0.348
29/12/2024 21:45,0.204
29/12/2024 21:50,0.192
29/12/2024 21:55,0.192
29/12/2024 22:00,0.264
29/12/2024 22:05,0.324
29/12/2024 22:10,0.18
29/12/2024 22:15,0.18
29/12/2024 22:20,0.252
29/12/2024 22:25,0.288
29/12/2024 22:30,0.252
29/12/2024 22:35,0.18
29/12/2024 22:40,0.2159999999999999
29/12/2024 22:45,0.264
29/12/2024 22:50,0.288
29/12/2024 22:55,0.192
29/12/2024 23:00,0.192
29/12/2024 23:05,0.264
29/12/2024 23:10,0.276
29/12/2024 23:15,0.2279999999999999
29/12/2024 23:20,0.192
29/12/2024 23:25,0.2279999999999999
29/12/2024 23:30,0.276
29/12/2024 23:35,0.264
29/12/2024 23:40,0.204
29/12/2024 23:45,0.192
29/12/2024 23:50,0.276
29/12/2024 23:55,0.24
30/12/2024 0:00,0.252
30/12/2024 0:05,0.192
30/12/2024 0:10,0.24
30/12/2024 0:15,0.276
30/12/2024 0:20,0.2159999999999999
30/12/2024 0:25,0.2279999999999999
30/12/2024 0:30,0.2159999999999999
30/12/2024 0:35,0.264
30/12/2024 0:40,0.2279999999999999
30/12/2024 0:45,0.252
30/12/2024 0:50,0.192
30/12/2024 0:55,0.264
30/12/2024 1:00,0.264
30/12/2024 1:05,0.192
30/12/2024 1:10,0.252
30/12/2024 1:15,0.2279999999999999
30/12/2024 1:20,0.264
30/12/2024 1:25,0.2159999999999999
30/12/2024 1:30,0.204
30/12/2024 1:35,0.24
30/12/2024 1:40,0.276
30/12/2024 1:45,0.252
30/12/2024 1:50,0.18
30/12/2024 1:55,0.252
30/12/2024 2:00,0.252
30/12/2024 2:05,0.264
30/12/2024 2:10,0.204
30/12/2024 2:15,0.18
30/12/2024 2:20,0.276
30/12/2024 2:25,0.276
30/12/2024 2:30,0.2279999999999999
30/12/2024 2:35,0.192
30/12/2024 2:40,0.192
30/12/2024 2:45,0.312
30/12/2024 2:50,0.276
30/12/2024 2:55,0.18
30/12/2024 3:00,0.192
30/12/2024 3:05,0.252
30/12/2024 3:10,0.3
30/12/2024 3:15,0.2279999999999999
30/12/2024 3:20,0.18
30/12/2024 3:25,0.192
30/12/2024 3:30,0.3
30/12/2024 3:35,0.3
30/12/2024 3:40,0.18
30/12/2024 3:45,0.192
30/12/2024 3:50,0.2279999999999999
30/12/2024 3:55,0.336
30/12/2024 4:00,0.2159999999999999
30/12/2024 4:05,0.18
30/12/2024 4:10,0.192
30/12/2024 4:15,0.276
30/12/2024 4:20,0.324
30/12/2024 4:25,0.18
30/12/2024 4:30,0.192
30/12/2024 4:35,0.24
30/12/2024 4:40,0.288
30/12/2024 4:45,0.252
30/12/2024 4:50,0.18
30/12/2024 4:55,0.204
30/12/2024 5:00,0.264
30/12/2024 5:05,1.7759999999999998
30/12/2024 5:10,0.4559999999999999
30/12/2024 5:15,0.276
30/12/2024 5:20,0.312
30/12/2024 5:25,0.252
30/12/2024 5:30,0.192
30/12/2024 5:35,0.132
30/12/2024 5:40,0.144
30/12/2024 5:45,0.132
30/12/2024 5:50,0.1079999999999999
30/12/2024 5:55,0.06
30/12/2024 6:00,0.1079999999999999
30/12/2024 6:05,0.156
30/12/2024 6:10,0.048
30/12/2024 6:15,0.1079999999999999
30/12/2024 6:20,0.1079999999999999
30/12/2024 6:25,0.096
30/12/2024 6:30,0.084
30/12/2024 6:35,0.072
30/12/2024 6:40,0.048
30/12/2024 6:45,0.048
30/12/2024 6:50,0.072
30/12/2024 6:55,0.06
30/12/2024 7:00,0.06
30/12/2024 7:05,0.0
30/12/2024 7:10,0.0
30/12/2024 7:15,0.0
30/12/2024 7:20,0.0
30/12/2024 7:25,0.0
30/12/2024 7:30,0.0
30/12/2024 7:35,0.0
30/12/2024 7:40,0.0
30/12/2024 7:45,0.0
30/12/2024 7:50,0.0
30/12/2024 7:55,0.0
30/12/2024 8:00,0.0
30/12/2024 8:05,0.0
30/12/2024 8:10,0.0
30/12/2024 8:15,0.0
30/12/2024 8:20,0.0
30/12/2024 8:25,0.0
30/12/2024 8:30,0.0
30/12/2024 8:35,0.0
30/12/2024 8:40,0.0
30/12/2024 8:45,0.0
30/12/2024 8:50,0.0
30/12/2024 8:55,0.0
30/12/2024 9:00,0.0
30/12/2024 9:05,0.0
30/12/2024 9:10,0.0
30/12/2024 9:15,0.0
30/12/2024 9:20,0.0
30/12/2024 9:25,0.0
30/12/2024 9:30,0.0
30/12/2024 9:35,0.0
30/12/2024 9:40,0.0
30/12/2024 9:45,0.0
30/12/2024 9:50,0.0
30/12/2024 9:55,0.0
30/12/2024 10:00,0.0
30/12/2024 10:05,0.0
30/12/2024 10:10,0.0
30/12/2024 10:15,0.0
30/12/2024 10:20,0.0
30/12/2024 10:25,0.0
30/12/2024 10:30,0.552
30/12/2024 10:35,0.0
30/12/2024 10:40,0.036
30/12/2024 10:45,0.0
30/12/2024 10:50,0.0
30/12/2024 10:55,0.0
30/12/2024 11:00,0.024
30/12/2024 11:05,0.084
30/12/2024 11:10,0.0
30/12/2024 11:15,0.0
30/12/2024 11:20,0.0
30/12/2024 11:25,0.06
30/12/2024 11:30,0.024
30/12/2024 11:35,0.0
30/12/2024 11:40,0.0
30/12/2024 11:45,0.012
30/12/2024 11:50,0.0
30/12/2024 11:55,0.0
30/12/2024 12:00,0.0
30/12/2024 12:05,0.0
30/12/2024 12:10,0.0
30/12/2024 12:15,0.0
30/12/2024 12:20,0.0
30/12/2024 12:25,0.0
30/12/2024 12:30,0.0
30/12/2024 12:35,0.012
30/12/2024 12:40,0.0
30/12/2024 12:45,0.168
30/12/2024 12:50,0.0
30/12/2024 12:55,0.0
30/12/2024 13:00,0.4679999999999999
30/12/2024 13:05,0.0
30/12/2024 13:10,0.072
30/12/2024 13:15,0.072
30/12/2024 13:20,0.0
30/12/2024 13:25,0.0
30/12/2024 13:30,0.012
30/12/2024 13:35,0.012
30/12/2024 13:40,0.8759999999999999
30/12/2024 13:45,2.3760000000000003
30/12/2024 13:50,0.396
30/12/2024 13:55,1.056
30/12/2024 14:00,1.536
30/12/2024 14:05,1.116
30/12/2024 14:10,0.4319999999999999
30/12/2024 14:15,0.18
30/12/2024 14:20,0.984
30/12/2024 14:25,1.068
30/12/2024 14:30,0.96
30/12/2024 14:35,0.972
30/12/2024 14:40,0.636
30/12/2024 14:45,2.088
30/12/2024 14:50,1.284
30/12/2024 14:55,1.572
30/12/2024 15:00,0.36
30/12/2024 15:05,0.012
30/12/2024 15:10,0.0
30/12/2024 15:15,0.0
30/12/2024 15:20,0.0
30/12/2024 15:25,0.0
30/12/2024 15:30,0.0
30/12/2024 15:35,0.0
30/12/2024 15:40,0.048
30/12/2024 15:45,0.012
30/12/2024 15:50,0.0
30/12/2024 15:55,0.012
30/12/2024 16:00,0.012
30/12/2024 16:05,0.036
30/12/2024 16:10,0.048
30/12/2024 16:15,0.048
30/12/2024 16:20,0.156
30/12/2024 16:25,0.084
30/12/2024 16:30,0.2159999999999999
30/12/2024 16:35,0.12
30/12/2024 16:40,0.252
30/12/2024 16:45,0.192
30/12/2024 16:50,0.768
30/12/2024 16:55,0.264
30/12/2024 17:00,0.612
30/12/2024 17:05,0.756
30/12/2024 17:10,0.42
30/12/2024 17:15,0.8280000000000001
30/12/2024 17:20,0.372
30/12/2024 17:25,0.804
30/12/2024 17:30,0.624
30/12/2024 17:35,0.66
30/12/2024 17:40,1.08
30/12/2024 17:45,0.768
30/12/2024 17:50,1.488
30/12/2024 17:55,3.4079999999999995
30/12/2024 18:00,5.136
30/12/2024 18:05,4.944
30/12/2024 18:10,5.28
30/12/2024 18:15,5.34
30/12/2024 18:20,5.292
30/12/2024 18:25,5.328
30/12/2024 18:30,5.352
30/12/2024 18:35,5.388
30/12/2024 18:40,5.364
30/12/2024 18:45,5.328
30/12/2024 18:50,1.308
30/12/2024 18:55,1.884
30/12/2024 19:00,1.884
30/12/2024 19:05,1.812
30/12/2024 19:10,1.86
30/12/2024 19:15,1.644
30/12/2024 19:20,1.2000000000000002
30/12/2024 19:25,1.128
30/12/2024 19:30,1.152
30/12/2024 19:35,1.14
30/12/2024 19:40,1.1880000000000002
30/12/2024 19:45,1.104
30/12/2024 19:50,1.116
30/12/2024 19:55,1.128
30/12/2024 20:00,1.152
30/12/2024 20:05,1.1760000000000002
30/12/2024 20:10,1.08
30/12/2024 20:15,4.392
30/12/2024 20:20,4.968
30/12/2024 20:25,4.86
30/12/2024 20:30,4.704000000000001
30/12/2024 20:35,4.68
30/12/2024 20:40,4.572
30/12/2024 20:45,4.68
30/12/2024 20:50,4.704000000000001
30/12/2024 20:55,4.704000000000001
30/12/2024 21:00,4.584
30/12/2024 21:05,4.5600000000000005
30/12/2024 21:10,4.644
30/12/2024 21:15,4.692
30/12/2024 21:20,4.5600000000000005
30/12/2024 21:25,4.548
30/12/2024 21:30,4.644
30/12/2024 21:35,4.92
30/12/2024 21:40,4.752000000000001
30/12/2024 21:45,4.788
30/12/2024 21:50,4.800000000000001
30/12/2024 21:55,4.668
30/12/2024 22:00,4.644
30/12/2024 22:05,4.6080000000000005
30/12/2024 22:10,4.572
30/12/2024 22:15,0.4439999999999999
30/12/2024 22:20,0.36
30/12/2024 22:25,0.2279999999999999
30/12/2024 22:30,0.2279999999999999
30/12/2024 22:35,0.288
30/12/2024 22:40,0.372
30/12/2024 22:45,0.252
30/12/2024 22:50,0.2159999999999999
30/12/2024 22:55,0.2279999999999999
30/12/2024 23:00,0.372
30/12/2024 23:05,0.288
30/12/2024 23:10,0.2159999999999999
30/12/2024 23:15,0.2159999999999999
30/12/2024 23:20,0.312
30/12/2024 23:25,0.312
30/12/2024 23:30,0.24
30/12/2024 23:35,0.2159999999999999
30/12/2024 23:40,0.2279999999999999
30/12/2024 23:45,0.336
30/12/2024 23:50,0.276
30/12/2024 23:55,0.204
31/12/2024 0:00,0.204
31/12/2024 0:05,0.312
31/12/2024 0:10,0.288
31/12/2024 0:15,0.2279999999999999
31/12/2024 0:20,0.192
31/12/2024 0:25,0.276
31/12/2024 0:30,0.3
31/12/2024 0:35,0.264
31/12/2024 0:40,0.192
31/12/2024 0:45,0.2159999999999999
31/12/2024 0:50,0.3
31/12/2024 0:55,0.276
31/12/2024 1:00,0.2279999999999999
31/12/2024 1:05,0.192
31/12/2024 1:10,0.264
31/12/2024 1:15,0.276
31/12/2024 1:20,0.264
31/12/2024 1:25,0.192
31/12/2024 1:30,0.2159999999999999
31/12/2024 1:35,0.288
31/12/2024 1:40,0.288
31/12/2024 1:45,0.2159999999999999
31/12/2024 1:50,0.192
31/12/2024 1:55,0.264
31/12/2024 2:00,0.276
31/12/2024 2:05,0.264
31/12/2024 2:10,0.192
31/12/2024 2:15,0.192
31/12/2024 2:20,0.312
31/12/2024 2:25,0.276
31/12/2024 2:30,0.2159999999999999
31/12/2024 2:35,0.192
31/12/2024 2:40,0.2159999999999999
31/12/2024 2:45,0.324
31/12/2024 2:50,0.264
31/12/2024 2:55,0.192
31/12/2024 3:00,0.192
31/12/2024 3:05,0.252
31/12/2024 3:10,0.348
31/12/2024 3:15,0.2159999999999999
31/12/2024 3:20,0.192
31/12/2024 3:25,0.192
31/12/2024 3:30,0.288
31/12/2024 3:35,0.324
31/12/2024 3:40,0.192
31/12/2024 3:45,0.192
31/12/2024 3:50,0.2159999999999999
31/12/2024 3:55,0.336
31/12/2024 4:00,0.252
31/12/2024 4:05,0.204
31/12/2024 4:10,0.192
31/12/2024 4:15,0.252
31/12/2024 4:20,0.288
31/12/2024 4:25,0.264
31/12/2024 4:30,0.192
31/12/2024 4:35,0.204
31/12/2024 4:40,0.276
31/12/2024 4:45,0.24
31/12/2024 4:50,0.276
31/12/2024 4:55,0.192
31/12/2024 5:00,0.2279999999999999
31/12/2024 5:05,1.7519999999999998
31/12/2024 5:10,0.372
31/12/2024 5:15,0.312
31/12/2024 5:20,0.24
31/12/2024 5:25,0.516
31/12/2024 5:30,0.192
31/12/2024 5:35,0.1079999999999999
31/12/2024 5:40,0.168
31/12/2024 5:45,0.084
31/12/2024 5:50,0.12
31/12/2024 5:55,0.096
31/12/2024 6:00,0.1079999999999999
31/12/2024 6:05,0.384
31/12/2024 6:10,0.384
31/12/2024 6:15,0.276
31/12/2024 6:20,0.18
31/12/2024 6:25,2.316
31/12/2024 6:30,2.508
31/12/2024 6:35,2.628
31/12/2024 6:40,4.128
31/12/2024 6:45,5.052
31/12/2024 6:50,0.6960000000000001
31/12/2024 6:55,0.624
31/12/2024 7:00,2.184
31/12/2024 7:05,0.8879999999999999
31/12/2024 7:10,0.756
31/12/2024 7:15,0.8999999999999999
31/12/2024 7:20,0.276
31/12/2024 7:25,0.048
31/12/2024 7:30,0.0
31/12/2024 7:35,0.0
31/12/2024 7:40,0.0
31/12/2024 7:45,0.0
31/12/2024 7:50,0.048
31/12/2024 7:55,0.024
31/12/2024 8:00,0.0
31/12/2024 8:05,0.0
31/12/2024 8:10,0.0
31/12/2024 8:15,0.0
31/12/2024 8:20,0.0
31/12/2024 8:25,0.0
31/12/2024 8:30,0.132
31/12/2024 8:35,0.132
31/12/2024 8:40,0.06
31/12/2024 8:45,0.0
31/12/2024 8:50,0.0
31/12/2024 8:55,0.0
31/12/2024 9:00,0.0
31/12/2024 9:05,0.0
31/12/2024 9:10,0.0
31/12/2024 9:15,0.0
31/12/2024 9:20,0.0
31/12/2024 9:25,0.0
31/12/2024 9:30,0.0
31/12/2024 9:35,0.0
31/12/2024 9:40,0.0
31/12/2024 9:45,0.0
31/12/2024 9:50,0.0
31/12/2024 9:55,0.0
31/12/2024 10:00,0.0
31/12/2024 10:05,0.0
31/12/2024 10:10,0.0
31/12/2024 10:15,0.0
31/12/2024 10:20,0.0
31/12/2024 10:25,0.0
31/12/2024 10:30,0.0
31/12/2024 10:35,0.0
31/12/2024 10:40,0.012
31/12/2024 10:45,0.036
31/12/2024 10:50,0.516
31/12/2024 10:55,0.4319999999999999
31/12/2024 11:00,2.3280000000000003
31/12/2024 11:05,2.34
31/12/2024 11:10,0.168
31/12/2024 11:15,0.1079999999999999
31/12/2024 11:20,0.096
31/12/2024 11:25,1.224
31/12/2024 11:30,1.476
31/12/2024 11:35,1.152
31/12/2024 11:40,0.972
31/12/2024 11:45,2.436
31/12/2024 11:50,1.7039999999999995
31/12/2024 11:55,1.7999999999999998
31/12/2024 12:00,1.116
31/12/2024 12:05,1.488
31/12/2024 12:10,0.732
31/12/2024 12:15,0.2279999999999999
31/12/2024 12:20,1.008
31/12/2024 12:25,2.52
31/12/2024 12:30,1.1880000000000002
31/12/2024 12:35,1.62
31/12/2024 12:40,0.252
31/12/2024 12:45,1.452
31/12/2024 12:50,1.7879999999999998
31/12/2024 12:55,2.976
31/12/2024 13:00,2.172
31/12/2024 13:05,1.7039999999999995
31/12/2024 13:10,2.3760000000000003
31/12/2024 13:15,1.824
31/12/2024 13:20,1.824
31/12/2024 13:25,2.472
31/12/2024 13:30,1.2000000000000002
31/12/2024 13:35,0.8759999999999999
31/12/2024 13:40,0.8400000000000001
31/12/2024 13:45,0.036
31/12/2024 13:50,0.144
31/12/2024 13:55,0.6960000000000001
31/12/2024 14:00,1.356
31/12/2024 14:05,2.3040000000000003
31/12/2024 14:10,2.592
31/12/2024 14:15,3.144
31/12/2024 14:20,3.552
31/12/2024 14:25,2.34
31/12/2024 14:30,1.464
31/12/2024 14:35,1.7999999999999998
31/12/2024 14:40,1.86
31/12/2024 14:45,1.896
31/12/2024 14:50,2.1
31/12/2024 14:55,2.316
31/12/2024 15:00,2.208
31/12/2024 15:05,2.3040000000000003
31/12/2024 15:10,2.3040000000000003
31/12/2024 15:15,1.62
31/12/2024 15:20,1.2000000000000002
31/12/2024 15:25,1.308
31/12/2024 15:30,1.164
31/12/2024 15:35,1.1760000000000002
31/12/2024 15:40,0.924
31/12/2024 15:45,1.836
31/12/2024 15:50,1.7399999999999998
31/12/2024 15:55,1.644
31/12/2024 16:00,1.536
31/12/2024 16:05,1.524
31/12/2024 16:10,1.908
31/12/2024 16:15,1.644
31/12/2024 16:20,1.524
31/12/2024 16:25,2.172
31/12/2024 16:30,3.636
31/12/2024 16:35,3.672
31/12/2024 16:40,2.4240000000000004
31/12/2024 16:45,2.364
31/12/2024 16:50,2.3280000000000003
31/12/2024 16:55,2.388
31/12/2024 17:00,2.556
31/12/2024 17:05,1.872
31/12/2024 17:10,0.0
31/12/2024 17:15,0.0
31/12/2024 17:20,0.0
31/12/2024 17:25,0.0
31/12/2024 17:30,0.0
31/12/2024 17:35,0.0
31/12/2024 17:40,0.0
31/12/2024 17:45,0.0
31/12/2024 17:50,0.0
31/12/2024 17:55,0.0
31/12/2024 18:00,0.0
31/12/2024 18:05,0.1079999999999999
31/12/2024 18:10,0.4319999999999999
31/12/2024 18:15,0.372
31/12/2024 18:20,0.408
31/12/2024 18:25,0.4679999999999999
31/12/2024 18:30,0.4319999999999999
31/12/2024 18:35,0.4679999999999999
31/12/2024 18:40,0.48
31/12/2024 18:45,0.4679999999999999
31/12/2024 18:50,0.4319999999999999
31/12/2024 18:55,0.4679999999999999
31/12/2024 19:00,0.528
31/12/2024 19:05,0.552
31/12/2024 19:10,0.492
31/12/2024 19:15,0.552
31/12/2024 19:20,0.612
31/12/2024 19:25,0.624
31/12/2024 19:30,0.6000000000000001
31/12/2024 19:35,0.612
31/12/2024 19:40,0.552
31/12/2024 19:45,0.624
31/12/2024 19:50,0.636
31/12/2024 19:55,0.612
31/12/2024 20:00,0.54
31/12/2024 20:05,0.5880000000000001
31/12/2024 20:10,0.624
31/12/2024 20:15,0.672
31/12/2024 20:20,0.552
31/12/2024 20:25,0.552
31/12/2024 20:30,0.6960000000000001
31/12/2024 20:35,0.744
31/12/2024 20:40,0.612
31/12/2024 20:45,0.624
31/12/2024 20:50,0.66
31/12/2024 20:55,0.732
31/12/2024 21:00,0.66
31/12/2024 21:05,0.6000000000000001
31/12/2024 21:10,0.5880000000000001
31/12/2024 21:15,0.636
31/12/2024 21:20,0.648
31/12/2024 21:25,0.5880000000000001
31/12/2024 21:30,0.552
31/12/2024 21:35,0.54
31/12/2024 21:40,0.684
31/12/2024 21:45,0.5880000000000001
31/12/2024 21:50,0.552
31/12/2024 21:55,0.528
31/12/2024 22:00,0.636
31/12/2024 22:05,0.552
31/12/2024 22:10,0.4679999999999999
31/12/2024 22:15,0.4679999999999999
31/12/2024 22:20,0.5760000000000001
31/12/2024 22:25,0.5640000000000001
31/12/2024 22:30,0.504
31/12/2024 22:35,0.4439999999999999
31/12/2024 22:40,0.4559999999999999
31/12/2024 22:45,0.528
31/12/2024 22:50,0.504
31/12/2024 22:55,0.4319999999999999
31/12/2024 23:00,0.372
31/12/2024 23:05,0.492
31/12/2024 23:10,0.4679999999999999
31/12/2024 23:15,0.4319999999999999
31/12/2024 23:20,0.372
31/12/2024 23:25,0.54
31/12/2024 23:30,0.684
31/12/2024 23:35,0.66
31/12/2024 23:40,0.5880000000000001
31/12/2024 23:45,0.48
31/12/2024 23:50,0.4559999999999999
31/12/2024 23:55,0.516
1/01/2025 0:00,0.4679999999999999
