SETTLEMENTDATE,IMPORT_KW
1/01/2025 0:05,0.504
1/01/2025 0:10,4.404
1/01/2025 0:15,4.644
1/01/2025 0:20,4.704000000000001
1/01/2025 0:25,4.788
1/01/2025 0:30,4.596
1/01/2025 0:35,4.584
1/01/2025 0:40,4.668
1/01/2025 0:45,4.6080000000000005
1/01/2025 0:50,4.548
1/01/2025 0:55,4.6080000000000005
1/01/2025 1:00,4.572
1/01/2025 1:05,4.596
1/01/2025 1:10,4.548
1/01/2025 1:15,4.5
1/01/2025 1:20,4.452
1/01/2025 1:25,4.5120000000000005
1/01/2025 1:30,4.488
1/01/2025 1:35,4.38
1/01/2025 1:40,4.476
1/01/2025 1:45,4.464
1/01/2025 1:50,4.488
1/01/2025 1:55,4.428
1/01/2025 2:00,4.428
1/01/2025 2:05,4.08
1/01/2025 2:10,0.276
1/01/2025 2:15,0.276
1/01/2025 2:20,0.204
1/01/2025 2:25,0.264
1/01/2025 2:30,0.2159999999999999
1/01/2025 2:35,0.288
1/01/2025 2:40,0.252
1/01/2025 2:45,0.264
1/01/2025 2:50,0.204
1/01/2025 2:55,0.252
1/01/2025 3:00,0.288
1/01/2025 3:05,0.2279999999999999
1/01/2025 3:10,0.252
1/01/2025 3:15,0.204
1/01/2025 3:20,0.288
1/01/2025 3:25,0.288
1/01/2025 3:30,0.2159999999999999
1/01/2025 3:35,0.264
1/01/2025 3:40,0.2279999999999999
1/01/2025 3:45,0.288
1/01/2025 3:50,0.24
1/01/2025 3:55,0.276
1/01/2025 4:00,0.192
1/01/2025 4:05,0.264
1/01/2025 4:10,0.288
1/01/2025 4:15,0.2159999999999999
1/01/2025 4:20,0.276
1/01/2025 4:25,0.204
1/01/2025 4:30,0.288
1/01/2025 4:35,0.264
1/01/2025 4:40,0.204
1/01/2025 4:45,0.276
1/01/2025 4:50,0.2279999999999999
1/01/2025 4:55,0.288
1/01/2025 5:00,0.24
1/01/2025 5:05,1.7519999999999998
1/01/2025 5:10,0.48
1/01/2025 5:15,0.348
1/01/2025 5:20,0.348
1/01/2025 5:25,0.168
1/01/2025 5:30,0.156
1/01/2025 5:35,0.18
1/01/2025 5:40,0.204
1/01/2025 5:45,0.144
1/01/2025 5:50,0.06
1/01/2025 5:55,0.168
1/01/2025 6:00,0.156
1/01/2025 6:05,0.5880000000000001
1/01/2025 6:10,0.156
1/01/2025 6:15,0.336
1/01/2025 6:20,0.144
1/01/2025 6:25,0.096
1/01/2025 6:30,0.12
1/01/2025 6:35,0.084
1/01/2025 6:40,0.084
1/01/2025 6:45,0.096
1/01/2025 6:50,0.084
1/01/2025 6:55,0.084
1/01/2025 7:00,0.12
1/01/2025 7:05,0.0
1/01/2025 7:10,0.0
1/01/2025 7:15,0.0
1/01/2025 7:20,0.0
1/01/2025 7:25,0.096
1/01/2025 7:30,0.168
1/01/2025 7:35,0.0
1/01/2025 7:40,0.036
1/01/2025 7:45,0.0
1/01/2025 7:50,0.0
1/01/2025 7:55,0.0
1/01/2025 8:00,0.0
1/01/2025 8:05,0.0
1/01/2025 8:10,0.0
1/01/2025 8:15,0.0
1/01/2025 8:20,0.0
1/01/2025 8:25,0.0
1/01/2025 8:30,1.092
1/01/2025 8:35,2.976
1/01/2025 8:40,3.792
1/01/2025 8:45,2.772
1/01/2025 8:50,2.652
1/01/2025 8:55,1.632
1/01/2025 9:00,1.7399999999999998
1/01/2025 9:05,1.368
1/01/2025 9:10,1.332
1/01/2025 9:15,1.38
1/01/2025 9:20,1.236
1/01/2025 9:25,1.224
1/01/2025 9:30,1.1880000000000002
1/01/2025 9:35,0.336
1/01/2025 9:40,0.0
1/01/2025 9:45,0.0
1/01/2025 9:50,0.0
1/01/2025 9:55,0.0
1/01/2025 10:00,0.0
1/01/2025 10:05,0.0
1/01/2025 10:10,0.0
1/01/2025 10:15,0.0
1/01/2025 10:20,0.0
1/01/2025 10:25,0.0
1/01/2025 10:30,0.0
1/01/2025 10:35,0.0
1/01/2025 10:40,0.0
1/01/2025 10:45,0.0
1/01/2025 10:50,0.0
1/01/2025 10:55,0.0
1/01/2025 11:00,0.0
1/01/2025 11:05,0.0
1/01/2025 11:10,0.0
1/01/2025 11:15,0.0
1/01/2025 11:20,0.0
1/01/2025 11:25,0.0
1/01/2025 11:30,0.0
1/01/2025 11:35,0.0
1/01/2025 11:40,0.0
1/01/2025 11:45,0.0
1/01/2025 11:50,0.0
1/01/2025 11:55,0.0
1/01/2025 12:00,0.0
1/01/2025 12:05,0.0
1/01/2025 12:10,0.0
1/01/2025 12:15,0.0
1/01/2025 12:20,0.0
1/01/2025 12:25,0.0
1/01/2025 12:30,0.0
1/01/2025 12:35,0.0
1/01/2025 12:40,0.0
1/01/2025 12:45,0.0
1/01/2025 12:50,0.0
1/01/2025 12:55,0.0
1/01/2025 13:00,0.0
1/01/2025 13:05,0.0
1/01/2025 13:10,0.0
1/01/2025 13:15,0.0
1/01/2025 13:20,0.0
1/01/2025 13:25,0.0
1/01/2025 13:30,0.0
1/01/2025 13:35,0.096
1/01/2025 13:40,0.288
1/01/2025 13:45,0.288
1/01/2025 13:50,0.372
1/01/2025 13:55,0.336
1/01/2025 14:00,0.24
1/01/2025 14:05,0.348
1/01/2025 14:10,0.4559999999999999
1/01/2025 14:15,0.54
1/01/2025 14:20,0.8400000000000001
1/01/2025 14:25,0.552
1/01/2025 14:30,0.528
1/01/2025 14:35,0.528
1/01/2025 14:40,0.72
1/01/2025 14:45,0.624
1/01/2025 14:50,0.8280000000000001
1/01/2025 14:55,0.756
1/01/2025 15:00,1.152
1/01/2025 15:05,2.3040000000000003
1/01/2025 15:10,1.992
1/01/2025 15:15,1.368
1/01/2025 15:20,1.344
1/01/2025 15:25,2.484
1/01/2025 15:30,2.892
1/01/2025 15:35,2.7
1/01/2025 15:40,2.184
1/01/2025 15:45,1.896
1/01/2025 15:50,2.3280000000000003
1/01/2025 15:55,2.7960000000000003
1/01/2025 16:00,2.76
1/01/2025 16:05,2.4000000000000004
1/01/2025 16:10,1.7759999999999998
1/01/2025 16:15,2.856
1/01/2025 16:20,2.544
1/01/2025 16:25,2.64
1/01/2025 16:30,2.292
1/01/2025 16:35,2.388
1/01/2025 16:40,2.7
1/01/2025 16:45,2.892
1/01/2025 16:50,3.192
1/01/2025 16:55,3.3839999999999995
1/01/2025 17:00,3.3480000000000003
1/01/2025 17:05,3.3120000000000003
1/01/2025 17:10,3.492
1/01/2025 17:15,3.744
1/01/2025 17:20,3.816
1/01/2025 17:25,3.792
1/01/2025 17:30,3.9
1/01/2025 17:35,4.151999999999999
1/01/2025 17:40,4.236
1/01/2025 17:45,4.164
1/01/2025 17:50,4.308
1/01/2025 17:55,4.428
1/01/2025 18:00,4.5600000000000005
1/01/2025 18:05,4.584
1/01/2025 18:10,4.548
1/01/2025 18:15,4.992
1/01/2025 18:20,7.224
1/01/2025 18:25,5.88
1/01/2025 18:30,5.388
1/01/2025 18:35,7.055999999999999
1/01/2025 18:40,7.439999999999999
1/01/2025 18:45,7.092
1/01/2025 18:50,6.792
1/01/2025 18:55,6.384
1/01/2025 19:00,6.612
1/01/2025 19:05,5.5680000000000005
1/01/2025 19:10,5.5680000000000005
1/01/2025 19:15,5.5920000000000005
1/01/2025 19:20,2.256
1/01/2025 19:25,0.408
1/01/2025 19:30,0.492
1/01/2025 19:35,0.48
1/01/2025 19:40,0.372
1/01/2025 19:45,0.348
1/01/2025 19:50,0.4559999999999999
1/01/2025 19:55,0.48
1/01/2025 20:00,0.372
1/01/2025 20:05,0.348
1/01/2025 20:10,0.4439999999999999
1/01/2025 20:15,0.4319999999999999
1/01/2025 20:20,0.42
1/01/2025 20:25,0.36
1/01/2025 20:30,0.42
1/01/2025 20:35,0.324
1/01/2025 20:40,0.372
1/01/2025 20:45,0.276
1/01/2025 20:50,0.288
1/01/2025 20:55,0.2159999999999999
1/01/2025 21:00,0.252
1/01/2025 21:05,0.42
1/01/2025 21:10,0.504
1/01/2025 21:15,0.4319999999999999
1/01/2025 21:20,0.492
1/01/2025 21:25,0.348
1/01/2025 21:30,0.288
1/01/2025 21:35,0.252
1/01/2025 21:40,0.276
1/01/2025 21:45,0.324
1/01/2025 21:50,0.384
1/01/2025 21:55,0.24
1/01/2025 22:00,0.24
1/01/2025 22:05,0.3
1/01/2025 22:10,0.384
1/01/2025 22:15,0.252
1/01/2025 22:20,0.2279999999999999
1/01/2025 22:25,0.252
1/01/2025 22:30,0.384
1/01/2025 22:35,0.3
1/01/2025 22:40,3.06
1/01/2025 22:45,4.44
1/01/2025 22:50,4.704000000000001
1/01/2025 22:55,4.704000000000001
1/01/2025 23:00,4.644
1/01/2025 23:05,4.62
1/01/2025 23:10,4.644
1/01/2025 23:15,4.632
1/01/2025 23:20,4.596
1/01/2025 23:25,4.548
1/01/2025 23:30,4.548
1/01/2025 23:35,4.572
1/01/2025 23:40,4.596
1/01/2025 23:45,4.584
1/01/2025 23:50,4.572
1/01/2025 23:55,4.536
2/01/2025 0:00,4.6080000000000005
2/01/2025 0:05,4.62
2/01/2025 0:10,4.548
2/01/2025 0:15,1.236
2/01/2025 0:20,0.24
2/01/2025 0:25,0.324
2/01/2025 0:30,0.324
2/01/2025 0:35,0.2159999999999999
2/01/2025 0:40,0.204
2/01/2025 0:45,0.288
2/01/2025 0:50,0.372
2/01/2025 0:55,0.2279999999999999
2/01/2025 1:00,0.2159999999999999
2/01/2025 1:05,0.2159999999999999
2/01/2025 1:10,0.372
2/01/2025 1:15,0.276
2/01/2025 1:20,0.204
2/01/2025 1:25,0.2159999999999999
2/01/2025 1:30,0.3
2/01/2025 1:35,0.312
2/01/2025 1:40,0.24
2/01/2025 1:45,0.204
2/01/2025 1:50,0.2159999999999999
2/01/2025 1:55,0.348
2/01/2025 2:00,0.288
2/01/2025 2:05,0.204
2/01/2025 2:10,0.204
2/01/2025 2:15,0.312
2/01/2025 2:20,0.288
2/01/2025 2:25,0.252
2/01/2025 2:30,0.204
2/01/2025 2:35,0.276
2/01/2025 2:40,0.276
2/01/2025 2:45,0.3
2/01/2025 2:50,0.2159999999999999
2/01/2025 2:55,0.24
2/01/2025 3:00,0.252
2/01/2025 3:05,0.288
2/01/2025 3:10,0.276
2/01/2025 3:15,0.2159999999999999
2/01/2025 3:20,0.276
2/01/2025 3:25,0.252
2/01/2025 3:30,0.3
2/01/2025 3:35,0.312
2/01/2025 3:40,0.324
2/01/2025 3:45,0.276
2/01/2025 3:50,0.36
2/01/2025 3:55,0.396
2/01/2025 4:00,0.348
2/01/2025 4:05,0.312
2/01/2025 4:10,0.264
2/01/2025 4:15,0.336
2/01/2025 4:20,0.312
2/01/2025 4:25,0.3
2/01/2025 4:30,0.276
2/01/2025 4:35,0.3
2/01/2025 4:40,0.336
2/01/2025 4:45,0.276
2/01/2025 4:50,0.324
2/01/2025 4:55,0.252
2/01/2025 5:00,0.324
2/01/2025 5:05,1.896
2/01/2025 5:10,0.5760000000000001
2/01/2025 5:15,0.4559999999999999
2/01/2025 5:20,0.42
2/01/2025 5:25,0.4679999999999999
2/01/2025 5:30,0.408
2/01/2025 5:35,0.348
2/01/2025 5:40,0.264
2/01/2025 5:45,0.312
2/01/2025 5:50,0.324
2/01/2025 5:55,0.192
2/01/2025 6:00,0.288
2/01/2025 6:05,0.192
2/01/2025 6:10,0.168
2/01/2025 6:15,0.12
2/01/2025 6:20,0.264
2/01/2025 6:25,0.336
2/01/2025 6:30,0.768
2/01/2025 6:35,0.8639999999999999
2/01/2025 6:40,0.8999999999999999
2/01/2025 6:45,0.8160000000000001
2/01/2025 6:50,0.672
2/01/2025 6:55,0.936
2/01/2025 7:00,1.7639999999999998
2/01/2025 7:05,0.36
2/01/2025 7:10,0.5760000000000001
2/01/2025 7:15,0.252
2/01/2025 7:20,0.2279999999999999
2/01/2025 7:25,0.168
2/01/2025 7:30,0.084
2/01/2025 7:35,0.132
2/01/2025 7:40,0.336
2/01/2025 7:45,0.72
2/01/2025 7:50,0.78
2/01/2025 7:55,0.408
2/01/2025 8:00,0.492
2/01/2025 8:05,0.756
2/01/2025 8:10,1.056
2/01/2025 8:15,0.8519999999999999
2/01/2025 8:20,1.32
2/01/2025 8:25,1.308
2/01/2025 8:30,1.512
2/01/2025 8:35,1.368
2/01/2025 8:40,0.936
2/01/2025 8:45,0.924
2/01/2025 8:50,0.048
2/01/2025 8:55,0.0
2/01/2025 9:00,0.0
2/01/2025 9:05,0.0
2/01/2025 9:10,0.2159999999999999
2/01/2025 9:15,2.436
2/01/2025 9:20,1.668
2/01/2025 9:25,0.264
2/01/2025 9:30,1.452
2/01/2025 9:35,1.848
2/01/2025 9:40,0.78
2/01/2025 9:45,0.5640000000000001
2/01/2025 9:50,0.408
2/01/2025 9:55,0.4439999999999999
2/01/2025 10:00,0.0
2/01/2025 10:05,0.0
2/01/2025 10:10,0.0
2/01/2025 10:15,0.0
2/01/2025 10:20,0.036
2/01/2025 10:25,0.0
2/01/2025 10:30,0.36
2/01/2025 10:35,0.5880000000000001
2/01/2025 10:40,0.336
2/01/2025 10:45,0.2279999999999999
2/01/2025 10:50,0.036
2/01/2025 10:55,0.06
2/01/2025 11:00,1.08
2/01/2025 11:05,1.512
2/01/2025 11:10,1.392
2/01/2025 11:15,1.26
2/01/2025 11:20,0.636
2/01/2025 11:25,0.324
2/01/2025 11:30,0.324
2/01/2025 11:35,0.276
2/01/2025 11:40,0.0
2/01/2025 11:45,0.252
2/01/2025 11:50,0.0
2/01/2025 11:55,0.0
2/01/2025 12:00,0.0
2/01/2025 12:05,0.012
2/01/2025 12:10,0.0
2/01/2025 12:15,0.0
2/01/2025 12:20,0.0
2/01/2025 12:25,0.0
2/01/2025 12:30,0.0
2/01/2025 12:35,0.0
2/01/2025 12:40,0.0
2/01/2025 12:45,0.0
2/01/2025 12:50,0.0
2/01/2025 12:55,0.0
2/01/2025 13:00,0.0
2/01/2025 13:05,0.0
2/01/2025 13:10,0.0
2/01/2025 13:15,0.0
2/01/2025 13:20,0.0
2/01/2025 13:25,0.0
2/01/2025 13:30,0.0
2/01/2025 13:35,0.0
2/01/2025 13:40,0.0
2/01/2025 13:45,0.0
2/01/2025 13:50,0.0
2/01/2025 13:55,0.0
2/01/2025 14:00,0.012
2/01/2025 14:05,0.024
2/01/2025 14:10,0.0
2/01/2025 14:15,0.0
2/01/2025 14:20,0.0
2/01/2025 14:25,0.0
2/01/2025 14:30,0.0
2/01/2025 14:35,0.0
2/01/2025 14:40,0.0
2/01/2025 14:45,0.0
2/01/2025 14:50,0.0
2/01/2025 14:55,0.0
2/01/2025 15:00,0.0
2/01/2025 15:05,0.0
2/01/2025 15:10,0.0
2/01/2025 15:15,0.0
2/01/2025 15:20,0.0
2/01/2025 15:25,0.0
2/01/2025 15:30,0.0
2/01/2025 15:35,0.0
2/01/2025 15:40,0.0
2/01/2025 15:45,0.0
2/01/2025 15:50,0.0
2/01/2025 15:55,0.0
2/01/2025 16:00,0.0
2/01/2025 16:05,0.0
2/01/2025 16:10,0.0
2/01/2025 16:15,0.0
2/01/2025 16:20,0.0
2/01/2025 16:25,0.036
2/01/2025 16:30,0.336
2/01/2025 16:35,0.36
2/01/2025 16:40,0.804
2/01/2025 16:45,0.492
2/01/2025 16:50,0.8280000000000001
2/01/2025 16:55,0.924
2/01/2025 17:00,0.2279999999999999
2/01/2025 17:05,0.192
2/01/2025 17:10,0.204
2/01/2025 17:15,0.264
2/01/2025 17:20,0.348
2/01/2025 17:25,0.312
2/01/2025 17:30,0.312
2/01/2025 17:35,0.336
2/01/2025 17:40,0.396
2/01/2025 17:45,0.4559999999999999
2/01/2025 17:50,2.916
2/01/2025 17:55,2.1
2/01/2025 18:00,1.584
2/01/2025 18:05,0.4439999999999999
2/01/2025 18:10,0.372
2/01/2025 18:15,0.396
2/01/2025 18:20,0.336
2/01/2025 18:25,0.408
2/01/2025 18:30,0.4439999999999999
2/01/2025 18:35,0.36
2/01/2025 18:40,0.396
2/01/2025 18:45,0.4559999999999999
2/01/2025 18:50,0.492
2/01/2025 18:55,0.504
2/01/2025 19:00,0.408
2/01/2025 19:05,0.4319999999999999
2/01/2025 19:10,0.492
2/01/2025 19:15,0.552
2/01/2025 19:20,0.48
2/01/2025 19:25,0.42
2/01/2025 19:30,0.4679999999999999
2/01/2025 19:35,0.552
2/01/2025 19:40,0.5760000000000001
2/01/2025 19:45,0.504
2/01/2025 19:50,0.4319999999999999
2/01/2025 19:55,0.768
2/01/2025 20:00,1.152
2/01/2025 20:05,1.104
2/01/2025 20:10,1.02
2/01/2025 20:15,1.068
2/01/2025 20:20,1.08
2/01/2025 20:25,1.2000000000000002
2/01/2025 20:30,1.164
2/01/2025 20:35,1.128
2/01/2025 20:40,1.296
2/01/2025 20:45,1.32
2/01/2025 20:50,1.284
2/01/2025 20:55,1.284
2/01/2025 21:00,0.8280000000000001
2/01/2025 21:05,0.42
2/01/2025 21:10,0.3
2/01/2025 21:15,0.336
2/01/2025 21:20,0.312
2/01/2025 21:25,0.264
2/01/2025 21:30,0.2279999999999999
2/01/2025 21:35,0.3
2/01/2025 21:40,0.312
2/01/2025 21:45,0.252
2/01/2025 21:50,0.288
2/01/2025 21:55,0.2159999999999999
2/01/2025 22:00,0.312
2/01/2025 22:05,0.288
2/01/2025 22:10,0.2159999999999999
2/01/2025 22:15,0.252
2/01/2025 22:20,0.264
2/01/2025 22:25,0.3
2/01/2025 22:30,0.264
2/01/2025 22:35,0.2159999999999999
2/01/2025 22:40,0.252
2/01/2025 22:45,0.264
2/01/2025 22:50,0.288
2/01/2025 22:55,0.24
2/01/2025 23:00,0.204
2/01/2025 23:05,0.252
2/01/2025 23:10,0.276
2/01/2025 23:15,0.288
2/01/2025 23:20,0.2159999999999999
2/01/2025 23:25,0.204
2/01/2025 23:30,0.24
2/01/2025 23:35,0.3
2/01/2025 23:40,0.288
2/01/2025 23:45,0.192
2/01/2025 23:50,0.204
2/01/2025 23:55,0.264
3/01/2025 0:00,0.312
3/01/2025 0:05,0.264
3/01/2025 0:10,0.204
3/01/2025 0:15,0.204
3/01/2025 0:20,0.264
3/01/2025 0:25,0.336
3/01/2025 0:30,0.24
3/01/2025 0:35,0.204
3/01/2025 0:40,0.204
3/01/2025 0:45,0.264
3/01/2025 0:50,0.372
3/01/2025 0:55,0.2159999999999999
3/01/2025 1:00,0.204
3/01/2025 1:05,0.204
3/01/2025 1:10,0.276
3/01/2025 1:15,0.324
3/01/2025 1:20,0.24
3/01/2025 1:25,0.204
3/01/2025 1:30,0.204
3/01/2025 1:35,0.288
3/01/2025 1:40,0.264
3/01/2025 1:45,0.264
3/01/2025 1:50,0.204
3/01/2025 1:55,0.2159999999999999
3/01/2025 2:00,0.288
3/01/2025 2:05,0.252
3/01/2025 2:10,0.252
3/01/2025 2:15,0.18
3/01/2025 2:20,0.204
3/01/2025 2:25,0.252
3/01/2025 2:30,0.192
3/01/2025 2:35,0.156
3/01/2025 2:40,0.276
3/01/2025 2:45,0.264
3/01/2025 2:50,0.288
3/01/2025 2:55,0.2159999999999999
3/01/2025 3:00,0.192
3/01/2025 3:05,0.264
3/01/2025 3:10,0.276
3/01/2025 3:15,0.276
3/01/2025 3:20,0.192
3/01/2025 3:25,0.204
3/01/2025 3:30,0.24
3/01/2025 3:35,0.336
3/01/2025 3:40,0.252
3/01/2025 3:45,0.192
3/01/2025 3:50,0.192
3/01/2025 3:55,0.2279999999999999
3/01/2025 4:00,0.3
3/01/2025 4:05,0.3
3/01/2025 4:10,0.192
3/01/2025 4:15,0.204
3/01/2025 4:20,0.24
3/01/2025 4:25,0.276
3/01/2025 4:30,0.24
3/01/2025 4:35,0.264
3/01/2025 4:40,0.204
3/01/2025 4:45,0.252
3/01/2025 4:50,0.288
3/01/2025 4:55,0.204
3/01/2025 5:00,0.204
3/01/2025 5:05,1.836
3/01/2025 5:10,0.54
3/01/2025 5:15,0.4559999999999999
3/01/2025 5:20,0.2159999999999999
3/01/2025 5:25,0.2279999999999999
3/01/2025 5:30,0.2279999999999999
3/01/2025 5:35,0.348
3/01/2025 5:40,0.24
3/01/2025 5:45,0.132
3/01/2025 5:50,0.1079999999999999
3/01/2025 5:55,0.1079999999999999
3/01/2025 6:00,0.1079999999999999
3/01/2025 6:05,0.1079999999999999
3/01/2025 6:10,0.144
3/01/2025 6:15,0.1079999999999999
3/01/2025 6:20,0.36
3/01/2025 6:25,0.1079999999999999
3/01/2025 6:30,0.072
3/01/2025 6:35,0.12
3/01/2025 6:40,0.072
3/01/2025 6:45,0.132
3/01/2025 6:50,0.036
3/01/2025 6:55,0.12
3/01/2025 7:00,0.048
3/01/2025 7:05,0.36
3/01/2025 7:10,0.0
3/01/2025 7:15,0.0
3/01/2025 7:20,0.0
3/01/2025 7:25,0.0
3/01/2025 7:30,1.464
3/01/2025 7:35,2.46
3/01/2025 7:40,0.408
3/01/2025 7:45,0.24
3/01/2025 7:50,1.62
3/01/2025 7:55,0.8400000000000001
3/01/2025 8:00,0.96
3/01/2025 8:05,1.644
3/01/2025 8:10,0.372
3/01/2025 8:15,0.42
3/01/2025 8:20,0.0
3/01/2025 8:25,0.0
3/01/2025 8:30,0.0
3/01/2025 8:35,0.0
3/01/2025 8:40,0.0
3/01/2025 8:45,0.0
3/01/2025 8:50,0.0
3/01/2025 8:55,0.0
3/01/2025 9:00,0.0
3/01/2025 9:05,0.0
3/01/2025 9:10,0.0
3/01/2025 9:15,0.0
3/01/2025 9:20,0.0
3/01/2025 9:25,0.0
3/01/2025 9:30,0.0
3/01/2025 9:35,0.0
3/01/2025 9:40,0.0
3/01/2025 9:45,0.0
3/01/2025 9:50,0.0
3/01/2025 9:55,0.06
3/01/2025 10:00,0.0
3/01/2025 10:05,0.0
3/01/2025 10:10,0.0
3/01/2025 10:15,0.0
3/01/2025 10:20,0.0
3/01/2025 10:25,0.0
3/01/2025 10:30,0.0
3/01/2025 10:35,0.0
3/01/2025 10:40,0.0
3/01/2025 10:45,0.0
3/01/2025 10:50,0.0
3/01/2025 10:55,0.084
3/01/2025 11:00,0.0
3/01/2025 11:05,0.0
3/01/2025 11:10,0.0
3/01/2025 11:15,0.0
3/01/2025 11:20,0.276
3/01/2025 11:25,0.0
3/01/2025 11:30,0.4679999999999999
3/01/2025 11:35,2.736
3/01/2025 11:40,2.616
3/01/2025 11:45,2.4000000000000004
3/01/2025 11:50,2.3040000000000003
3/01/2025 11:55,2.64
3/01/2025 12:00,2.592
3/01/2025 12:05,2.748
3/01/2025 12:10,2.724
3/01/2025 12:15,2.904
3/01/2025 12:20,2.28
3/01/2025 12:25,2.364
3/01/2025 12:30,2.664
3/01/2025 12:35,2.64
3/01/2025 12:40,2.088
3/01/2025 12:45,2.196
3/01/2025 12:50,1.968
3/01/2025 12:55,2.076
3/01/2025 13:00,1.308
3/01/2025 13:05,0.0
3/01/2025 13:10,0.0
3/01/2025 13:15,0.0
3/01/2025 13:20,0.0
3/01/2025 13:25,0.0
3/01/2025 13:30,0.0
3/01/2025 13:35,0.0
3/01/2025 13:40,0.0
3/01/2025 13:45,0.0
3/01/2025 13:50,0.0
3/01/2025 13:55,0.0
3/01/2025 14:00,0.0
3/01/2025 14:05,0.0
3/01/2025 14:10,0.0
3/01/2025 14:15,0.0
3/01/2025 14:20,0.0
3/01/2025 14:25,0.0
3/01/2025 14:30,0.0
3/01/2025 14:35,0.0
3/01/2025 14:40,0.0
3/01/2025 14:45,0.0
3/01/2025 14:50,0.0
3/01/2025 14:55,0.0
3/01/2025 15:00,0.0
3/01/2025 15:05,0.0
3/01/2025 15:10,0.0
3/01/2025 15:15,0.0
3/01/2025 15:20,0.0
3/01/2025 15:25,0.0
3/01/2025 15:30,0.0
3/01/2025 15:35,0.0
3/01/2025 15:40,0.0
3/01/2025 15:45,0.0
3/01/2025 15:50,0.0
3/01/2025 15:55,0.0
3/01/2025 16:00,0.072
3/01/2025 16:05,0.0
3/01/2025 16:10,0.0
3/01/2025 16:15,0.0
3/01/2025 16:20,0.0
3/01/2025 16:25,0.0
3/01/2025 16:30,0.0
3/01/2025 16:35,0.0
3/01/2025 16:40,0.0
3/01/2025 16:45,0.0
3/01/2025 16:50,0.0
3/01/2025 16:55,0.0
3/01/2025 17:00,0.0
3/01/2025 17:05,0.012
3/01/2025 17:10,0.084
3/01/2025 17:15,1.1880000000000002
3/01/2025 17:20,0.5760000000000001
3/01/2025 17:25,0.0
3/01/2025 17:30,0.8879999999999999
3/01/2025 17:35,1.164
3/01/2025 17:40,1.08
3/01/2025 17:45,1.26
3/01/2025 17:50,0.8519999999999999
3/01/2025 17:55,0.768
3/01/2025 18:00,0.0
3/01/2025 18:05,0.144
3/01/2025 18:10,0.24
3/01/2025 18:15,0.2159999999999999
3/01/2025 18:20,0.336
3/01/2025 18:25,0.36
3/01/2025 18:30,0.4559999999999999
3/01/2025 18:35,0.4679999999999999
3/01/2025 18:40,0.504
3/01/2025 18:45,0.4559999999999999
3/01/2025 18:50,0.528
3/01/2025 18:55,0.6000000000000001
3/01/2025 19:00,0.5640000000000001
3/01/2025 19:05,0.516
3/01/2025 19:10,0.4679999999999999
3/01/2025 19:15,0.5640000000000001
3/01/2025 19:20,0.612
3/01/2025 19:25,0.5880000000000001
3/01/2025 19:30,0.972
3/01/2025 19:35,1.1880000000000002
3/01/2025 19:40,1.224
3/01/2025 19:45,1.236
3/01/2025 19:50,1.26
3/01/2025 19:55,1.1880000000000002
3/01/2025 20:00,1.2120000000000002
3/01/2025 20:05,1.092
3/01/2025 20:10,1.14
3/01/2025 20:15,1.2000000000000002
3/01/2025 20:20,1.164
3/01/2025 20:25,1.248
3/01/2025 20:30,1.2000000000000002
3/01/2025 20:35,0.936
3/01/2025 20:40,0.6000000000000001
3/01/2025 20:45,0.66
3/01/2025 20:50,0.792
3/01/2025 20:55,0.732
3/01/2025 21:00,0.756
3/01/2025 21:05,0.6960000000000001
3/01/2025 21:10,0.732
3/01/2025 21:15,0.5880000000000001
3/01/2025 21:20,0.528
3/01/2025 21:25,0.54
3/01/2025 21:30,0.504
3/01/2025 21:35,0.5760000000000001
3/01/2025 21:40,0.552
3/01/2025 21:45,0.516
3/01/2025 21:50,0.492
3/01/2025 21:55,0.504
3/01/2025 22:00,0.516
3/01/2025 22:05,0.4679999999999999
3/01/2025 22:10,0.4679999999999999
3/01/2025 22:15,0.396
3/01/2025 22:20,0.4439999999999999
3/01/2025 22:25,0.4319999999999999
3/01/2025 22:30,0.324
3/01/2025 22:35,0.312
3/01/2025 22:40,0.288
3/01/2025 22:45,0.348
3/01/2025 22:50,0.324
3/01/2025 22:55,0.288
3/01/2025 23:00,0.3
3/01/2025 23:05,0.3
3/01/2025 23:10,0.336
3/01/2025 23:15,0.288
3/01/2025 23:20,0.276
3/01/2025 23:25,0.288
3/01/2025 23:30,0.312
3/01/2025 23:35,0.324
3/01/2025 23:40,0.252
3/01/2025 23:45,0.288
3/01/2025 23:50,0.252
3/01/2025 23:55,0.288
4/01/2025 0:00,0.408
4/01/2025 0:05,0.4559999999999999
4/01/2025 0:10,0.528
4/01/2025 0:15,0.492
4/01/2025 0:20,0.384
4/01/2025 0:25,0.264
4/01/2025 0:30,0.288
4/01/2025 0:35,0.348
4/01/2025 0:40,0.336
4/01/2025 0:45,0.36
4/01/2025 0:50,0.288
4/01/2025 0:55,0.276
4/01/2025 1:00,0.324
4/01/2025 1:05,0.348
4/01/2025 1:10,0.312
4/01/2025 1:15,0.252
4/01/2025 1:20,0.264
4/01/2025 1:25,0.324
4/01/2025 1:30,0.324
4/01/2025 1:35,0.288
4/01/2025 1:40,0.24
4/01/2025 1:45,0.252
4/01/2025 1:50,0.36
4/01/2025 1:55,0.324
4/01/2025 2:00,0.252
4/01/2025 2:05,0.2279999999999999
4/01/2025 2:10,0.24
4/01/2025 2:15,0.384
4/01/2025 2:20,0.312
4/01/2025 2:25,0.2279999999999999
4/01/2025 2:30,0.2279999999999999
4/01/2025 2:35,0.252
4/01/2025 2:40,0.384
4/01/2025 2:45,0.276
4/01/2025 2:50,0.24
4/01/2025 2:55,0.2279999999999999
4/01/2025 3:00,0.288
4/01/2025 3:05,0.36
4/01/2025 3:10,0.264
4/01/2025 3:15,0.2279999999999999
4/01/2025 3:20,0.2279999999999999
4/01/2025 3:25,0.312
4/01/2025 3:30,0.36
4/01/2025 3:35,0.2279999999999999
4/01/2025 3:40,0.2279999999999999
4/01/2025 3:45,0.24
4/01/2025 3:50,0.336
4/01/2025 3:55,0.348
4/01/2025 4:00,0.2279999999999999
4/01/2025 4:05,0.2279999999999999
4/01/2025 4:10,0.252
4/01/2025 4:15,0.276
4/01/2025 4:20,0.288
4/01/2025 4:25,0.252
4/01/2025 4:30,0.204
4/01/2025 4:35,0.24
4/01/2025 4:40,0.288
4/01/2025 4:45,0.204
4/01/2025 4:50,0.204
4/01/2025 4:55,0.2159999999999999
4/01/2025 5:00,0.2279999999999999
4/01/2025 5:05,1.7999999999999998
4/01/2025 5:10,0.4439999999999999
4/01/2025 5:15,0.5760000000000001
4/01/2025 5:20,0.336
4/01/2025 5:25,0.408
4/01/2025 5:30,0.252
4/01/2025 5:35,0.132
4/01/2025 5:40,0.4319999999999999
4/01/2025 5:45,0.2279999999999999
4/01/2025 5:50,0.036
4/01/2025 5:55,0.048
4/01/2025 6:00,0.0
4/01/2025 6:05,0.012
4/01/2025 6:10,0.012
4/01/2025 6:15,0.204
4/01/2025 6:20,0.168
4/01/2025 6:25,0.0
4/01/2025 6:30,0.0
4/01/2025 6:35,0.0
4/01/2025 6:40,0.0
4/01/2025 6:45,0.0
4/01/2025 6:50,0.0
4/01/2025 6:55,0.0
4/01/2025 7:00,0.0
4/01/2025 7:05,0.0
4/01/2025 7:10,0.0
4/01/2025 7:15,0.0
4/01/2025 7:20,0.0
4/01/2025 7:25,0.0
4/01/2025 7:30,0.0
4/01/2025 7:35,0.0
4/01/2025 7:40,0.0
4/01/2025 7:45,0.0
4/01/2025 7:50,0.0
4/01/2025 7:55,0.0
4/01/2025 8:00,0.0
4/01/2025 8:05,0.0
4/01/2025 8:10,0.0
4/01/2025 8:15,0.0
4/01/2025 8:20,0.0
4/01/2025 8:25,0.0
4/01/2025 8:30,0.0
4/01/2025 8:35,0.0
4/01/2025 8:40,0.0
4/01/2025 8:45,0.0
4/01/2025 8:50,0.0
4/01/2025 8:55,0.0
4/01/2025 9:00,0.0
4/01/2025 9:05,0.0
4/01/2025 9:10,0.0
4/01/2025 9:15,0.0
4/01/2025 9:20,0.06
4/01/2025 9:25,0.0
4/01/2025 9:30,0.0
4/01/2025 9:35,0.0
4/01/2025 9:40,0.0
4/01/2025 9:45,0.0
4/01/2025 9:50,0.0
4/01/2025 9:55,0.0
4/01/2025 10:00,0.0
4/01/2025 10:05,0.0
4/01/2025 10:10,0.0
4/01/2025 10:15,0.0
4/01/2025 10:20,0.0
4/01/2025 10:25,0.0
4/01/2025 10:30,0.0
4/01/2025 10:35,0.0
4/01/2025 10:40,0.0
4/01/2025 10:45,0.0
4/01/2025 10:50,0.0
4/01/2025 10:55,0.0
4/01/2025 11:00,0.0
4/01/2025 11:05,0.0
4/01/2025 11:10,0.0
4/01/2025 11:15,0.0
4/01/2025 11:20,0.0
4/01/2025 11:25,0.0
4/01/2025 11:30,0.0
4/01/2025 11:35,0.0
4/01/2025 11:40,0.0
4/01/2025 11:45,0.0
4/01/2025 11:50,0.0
4/01/2025 11:55,0.0
4/01/2025 12:00,0.0
4/01/2025 12:05,0.0
4/01/2025 12:10,0.0
4/01/2025 12:15,0.0
4/01/2025 12:20,0.0
4/01/2025 12:25,0.0
4/01/2025 12:30,0.0
4/01/2025 12:35,0.0
4/01/2025 12:40,0.0
4/01/2025 12:45,0.0
4/01/2025 12:50,0.0
4/01/2025 12:55,0.0
4/01/2025 13:00,0.0
4/01/2025 13:05,0.0
4/01/2025 13:10,0.0
4/01/2025 13:15,0.0
4/01/2025 13:20,0.0
4/01/2025 13:25,0.0
4/01/2025 13:30,0.0
4/01/2025 13:35,0.0
4/01/2025 13:40,0.0
4/01/2025 13:45,0.0
4/01/2025 13:50,0.0
4/01/2025 13:55,0.0
4/01/2025 14:00,0.0
4/01/2025 14:05,0.0
4/01/2025 14:10,0.0
4/01/2025 14:15,0.0
4/01/2025 14:20,0.0
4/01/2025 14:25,0.0
4/01/2025 14:30,0.0
4/01/2025 14:35,0.0
4/01/2025 14:40,0.0
4/01/2025 14:45,0.0
4/01/2025 14:50,0.0
4/01/2025 14:55,0.0
4/01/2025 15:00,0.0
4/01/2025 15:05,0.0
4/01/2025 15:10,0.0
4/01/2025 15:15,0.0
4/01/2025 15:20,0.0
4/01/2025 15:25,0.0
4/01/2025 15:30,0.0
4/01/2025 15:35,0.0
4/01/2025 15:40,0.0
4/01/2025 15:45,0.0
4/01/2025 15:50,0.0
4/01/2025 15:55,0.0
4/01/2025 16:00,0.0
4/01/2025 16:05,0.0
4/01/2025 16:10,0.0
4/01/2025 16:15,0.0
4/01/2025 16:20,0.0
4/01/2025 16:25,0.0
4/01/2025 16:30,0.0
4/01/2025 16:35,0.0
4/01/2025 16:40,0.0
4/01/2025 16:45,0.0
4/01/2025 16:50,0.0
4/01/2025 16:55,0.0
4/01/2025 17:00,0.0
4/01/2025 17:05,0.0
4/01/2025 17:10,0.0
4/01/2025 17:15,0.0
4/01/2025 17:20,0.0
4/01/2025 17:25,0.0
4/01/2025 17:30,0.0
4/01/2025 17:35,0.0
4/01/2025 17:40,0.0
4/01/2025 17:45,0.012
4/01/2025 17:50,0.156
4/01/2025 17:55,0.072
4/01/2025 18:00,4.104
4/01/2025 18:05,4.74
4/01/2025 18:10,4.908
4/01/2025 18:15,2.736
4/01/2025 18:20,0.372
4/01/2025 18:25,0.36
4/01/2025 18:30,0.4439999999999999
4/01/2025 18:35,0.5640000000000001
4/01/2025 18:40,0.36
4/01/2025 18:45,0.372
4/01/2025 18:50,0.42
4/01/2025 18:55,0.552
4/01/2025 19:00,0.492
4/01/2025 19:05,0.4319999999999999
4/01/2025 19:10,0.42
4/01/2025 19:15,0.54
4/01/2025 19:20,0.516
4/01/2025 19:25,0.4439999999999999
4/01/2025 19:30,0.4319999999999999
4/01/2025 19:35,0.504
4/01/2025 19:40,0.552
4/01/2025 19:45,0.5880000000000001
4/01/2025 19:50,0.5880000000000001
4/01/2025 19:55,0.54
4/01/2025 20:00,0.528
4/01/2025 20:05,0.5640000000000001
4/01/2025 20:10,0.504
4/01/2025 20:15,0.516
4/01/2025 20:20,2.688
4/01/2025 20:25,2.88
4/01/2025 20:30,2.832
4/01/2025 20:35,4.692
4/01/2025 20:40,3.3480000000000003
4/01/2025 20:45,1.116
4/01/2025 20:50,1.872
4/01/2025 20:55,2.868
4/01/2025 21:00,2.004
4/01/2025 21:05,2.004
4/01/2025 21:10,1.98
4/01/2025 21:15,3.3480000000000003
4/01/2025 21:20,4.908
4/01/2025 21:25,4.824
4/01/2025 21:30,4.92
4/01/2025 21:35,5.016
4/01/2025 21:40,5.088
4/01/2025 21:45,5.004
4/01/2025 21:50,4.896
4/01/2025 21:55,5.028
4/01/2025 22:00,5.076
4/01/2025 22:05,5.052
4/01/2025 22:10,4.908
4/01/2025 22:15,4.692
4/01/2025 22:20,4.92
4/01/2025 22:25,5.112
4/01/2025 22:30,4.596
4/01/2025 22:35,4.536
4/01/2025 22:40,4.572
4/01/2025 22:45,4.572
4/01/2025 22:50,4.596
4/01/2025 22:55,4.692
4/01/2025 23:00,4.656000000000001
4/01/2025 23:05,4.764
4/01/2025 23:10,4.764
4/01/2025 23:15,2.268
4/01/2025 23:20,0.24
4/01/2025 23:25,0.264
4/01/2025 23:30,0.336
4/01/2025 23:35,0.384
4/01/2025 23:40,0.24
4/01/2025 23:45,0.24
4/01/2025 23:50,0.3
4/01/2025 23:55,0.372
5/01/2025 0:00,0.288
5/01/2025 0:05,0.24
5/01/2025 0:10,0.2279999999999999
5/01/2025 0:15,0.324
5/01/2025 0:20,0.372
5/01/2025 0:25,0.2159999999999999
5/01/2025 0:30,0.2279999999999999
5/01/2025 0:35,0.252
5/01/2025 0:40,0.348
5/01/2025 0:45,0.3
5/01/2025 0:50,0.2159999999999999
5/01/2025 0:55,0.2159999999999999
5/01/2025 1:00,0.288
5/01/2025 1:05,0.336
5/01/2025 1:10,0.252
5/01/2025 1:15,0.204
5/01/2025 1:20,0.2159999999999999
5/01/2025 1:25,0.288
5/01/2025 1:30,0.348
5/01/2025 1:35,0.204
5/01/2025 1:40,0.204
5/01/2025 1:45,0.252
5/01/2025 1:50,0.324
5/01/2025 1:55,0.276
5/01/2025 2:00,0.204
5/01/2025 2:05,0.192
5/01/2025 2:10,0.264
5/01/2025 2:15,0.312
5/01/2025 2:20,0.252
5/01/2025 2:25,0.192
5/01/2025 2:30,0.2159999999999999
5/01/2025 2:35,0.276
5/01/2025 2:40,0.324
5/01/2025 2:45,0.2159999999999999
5/01/2025 2:50,0.204
5/01/2025 2:55,0.2279999999999999
5/01/2025 3:00,0.288
5/01/2025 3:05,0.288
5/01/2025 3:10,0.2159999999999999
5/01/2025 3:15,0.192
5/01/2025 3:20,0.264
5/01/2025 3:25,0.288
5/01/2025 3:30,0.24
5/01/2025 3:35,0.2279999999999999
5/01/2025 3:40,0.2159999999999999
5/01/2025 3:45,0.288
5/01/2025 3:50,0.276
5/01/2025 3:55,0.24
5/01/2025 4:00,0.252
5/01/2025 4:05,0.24
5/01/2025 4:10,0.288
5/01/2025 4:15,0.24
5/01/2025 4:20,0.204
5/01/2025 4:25,0.276
5/01/2025 4:30,0.264
5/01/2025 4:35,0.288
5/01/2025 4:40,0.204
5/01/2025 4:45,0.204
5/01/2025 4:50,0.24
5/01/2025 4:55,0.4319999999999999
5/01/2025 5:00,0.384
5/01/2025 5:05,1.86
5/01/2025 5:10,0.504
5/01/2025 5:15,0.492
5/01/2025 5:20,0.684
5/01/2025 5:25,0.252
5/01/2025 5:30,0.168
5/01/2025 5:35,0.144
5/01/2025 5:40,0.144
5/01/2025 5:45,0.168
5/01/2025 5:50,0.156
5/01/2025 5:55,0.0
5/01/2025 6:00,0.024
5/01/2025 6:05,0.5640000000000001
5/01/2025 6:10,0.024
5/01/2025 6:15,0.12
5/01/2025 6:20,0.6000000000000001
5/01/2025 6:25,0.0
5/01/2025 6:30,0.0
5/01/2025 6:35,0.012
5/01/2025 6:40,0.096
5/01/2025 6:45,0.18
5/01/2025 6:50,0.1079999999999999
5/01/2025 6:55,0.168
5/01/2025 7:00,0.048
5/01/2025 7:05,0.0
5/01/2025 7:10,0.012
5/01/2025 7:15,0.0
5/01/2025 7:20,0.0
5/01/2025 7:25,0.0
5/01/2025 7:30,0.0
5/01/2025 7:35,0.0
5/01/2025 7:40,0.0
5/01/2025 7:45,0.0
5/01/2025 7:50,0.0
5/01/2025 7:55,0.0
5/01/2025 8:00,0.0
5/01/2025 8:05,0.0
5/01/2025 8:10,0.0
5/01/2025 8:15,0.0
5/01/2025 8:20,0.0
5/01/2025 8:25,0.0
5/01/2025 8:30,0.0
5/01/2025 8:35,0.0
5/01/2025 8:40,0.0
5/01/2025 8:45,0.0
5/01/2025 8:50,0.0
5/01/2025 8:55,0.0
5/01/2025 9:00,0.0
5/01/2025 9:05,0.0
5/01/2025 9:10,0.0
5/01/2025 9:15,0.0
5/01/2025 9:20,0.0
5/01/2025 9:25,0.0
5/01/2025 9:30,0.0
5/01/2025 9:35,0.0
5/01/2025 9:40,0.0
5/01/2025 9:45,0.0
5/01/2025 9:50,0.0
5/01/2025 9:55,0.0
5/01/2025 10:00,0.0
5/01/2025 10:05,0.0
5/01/2025 10:10,0.0
5/01/2025 10:15,0.0
5/01/2025 10:20,0.0
5/01/2025 10:25,0.0
5/01/2025 10:30,0.0
5/01/2025 10:35,0.0
5/01/2025 10:40,0.0
5/01/2025 10:45,0.0
5/01/2025 10:50,0.0
5/01/2025 10:55,0.0
5/01/2025 11:00,0.0
5/01/2025 11:05,0.0
5/01/2025 11:10,0.0
5/01/2025 11:15,0.0
5/01/2025 11:20,0.0
5/01/2025 11:25,0.0
5/01/2025 11:30,0.0
5/01/2025 11:35,0.0
5/01/2025 11:40,0.096
5/01/2025 11:45,0.48
5/01/2025 11:50,0.744
5/01/2025 11:55,0.8519999999999999
5/01/2025 12:00,0.8160000000000001
5/01/2025 12:05,0.8160000000000001
5/01/2025 12:10,0.648
5/01/2025 12:15,0.6960000000000001
5/01/2025 12:20,0.768
5/01/2025 12:25,0.672
5/01/2025 12:30,0.624
5/01/2025 12:35,0.684
5/01/2025 12:40,0.78
5/01/2025 12:45,0.78
5/01/2025 12:50,0.792
5/01/2025 12:55,0.8999999999999999
5/01/2025 13:00,1.02
5/01/2025 13:05,0.8280000000000001
5/01/2025 13:10,0.744
5/01/2025 13:15,0.8759999999999999
5/01/2025 13:20,0.54
5/01/2025 13:25,0.324
5/01/2025 13:30,0.396
5/01/2025 13:35,0.3
5/01/2025 13:40,0.492
5/01/2025 13:45,0.492
5/01/2025 13:50,0.624
5/01/2025 13:55,0.5760000000000001
5/01/2025 14:00,0.504
5/01/2025 14:05,0.552
5/01/2025 14:10,0.648
5/01/2025 14:15,0.6000000000000001
5/01/2025 14:20,0.54
5/01/2025 14:25,0.4679999999999999
5/01/2025 14:30,0.66
5/01/2025 14:35,0.624
5/01/2025 14:40,0.5880000000000001
5/01/2025 14:45,0.5760000000000001
5/01/2025 14:50,0.768
5/01/2025 14:55,0.96
5/01/2025 15:00,0.8280000000000001
5/01/2025 15:05,0.8519999999999999
5/01/2025 15:10,0.984
5/01/2025 15:15,1.14
5/01/2025 15:20,1.14
5/01/2025 15:25,1.068
5/01/2025 15:30,1.14
5/01/2025 15:35,1.1760000000000002
5/01/2025 15:40,1.332
5/01/2025 15:45,1.488
5/01/2025 15:50,1.584
5/01/2025 15:55,1.488
5/01/2025 16:00,1.596
5/01/2025 16:05,1.6800000000000002
5/01/2025 16:10,1.7639999999999998
5/01/2025 16:15,1.824
5/01/2025 16:20,1.98
5/01/2025 16:25,3.0
5/01/2025 16:30,3.636
5/01/2025 16:35,3.3720000000000003
5/01/2025 16:40,4.0200000000000005
5/01/2025 16:45,3.696
5/01/2025 16:50,4.128
5/01/2025 16:55,5.651999999999999
5/01/2025 17:00,5.04
5/01/2025 17:05,4.536
5/01/2025 17:10,6.648000000000001
5/01/2025 17:15,5.724
5/01/2025 17:20,5.82
5/01/2025 17:25,6.588000000000001
5/01/2025 17:30,5.112
5/01/2025 17:35,5.5920000000000005
5/01/2025 17:40,4.848000000000001
5/01/2025 17:45,4.956
5/01/2025 17:50,5.856
5/01/2025 17:55,4.404
5/01/2025 18:00,0.768
5/01/2025 18:05,0.5760000000000001
5/01/2025 18:10,0.528
5/01/2025 18:15,0.804
5/01/2025 18:20,0.708
5/01/2025 18:25,0.4439999999999999
5/01/2025 18:30,0.4439999999999999
5/01/2025 18:35,0.336
5/01/2025 18:40,0.42
5/01/2025 18:45,0.54
5/01/2025 18:50,0.528
5/01/2025 18:55,0.5640000000000001
5/01/2025 19:00,0.624
5/01/2025 19:05,0.5880000000000001
5/01/2025 19:10,0.648
5/01/2025 19:15,0.672
5/01/2025 19:20,0.516
5/01/2025 19:25,0.5880000000000001
5/01/2025 19:30,0.672
5/01/2025 19:35,0.684
5/01/2025 19:40,0.528
5/01/2025 19:45,0.504
5/01/2025 19:50,3.888
5/01/2025 19:55,4.776
5/01/2025 20:00,4.884
5/01/2025 20:05,4.86
5/01/2025 20:10,4.896
5/01/2025 20:15,5.04
5/01/2025 20:20,4.956
5/01/2025 20:25,4.764
5/01/2025 20:30,4.836
5/01/2025 20:35,4.932
5/01/2025 20:40,4.884
5/01/2025 20:45,4.872
5/01/2025 20:50,4.836
5/01/2025 20:55,4.836
5/01/2025 21:00,4.872
5/01/2025 21:05,4.884
5/01/2025 21:10,4.800000000000001
5/01/2025 21:15,4.716
5/01/2025 21:20,4.692
5/01/2025 21:25,4.74
5/01/2025 21:30,4.776
5/01/2025 21:35,4.596
5/01/2025 21:40,4.62
5/01/2025 21:45,4.704000000000001
5/01/2025 21:50,0.756
5/01/2025 21:55,0.18
5/01/2025 22:00,0.18
5/01/2025 22:05,0.4439999999999999
5/01/2025 22:10,0.5880000000000001
5/01/2025 22:15,0.4559999999999999
5/01/2025 22:20,0.4319999999999999
5/01/2025 22:25,0.276
5/01/2025 22:30,0.36
5/01/2025 22:35,0.312
5/01/2025 22:40,0.24
5/01/2025 22:45,0.264
5/01/2025 22:50,0.36
5/01/2025 22:55,0.336
5/01/2025 23:00,0.252
5/01/2025 23:05,0.264
5/01/2025 23:10,0.3
5/01/2025 23:15,0.324
5/01/2025 23:20,0.288
5/01/2025 23:25,0.264
5/01/2025 23:30,0.264
5/01/2025 23:35,0.3
5/01/2025 23:40,0.312
5/01/2025 23:45,0.264
5/01/2025 23:50,0.252
5/01/2025 23:55,0.252
6/01/2025 0:00,0.3
6/01/2025 0:05,0.312
6/01/2025 0:10,0.252
6/01/2025 0:15,0.204
6/01/2025 0:20,0.288
6/01/2025 0:25,0.336
6/01/2025 0:30,0.252
6/01/2025 0:35,0.204
6/01/2025 0:40,0.24
6/01/2025 0:45,0.336
6/01/2025 0:50,0.288
6/01/2025 0:55,0.204
6/01/2025 1:00,0.204
6/01/2025 1:05,0.3
6/01/2025 1:10,0.348
6/01/2025 1:15,0.204
6/01/2025 1:20,0.204
6/01/2025 1:25,0.252
6/01/2025 1:30,0.336
6/01/2025 1:35,0.252
6/01/2025 1:40,0.204
6/01/2025 1:45,0.2159999999999999
6/01/2025 1:50,0.336
6/01/2025 1:55,0.288
6/01/2025 2:00,0.2159999999999999
6/01/2025 2:05,0.204
6/01/2025 2:10,0.312
6/01/2025 2:15,0.288
6/01/2025 2:20,0.252
6/01/2025 2:25,0.204
6/01/2025 2:30,0.252
6/01/2025 2:35,0.3
6/01/2025 2:40,0.288
6/01/2025 2:45,0.2159999999999999
6/01/2025 2:50,0.2279999999999999
6/01/2025 2:55,0.264
6/01/2025 3:00,0.288
6/01/2025 3:05,0.264
6/01/2025 3:10,0.2159999999999999
6/01/2025 3:15,0.252
6/01/2025 3:20,0.252
6/01/2025 3:25,0.288
6/01/2025 3:30,0.2159999999999999
6/01/2025 3:35,0.264
6/01/2025 3:40,0.2159999999999999
6/01/2025 3:45,0.288
6/01/2025 3:50,0.264
6/01/2025 3:55,0.276
6/01/2025 4:00,0.312
6/01/2025 4:05,0.324
6/01/2025 4:10,0.384
6/01/2025 4:15,0.372
6/01/2025 4:20,0.336
6/01/2025 4:25,0.276
6/01/2025 4:30,0.324
6/01/2025 4:35,0.288
6/01/2025 4:40,0.24
6/01/2025 4:45,0.2279999999999999
6/01/2025 4:50,0.24
6/01/2025 4:55,1.812
6/01/2025 5:00,0.5760000000000001
6/01/2025 5:05,0.492
6/01/2025 5:10,0.648
6/01/2025 5:15,0.4319999999999999
6/01/2025 5:20,0.42
6/01/2025 5:25,0.372
6/01/2025 5:30,0.276
6/01/2025 5:35,0.288
6/01/2025 5:40,0.276
6/01/2025 5:45,0.252
6/01/2025 5:50,0.18
6/01/2025 5:55,0.12
6/01/2025 6:00,0.552
6/01/2025 6:05,0.708
6/01/2025 6:10,0.5640000000000001
6/01/2025 6:15,0.372
6/01/2025 6:20,0.312
6/01/2025 6:25,0.348
6/01/2025 6:30,0.192
6/01/2025 6:35,0.012
6/01/2025 6:40,0.0
6/01/2025 6:45,0.0
6/01/2025 6:50,0.0
6/01/2025 6:55,1.1880000000000002
6/01/2025 7:00,1.164
6/01/2025 7:05,0.0
6/01/2025 7:10,0.348
6/01/2025 7:15,1.068
6/01/2025 7:20,0.504
6/01/2025 7:25,0.384
6/01/2025 7:30,0.492
6/01/2025 7:35,0.204
6/01/2025 7:40,0.012
6/01/2025 7:45,0.0
6/01/2025 7:50,0.0
6/01/2025 7:55,0.0
6/01/2025 8:00,0.0
6/01/2025 8:05,0.0
6/01/2025 8:10,0.0
6/01/2025 8:15,0.0
6/01/2025 8:20,0.0
6/01/2025 8:25,0.4319999999999999
6/01/2025 8:30,1.38
6/01/2025 8:35,1.548
6/01/2025 8:40,1.668
6/01/2025 8:45,1.656
6/01/2025 8:50,0.528
6/01/2025 8:55,0.96
6/01/2025 9:00,1.248
6/01/2025 9:05,0.504
6/01/2025 9:10,0.0
6/01/2025 9:15,0.0
6/01/2025 9:20,0.0
6/01/2025 9:25,0.0
6/01/2025 9:30,0.0
6/01/2025 9:35,0.0
6/01/2025 9:40,0.0
6/01/2025 9:45,0.0
6/01/2025 9:50,0.0
6/01/2025 9:55,0.0
6/01/2025 10:00,0.0
6/01/2025 10:05,0.0
6/01/2025 10:10,0.0
6/01/2025 10:15,0.0
6/01/2025 10:20,0.0
6/01/2025 10:25,0.0
6/01/2025 10:30,0.0
6/01/2025 10:35,0.0
6/01/2025 10:40,0.0
6/01/2025 10:45,0.0
6/01/2025 10:50,0.0
6/01/2025 10:55,0.0
6/01/2025 11:00,0.0
6/01/2025 11:05,0.672
6/01/2025 11:10,0.768
6/01/2025 11:15,0.684
6/01/2025 11:20,0.2279999999999999
6/01/2025 11:25,0.2279999999999999
6/01/2025 11:30,0.072
6/01/2025 11:35,0.072
6/01/2025 11:40,0.072
6/01/2025 11:45,0.012
6/01/2025 11:50,0.012
6/01/2025 11:55,0.0
6/01/2025 12:00,0.0
6/01/2025 12:05,0.0
6/01/2025 12:10,0.012
6/01/2025 12:15,0.0
6/01/2025 12:20,0.0
6/01/2025 12:25,2.112
6/01/2025 12:30,0.936
6/01/2025 12:35,0.012
6/01/2025 12:40,1.08
6/01/2025 12:45,2.028
6/01/2025 12:50,1.452
6/01/2025 12:55,1.14
6/01/2025 13:00,1.068
6/01/2025 13:05,1.164
6/01/2025 13:10,0.24
6/01/2025 13:15,0.324
6/01/2025 13:20,0.384
6/01/2025 13:25,0.408
6/01/2025 13:30,0.4679999999999999
6/01/2025 13:35,0.492
6/01/2025 13:40,0.516
6/01/2025 13:45,0.4319999999999999
6/01/2025 13:50,0.42
6/01/2025 13:55,0.528
6/01/2025 14:00,0.636
6/01/2025 14:05,0.504
6/01/2025 14:10,0.5760000000000001
6/01/2025 14:15,0.744
6/01/2025 14:20,0.792
6/01/2025 14:25,0.732
6/01/2025 14:30,0.744
6/01/2025 14:35,0.8519999999999999
6/01/2025 14:40,0.972
6/01/2025 14:45,0.984
6/01/2025 14:50,0.984
6/01/2025 14:55,1.08
6/01/2025 15:00,1.14
6/01/2025 15:05,1.236
6/01/2025 15:10,1.32
6/01/2025 15:15,1.452
6/01/2025 15:20,1.308
6/01/2025 15:25,1.416
6/01/2025 15:30,1.524
6/01/2025 15:35,1.464
6/01/2025 15:40,1.488
6/01/2025 15:45,1.6800000000000002
6/01/2025 15:50,1.7519999999999998
6/01/2025 15:55,1.968
6/01/2025 16:00,1.7999999999999998
6/01/2025 16:05,1.944
6/01/2025 16:10,3.012
6/01/2025 16:15,3.192
6/01/2025 16:20,1.956
6/01/2025 16:25,2.208
6/01/2025 16:30,2.436
6/01/2025 16:35,2.568
6/01/2025 16:40,2.748
6/01/2025 16:45,2.736
6/01/2025 16:50,3.3480000000000003
6/01/2025 16:55,3.792
6/01/2025 17:00,3.24
6/01/2025 17:05,3.048
6/01/2025 17:10,3.12
6/01/2025 17:15,3.3600000000000003
6/01/2025 17:20,4.056
6/01/2025 17:25,3.672
6/01/2025 17:30,3.852
6/01/2025 17:35,4.944
6/01/2025 17:40,4.32
6/01/2025 17:45,4.452
6/01/2025 17:50,4.272
6/01/2025 17:55,4.332
6/01/2025 18:00,4.488
6/01/2025 18:05,4.572
6/01/2025 18:10,4.464
6/01/2025 18:15,4.6080000000000005
6/01/2025 18:20,4.704000000000001
6/01/2025 18:25,4.932
6/01/2025 18:30,4.848000000000001
6/01/2025 18:35,4.392
6/01/2025 18:40,0.408
6/01/2025 18:45,0.4679999999999999
6/01/2025 18:50,0.492
6/01/2025 18:55,0.4559999999999999
6/01/2025 19:00,0.504
6/01/2025 19:05,0.492
6/01/2025 19:10,0.6000000000000001
6/01/2025 19:15,0.72
6/01/2025 19:20,0.66
6/01/2025 19:25,0.72
6/01/2025 19:30,0.5880000000000001
6/01/2025 19:35,0.48
6/01/2025 19:40,0.4679999999999999
6/01/2025 19:45,0.4559999999999999
6/01/2025 19:50,0.552
6/01/2025 19:55,0.8519999999999999
6/01/2025 20:00,0.96
6/01/2025 20:05,0.504
6/01/2025 20:10,0.624
6/01/2025 20:15,0.5640000000000001
6/01/2025 20:20,0.492
6/01/2025 20:25,0.516
6/01/2025 20:30,3.264
6/01/2025 20:35,4.656000000000001
6/01/2025 20:40,4.836
6/01/2025 20:45,4.872
6/01/2025 20:50,4.800000000000001
6/01/2025 20:55,4.848000000000001
6/01/2025 21:00,4.896
6/01/2025 21:05,4.800000000000001
6/01/2025 21:10,4.668
6/01/2025 21:15,4.704000000000001
6/01/2025 21:20,4.92
6/01/2025 21:25,4.788
6/01/2025 21:30,1.2000000000000002
6/01/2025 21:35,0.264
6/01/2025 21:40,0.372
6/01/2025 21:45,0.288
6/01/2025 21:50,0.2159999999999999
6/01/2025 21:55,0.276
6/01/2025 22:00,0.312
6/01/2025 22:05,0.3
6/01/2025 22:10,0.2279999999999999
6/01/2025 22:15,0.288
6/01/2025 22:20,0.252
6/01/2025 22:25,0.3
6/01/2025 22:30,0.276
6/01/2025 22:35,0.264
6/01/2025 22:40,0.2159999999999999
6/01/2025 22:45,0.3
6/01/2025 22:50,0.336
6/01/2025 22:55,0.252
6/01/2025 23:00,0.204
6/01/2025 23:05,0.252
6/01/2025 23:10,0.36
6/01/2025 23:15,0.252
6/01/2025 23:20,0.2159999999999999
6/01/2025 23:25,0.204
6/01/2025 23:30,0.36
6/01/2025 23:35,0.288
6/01/2025 23:40,0.204
6/01/2025 23:45,0.204
6/01/2025 23:50,0.324
6/01/2025 23:55,0.288
7/01/2025 0:00,0.24
7/01/2025 0:05,0.204
7/01/2025 0:10,0.276
7/01/2025 0:15,0.288
7/01/2025 0:20,0.288
7/01/2025 0:25,0.204
7/01/2025 0:30,0.276
7/01/2025 0:35,0.252
7/01/2025 0:40,0.288
7/01/2025 0:45,0.2279999999999999
7/01/2025 0:50,0.264
7/01/2025 0:55,0.2279999999999999
7/01/2025 1:00,0.288
7/01/2025 1:05,0.276
7/01/2025 1:10,0.24
7/01/2025 1:15,0.24
7/01/2025 1:20,0.252
7/01/2025 1:25,0.288
7/01/2025 1:30,0.252
7/01/2025 1:35,0.264
7/01/2025 1:40,0.192
7/01/2025 1:45,0.288
7/01/2025 1:50,0.288
7/01/2025 1:55,0.264
7/01/2025 2:00,0.204
7/01/2025 2:05,0.24
7/01/2025 2:10,0.288
7/01/2025 2:15,0.3
7/01/2025 2:20,0.2159999999999999
7/01/2025 2:25,0.204
7/01/2025 2:30,0.264
7/01/2025 2:35,0.324
7/01/2025 2:40,0.252
7/01/2025 2:45,0.204
7/01/2025 2:50,0.2159999999999999
7/01/2025 2:55,0.288
7/01/2025 3:00,0.348
7/01/2025 3:05,0.204
7/01/2025 3:10,0.204
7/01/2025 3:15,0.252
7/01/2025 3:20,0.3
7/01/2025 3:25,0.288
7/01/2025 3:30,0.204
7/01/2025 3:35,0.204
7/01/2025 3:40,0.288
7/01/2025 3:45,0.336
7/01/2025 3:50,0.204
7/01/2025 3:55,0.204
7/01/2025 4:00,0.24
7/01/2025 4:05,0.324
7/01/2025 4:10,0.288
7/01/2025 4:15,0.192
7/01/2025 4:20,0.204
7/01/2025 4:25,0.276
7/01/2025 4:30,0.36
7/01/2025 4:35,0.204
7/01/2025 4:40,0.204
7/01/2025 4:45,0.2159999999999999
7/01/2025 4:50,0.36
7/01/2025 4:55,0.252
7/01/2025 5:00,0.204
7/01/2025 5:05,1.7159999999999995
7/01/2025 5:10,0.528
7/01/2025 5:15,0.552
7/01/2025 5:20,0.372
7/01/2025 5:25,0.336
7/01/2025 5:30,0.336
7/01/2025 5:35,0.492
7/01/2025 5:40,0.42
7/01/2025 5:45,0.24
7/01/2025 5:50,0.492
7/01/2025 5:55,0.252
7/01/2025 6:00,0.408
7/01/2025 6:05,0.324
7/01/2025 6:10,0.312
7/01/2025 6:15,0.312
7/01/2025 6:20,0.732
7/01/2025 6:25,1.56
7/01/2025 6:30,0.504
7/01/2025 6:35,0.708
7/01/2025 6:40,1.416
7/01/2025 6:45,1.404
7/01/2025 6:50,1.248
7/01/2025 6:55,1.2000000000000002
7/01/2025 7:00,1.08
7/01/2025 7:05,1.02
7/01/2025 7:10,2.184
7/01/2025 7:15,2.448
7/01/2025 7:20,0.264
7/01/2025 7:25,0.5760000000000001
7/01/2025 7:30,2.592
7/01/2025 7:35,1.44
7/01/2025 7:40,1.392
7/01/2025 7:45,2.28
7/01/2025 7:50,0.948
7/01/2025 7:55,0.792
7/01/2025 8:00,0.156
7/01/2025 8:05,0.1079999999999999
7/01/2025 8:10,0.1079999999999999
7/01/2025 8:15,0.012
7/01/2025 8:20,0.0
7/01/2025 8:25,0.0
7/01/2025 8:30,0.0
7/01/2025 8:35,0.156
7/01/2025 8:40,0.204
7/01/2025 8:45,0.276
7/01/2025 8:50,0.072
7/01/2025 8:55,0.168
7/01/2025 9:00,0.396
7/01/2025 9:05,0.552
7/01/2025 9:10,0.66
7/01/2025 9:15,0.096
7/01/2025 9:20,0.0
7/01/2025 9:25,0.0
7/01/2025 9:30,0.0
7/01/2025 9:35,0.0
7/01/2025 9:40,0.0
7/01/2025 9:45,0.0
7/01/2025 9:50,0.8639999999999999
7/01/2025 9:55,0.984
7/01/2025 10:00,1.992
7/01/2025 10:05,1.548
7/01/2025 10:10,1.452
7/01/2025 10:15,1.26
7/01/2025 10:20,0.72
7/01/2025 10:25,0.396
7/01/2025 10:30,0.0
7/01/2025 10:35,0.288
7/01/2025 10:40,0.048
7/01/2025 10:45,0.168
7/01/2025 10:50,0.0
7/01/2025 10:55,0.0
7/01/2025 11:00,0.0
7/01/2025 11:05,0.0
7/01/2025 11:10,0.0
7/01/2025 11:15,0.0
7/01/2025 11:20,0.0
7/01/2025 11:25,0.0
7/01/2025 11:30,0.0
7/01/2025 11:35,0.0
7/01/2025 11:40,0.0
7/01/2025 11:45,0.0
7/01/2025 11:50,0.0
7/01/2025 11:55,0.0
7/01/2025 12:00,0.552
7/01/2025 12:05,0.672
7/01/2025 12:10,0.624
7/01/2025 12:15,0.708
7/01/2025 12:20,0.624
7/01/2025 12:25,2.064
7/01/2025 12:30,0.0
7/01/2025 12:35,0.0
7/01/2025 12:40,0.0
7/01/2025 12:45,0.036
7/01/2025 12:50,0.0
7/01/2025 12:55,0.024
7/01/2025 13:00,0.012
7/01/2025 13:05,0.072
7/01/2025 13:10,0.084
7/01/2025 13:15,0.024
7/01/2025 13:20,0.132
7/01/2025 13:25,0.012
7/01/2025 13:30,0.048
7/01/2025 13:35,0.024
7/01/2025 13:40,0.0
7/01/2025 13:45,0.0
7/01/2025 13:50,0.0
7/01/2025 13:55,0.0
7/01/2025 14:00,0.012
7/01/2025 14:05,0.0
7/01/2025 14:10,0.0
7/01/2025 14:15,0.0
7/01/2025 14:20,0.0
7/01/2025 14:25,0.0
7/01/2025 14:30,0.0
7/01/2025 14:35,0.012
7/01/2025 14:40,0.0
7/01/2025 14:45,0.024
7/01/2025 14:50,0.18
7/01/2025 14:55,0.264
7/01/2025 15:00,0.312
7/01/2025 15:05,0.2159999999999999
7/01/2025 15:10,0.768
7/01/2025 15:15,2.46
7/01/2025 15:20,1.932
7/01/2025 15:25,1.248
7/01/2025 15:30,1.38
7/01/2025 15:35,1.7159999999999995
7/01/2025 15:40,1.368
7/01/2025 15:45,0.78
7/01/2025 15:50,0.612
7/01/2025 15:55,0.6000000000000001
7/01/2025 16:00,0.744
7/01/2025 16:05,0.8999999999999999
7/01/2025 16:10,1.092
7/01/2025 16:15,0.78
7/01/2025 16:20,1.056
7/01/2025 16:25,0.8280000000000001
7/01/2025 16:30,0.996
7/01/2025 16:35,0.792
7/01/2025 16:40,0.612
7/01/2025 16:45,0.72
7/01/2025 16:50,0.672
7/01/2025 16:55,1.128
7/01/2025 17:00,1.272
7/01/2025 17:05,1.128
7/01/2025 17:10,1.128
7/01/2025 17:15,1.224
7/01/2025 17:20,1.14
7/01/2025 17:25,1.104
7/01/2025 17:30,1.2000000000000002
7/01/2025 17:35,1.116
7/01/2025 17:40,1.152
7/01/2025 17:45,1.104
7/01/2025 17:50,0.948
7/01/2025 17:55,0.912
7/01/2025 18:00,0.8639999999999999
7/01/2025 18:05,0.948
7/01/2025 18:10,0.504
7/01/2025 18:15,0.156
7/01/2025 18:20,0.18
7/01/2025 18:25,0.2159999999999999
7/01/2025 18:30,0.348
7/01/2025 18:35,0.348
7/01/2025 18:40,0.288
7/01/2025 18:45,0.732
7/01/2025 18:50,0.5760000000000001
7/01/2025 18:55,0.4679999999999999
7/01/2025 19:00,0.348
7/01/2025 19:05,0.3
7/01/2025 19:10,0.36
7/01/2025 19:15,0.348
7/01/2025 19:20,0.372
7/01/2025 19:25,0.396
7/01/2025 19:30,0.408
7/01/2025 19:35,0.396
7/01/2025 19:40,0.4319999999999999
7/01/2025 19:45,0.54
7/01/2025 19:50,0.504
7/01/2025 19:55,0.5760000000000001
7/01/2025 20:00,0.8280000000000001
7/01/2025 20:05,0.636
7/01/2025 20:10,0.504
7/01/2025 20:15,0.552
7/01/2025 20:20,0.4439999999999999
7/01/2025 20:25,0.396
7/01/2025 20:30,0.396
7/01/2025 20:35,0.372
7/01/2025 20:40,0.3
7/01/2025 20:45,0.264
7/01/2025 20:50,0.276
7/01/2025 20:55,0.4319999999999999
7/01/2025 21:00,0.312
7/01/2025 21:05,0.24
7/01/2025 21:10,0.252
7/01/2025 21:15,0.276
7/01/2025 21:20,0.312
7/01/2025 21:25,0.276
7/01/2025 21:30,0.312
7/01/2025 21:35,0.24
7/01/2025 21:40,0.288
7/01/2025 21:45,0.324
7/01/2025 21:50,0.252
7/01/2025 21:55,0.2279999999999999
7/01/2025 22:00,0.2279999999999999
7/01/2025 22:05,0.372
7/01/2025 22:10,0.312
7/01/2025 22:15,0.2279999999999999
7/01/2025 22:20,0.4559999999999999
7/01/2025 22:25,0.4439999999999999
7/01/2025 22:30,0.492
7/01/2025 22:35,0.516
7/01/2025 22:40,0.4679999999999999
7/01/2025 22:45,0.4559999999999999
7/01/2025 22:50,0.42
7/01/2025 22:55,0.516
7/01/2025 23:00,0.312
7/01/2025 23:05,0.204
7/01/2025 23:10,0.2159999999999999
7/01/2025 23:15,0.3
7/01/2025 23:20,0.288
7/01/2025 23:25,0.252
7/01/2025 23:30,0.192
7/01/2025 23:35,0.204
7/01/2025 23:40,0.24
7/01/2025 23:45,0.288
7/01/2025 23:50,0.312
7/01/2025 23:55,0.204
8/01/2025 0:00,0.204
8/01/2025 0:05,0.24
8/01/2025 0:10,0.3
8/01/2025 0:15,0.2279999999999999
8/01/2025 0:20,0.2159999999999999
8/01/2025 0:25,0.288
8/01/2025 0:30,0.264
8/01/2025 0:35,0.288
8/01/2025 0:40,0.2159999999999999
8/01/2025 0:45,0.204
8/01/2025 0:50,0.204
8/01/2025 0:55,0.264
8/01/2025 1:00,0.36
8/01/2025 1:05,0.2279999999999999
8/01/2025 1:10,0.204
8/01/2025 1:15,0.192
8/01/2025 1:20,0.276
8/01/2025 1:25,0.288
8/01/2025 1:30,0.192
8/01/2025 1:35,0.264
8/01/2025 1:40,0.2279999999999999
8/01/2025 1:45,0.24
8/01/2025 1:50,0.24
8/01/2025 1:55,0.168
8/01/2025 2:00,0.168
8/01/2025 2:05,0.156
8/01/2025 2:10,0.288
8/01/2025 2:15,0.312
8/01/2025 2:20,0.204
8/01/2025 2:25,0.2159999999999999
8/01/2025 2:30,0.192
8/01/2025 2:35,0.288
8/01/2025 2:40,0.264
8/01/2025 2:45,0.204
8/01/2025 2:50,0.264
8/01/2025 2:55,0.204
8/01/2025 3:00,0.276
8/01/2025 3:05,0.252
8/01/2025 3:10,0.192
8/01/2025 3:15,0.192
8/01/2025 3:20,0.204
8/01/2025 3:25,0.348
8/01/2025 3:30,0.264
8/01/2025 3:35,0.192
8/01/2025 3:40,0.192
8/01/2025 3:45,0.204
8/01/2025 3:50,0.276
8/01/2025 3:55,0.24
8/01/2025 4:00,0.252
8/01/2025 4:05,0.2159999999999999
8/01/2025 4:10,0.2159999999999999
8/01/2025 4:15,0.276
8/01/2025 4:20,0.24
8/01/2025 4:25,0.192
8/01/2025 4:30,0.192
8/01/2025 4:35,0.2279999999999999
8/01/2025 4:40,0.336
8/01/2025 4:45,0.24
8/01/2025 4:50,0.192
8/01/2025 4:55,0.192
8/01/2025 5:00,0.2159999999999999
8/01/2025 5:05,1.848
8/01/2025 5:10,0.504
8/01/2025 5:15,0.48
8/01/2025 5:20,0.336
8/01/2025 5:25,0.3
8/01/2025 5:30,0.336
8/01/2025 5:35,0.408
8/01/2025 5:40,0.132
8/01/2025 5:45,0.168
8/01/2025 5:50,0.156
8/01/2025 5:55,0.192
8/01/2025 6:00,0.18
8/01/2025 6:05,0.12
8/01/2025 6:10,0.132
8/01/2025 6:15,0.156
8/01/2025 6:20,0.324
8/01/2025 6:25,0.54
8/01/2025 6:30,0.936
8/01/2025 6:35,0.5880000000000001
8/01/2025 6:40,0.06
8/01/2025 6:45,0.072
8/01/2025 6:50,0.012
8/01/2025 6:55,0.012
8/01/2025 7:00,0.012
8/01/2025 7:05,2.016
8/01/2025 7:10,2.076
8/01/2025 7:15,0.096
8/01/2025 7:20,0.912
8/01/2025 7:25,2.1
8/01/2025 7:30,1.116
8/01/2025 7:35,1.104
8/01/2025 7:40,1.884
8/01/2025 7:45,0.8999999999999999
8/01/2025 7:50,0.0
8/01/2025 7:55,0.0
8/01/2025 8:00,0.0
8/01/2025 8:05,0.0
8/01/2025 8:10,0.0
8/01/2025 8:15,0.0
8/01/2025 8:20,0.0
8/01/2025 8:25,0.0
8/01/2025 8:30,0.0
8/01/2025 8:35,0.0
8/01/2025 8:40,0.0
8/01/2025 8:45,0.0
8/01/2025 8:50,0.0
8/01/2025 8:55,0.0
8/01/2025 9:00,0.276
8/01/2025 9:05,0.2159999999999999
8/01/2025 9:10,0.0
8/01/2025 9:15,0.0
8/01/2025 9:20,0.0
8/01/2025 9:25,0.0
8/01/2025 9:30,0.0
8/01/2025 9:35,0.0
8/01/2025 9:40,0.0
8/01/2025 9:45,0.0
8/01/2025 9:50,0.0
8/01/2025 9:55,0.0
8/01/2025 10:00,0.0
8/01/2025 10:05,0.0
8/01/2025 10:10,0.0
8/01/2025 10:15,0.0
8/01/2025 10:20,0.0
8/01/2025 10:25,0.0
8/01/2025 10:30,0.0
8/01/2025 10:35,0.0
8/01/2025 10:40,0.0
8/01/2025 10:45,0.0
8/01/2025 10:50,0.276
8/01/2025 10:55,0.0
8/01/2025 11:00,0.0
8/01/2025 11:05,0.144
8/01/2025 11:10,0.096
8/01/2025 11:15,0.012
8/01/2025 11:20,0.012
8/01/2025 11:25,0.036
8/01/2025 11:30,0.0
8/01/2025 11:35,0.0
8/01/2025 11:40,0.012
8/01/2025 11:45,0.012
8/01/2025 11:50,0.0
8/01/2025 11:55,0.0
8/01/2025 12:00,0.0
8/01/2025 12:05,0.0
8/01/2025 12:10,0.0
8/01/2025 12:15,0.0
8/01/2025 12:20,0.024
8/01/2025 12:25,0.0
8/01/2025 12:30,0.0
8/01/2025 12:35,0.0
8/01/2025 12:40,0.0
8/01/2025 12:45,0.0
8/01/2025 12:50,0.0
8/01/2025 12:55,0.0
8/01/2025 13:00,0.036
8/01/2025 13:05,0.048
8/01/2025 13:10,0.096
8/01/2025 13:15,0.036
8/01/2025 13:20,0.0
8/01/2025 13:25,0.0
8/01/2025 13:30,0.0
8/01/2025 13:35,0.012
8/01/2025 13:40,0.0
8/01/2025 13:45,0.0
8/01/2025 13:50,0.0
8/01/2025 13:55,0.0
8/01/2025 14:00,0.0
8/01/2025 14:05,0.0
8/01/2025 14:10,0.0
8/01/2025 14:15,0.0
8/01/2025 14:20,0.0
8/01/2025 14:25,0.0
8/01/2025 14:30,0.036
8/01/2025 14:35,0.0
8/01/2025 14:40,0.0
8/01/2025 14:45,0.0
8/01/2025 14:50,0.0
8/01/2025 14:55,0.0
8/01/2025 15:00,0.0
8/01/2025 15:05,0.0
8/01/2025 15:10,0.0
8/01/2025 15:15,0.0
8/01/2025 15:20,0.0
8/01/2025 15:25,0.0
8/01/2025 15:30,0.0
8/01/2025 15:35,0.0
8/01/2025 15:40,0.0
8/01/2025 15:45,0.0
8/01/2025 15:50,0.048
8/01/2025 15:55,0.06
8/01/2025 16:00,0.0
8/01/2025 16:05,0.012
8/01/2025 16:10,0.024
8/01/2025 16:15,0.048
8/01/2025 16:20,0.036
8/01/2025 16:25,0.0
8/01/2025 16:30,0.0
8/01/2025 16:35,0.024
8/01/2025 16:40,0.144
8/01/2025 16:45,0.132
8/01/2025 16:50,0.204
8/01/2025 16:55,0.396
8/01/2025 17:00,0.4559999999999999
8/01/2025 17:05,0.264
8/01/2025 17:10,0.156
8/01/2025 17:15,0.06
8/01/2025 17:20,0.0
8/01/2025 17:25,0.2159999999999999
8/01/2025 17:30,0.36
8/01/2025 17:35,0.42
8/01/2025 17:40,0.372
8/01/2025 17:45,0.264
8/01/2025 17:50,0.2279999999999999
8/01/2025 17:55,0.276
8/01/2025 18:00,0.336
8/01/2025 18:05,1.848
8/01/2025 18:10,2.3520000000000003
8/01/2025 18:15,1.56
8/01/2025 18:20,0.972
8/01/2025 18:25,1.224
8/01/2025 18:30,1.308
8/01/2025 18:35,0.924
8/01/2025 18:40,0.948
8/01/2025 18:45,0.4679999999999999
8/01/2025 18:50,0.516
8/01/2025 18:55,0.708
8/01/2025 19:00,1.044
8/01/2025 19:05,1.056
8/01/2025 19:10,1.068
8/01/2025 19:15,1.104
8/01/2025 19:20,1.236
8/01/2025 19:25,1.14
8/01/2025 19:30,1.116
8/01/2025 19:35,1.116
8/01/2025 19:40,1.104
8/01/2025 19:45,1.164
8/01/2025 19:50,1.1760000000000002
8/01/2025 19:55,1.116
8/01/2025 20:00,1.092
8/01/2025 20:05,1.1880000000000002
8/01/2025 20:10,1.104
8/01/2025 20:15,1.116
8/01/2025 20:20,1.092
8/01/2025 20:25,1.056
8/01/2025 20:30,1.032
8/01/2025 20:35,1.092
8/01/2025 20:40,1.1760000000000002
8/01/2025 20:45,1.164
8/01/2025 20:50,1.116
8/01/2025 20:55,1.152
8/01/2025 21:00,1.068
8/01/2025 21:05,0.936
8/01/2025 21:10,0.5760000000000001
8/01/2025 21:15,0.24
8/01/2025 21:20,0.2159999999999999
8/01/2025 21:25,0.2159999999999999
8/01/2025 21:30,0.2279999999999999
8/01/2025 21:35,0.312
8/01/2025 21:40,0.324
8/01/2025 21:45,0.24
8/01/2025 21:50,0.18
8/01/2025 21:55,0.18
8/01/2025 22:00,0.2279999999999999
8/01/2025 22:05,0.252
8/01/2025 22:10,0.18
8/01/2025 22:15,0.192
8/01/2025 22:20,0.204
8/01/2025 22:25,0.252
8/01/2025 22:30,0.36
8/01/2025 22:35,0.2279999999999999
8/01/2025 22:40,0.204
8/01/2025 22:45,0.204
8/01/2025 22:50,0.192
8/01/2025 22:55,0.276
8/01/2025 23:00,0.264
8/01/2025 23:05,0.192
8/01/2025 23:10,0.192
8/01/2025 23:15,0.204
8/01/2025 23:20,0.288
8/01/2025 23:25,0.336
8/01/2025 23:30,0.4319999999999999
8/01/2025 23:35,0.42
8/01/2025 23:40,0.4319999999999999
8/01/2025 23:45,0.408
8/01/2025 23:50,0.24
8/01/2025 23:55,0.252
9/01/2025 0:00,0.264
9/01/2025 0:05,0.288
9/01/2025 0:10,0.24
9/01/2025 0:15,0.312
9/01/2025 0:20,0.276
9/01/2025 0:25,0.2159999999999999
9/01/2025 0:30,0.2279999999999999
9/01/2025 0:35,0.2159999999999999
9/01/2025 0:40,0.276
9/01/2025 0:45,0.3
9/01/2025 0:50,0.264
9/01/2025 0:55,0.2159999999999999
9/01/2025 1:00,0.204
9/01/2025 1:05,0.252
9/01/2025 1:10,0.288
9/01/2025 1:15,0.204
9/01/2025 1:20,0.204
9/01/2025 1:25,0.192
9/01/2025 1:30,0.252
9/01/2025 1:35,0.324
9/01/2025 1:40,0.2279999999999999
9/01/2025 1:45,0.192
9/01/2025 1:50,0.18
9/01/2025 1:55,0.192
9/01/2025 2:00,0.276
9/01/2025 2:05,0.24
9/01/2025 2:10,0.192
9/01/2025 2:15,0.2159999999999999
9/01/2025 2:20,0.24
9/01/2025 2:25,0.252
9/01/2025 2:30,0.264
9/01/2025 2:35,0.192
9/01/2025 2:40,0.192
9/01/2025 2:45,0.192
9/01/2025 2:50,0.2279999999999999
9/01/2025 2:55,0.276
9/01/2025 3:00,0.24
9/01/2025 3:05,0.24
9/01/2025 3:10,0.192
9/01/2025 3:15,0.192
9/01/2025 3:20,0.2279999999999999
9/01/2025 3:25,0.204
9/01/2025 3:30,0.156
9/01/2025 3:35,0.144
9/01/2025 3:40,0.156
9/01/2025 3:45,0.312
9/01/2025 3:50,0.288
9/01/2025 3:55,0.192
9/01/2025 4:00,0.192
9/01/2025 4:05,0.192
9/01/2025 4:10,0.24
9/01/2025 4:15,0.276
9/01/2025 4:20,0.192
9/01/2025 4:25,0.192
9/01/2025 4:30,0.2279999999999999
9/01/2025 4:35,0.252
9/01/2025 4:40,0.276
9/01/2025 4:45,0.2159999999999999
9/01/2025 4:50,0.18
9/01/2025 4:55,0.192
9/01/2025 5:00,0.192
9/01/2025 5:05,1.872
9/01/2025 5:10,0.5880000000000001
9/01/2025 5:15,0.624
9/01/2025 5:20,2.3280000000000003
9/01/2025 5:25,2.772
9/01/2025 5:30,1.368
9/01/2025 5:35,0.8160000000000001
9/01/2025 5:40,2.64
9/01/2025 5:45,1.572
9/01/2025 5:50,1.7999999999999998
9/01/2025 5:55,3.3480000000000003
9/01/2025 6:00,2.112
9/01/2025 6:05,1.848
9/01/2025 6:10,0.912
9/01/2025 6:15,0.996
9/01/2025 6:20,0.8999999999999999
9/01/2025 6:25,0.8639999999999999
9/01/2025 6:30,0.8879999999999999
9/01/2025 6:35,0.648
9/01/2025 6:40,0.4679999999999999
9/01/2025 6:45,0.636
9/01/2025 6:50,0.384
9/01/2025 6:55,0.5640000000000001
9/01/2025 7:00,0.5640000000000001
9/01/2025 7:05,0.276
9/01/2025 7:10,0.252
9/01/2025 7:15,0.54
9/01/2025 7:20,0.612
9/01/2025 7:25,0.096
9/01/2025 7:30,0.288
9/01/2025 7:35,0.012
9/01/2025 7:40,0.0
9/01/2025 7:45,0.0
9/01/2025 7:50,0.0
9/01/2025 7:55,0.2159999999999999
9/01/2025 8:00,0.36
9/01/2025 8:05,0.312
9/01/2025 8:10,0.168
9/01/2025 8:15,0.024
9/01/2025 8:20,0.0
9/01/2025 8:25,0.0
9/01/2025 8:30,0.0
9/01/2025 8:35,0.0
9/01/2025 8:40,0.0
9/01/2025 8:45,0.0
9/01/2025 8:50,0.0
9/01/2025 8:55,0.0
9/01/2025 9:00,0.0
9/01/2025 9:05,0.0
9/01/2025 9:10,0.0
9/01/2025 9:15,0.0
9/01/2025 9:20,0.0
9/01/2025 9:25,0.0
9/01/2025 9:30,0.0
9/01/2025 9:35,0.0
9/01/2025 9:40,0.0
9/01/2025 9:45,0.0
9/01/2025 9:50,0.0
9/01/2025 9:55,0.012
9/01/2025 10:00,0.0
9/01/2025 10:05,0.0
9/01/2025 10:10,0.0
9/01/2025 10:15,0.0
9/01/2025 10:20,0.0
9/01/2025 10:25,0.0
9/01/2025 10:30,0.0
9/01/2025 10:35,0.0
9/01/2025 10:40,0.0
9/01/2025 10:45,0.012
9/01/2025 10:50,0.012
9/01/2025 10:55,0.036
9/01/2025 11:00,0.072
9/01/2025 11:05,0.06
9/01/2025 11:10,0.0
9/01/2025 11:15,0.1079999999999999
9/01/2025 11:20,0.144
9/01/2025 11:25,0.0
9/01/2025 11:30,0.0
9/01/2025 11:35,0.0
9/01/2025 11:40,0.012
9/01/2025 11:45,0.048
9/01/2025 11:50,0.372
9/01/2025 11:55,0.54
9/01/2025 12:00,0.084
9/01/2025 12:05,0.084
9/01/2025 12:10,0.648
9/01/2025 12:15,0.396
9/01/2025 12:20,0.48
9/01/2025 12:25,0.516
9/01/2025 12:30,0.312
9/01/2025 12:35,0.192
9/01/2025 12:40,0.324
9/01/2025 12:45,0.0
9/01/2025 12:50,0.012
9/01/2025 12:55,0.0
9/01/2025 13:00,0.0
9/01/2025 13:05,0.0
9/01/2025 13:10,0.0
9/01/2025 13:15,0.0
9/01/2025 13:20,0.012
9/01/2025 13:25,0.036
9/01/2025 13:30,0.0
9/01/2025 13:35,0.0
9/01/2025 13:40,0.0
9/01/2025 13:45,0.0
9/01/2025 13:50,0.084
9/01/2025 13:55,0.0
9/01/2025 14:00,0.24
9/01/2025 14:05,0.0
9/01/2025 14:10,0.0
9/01/2025 14:15,0.0
9/01/2025 14:20,0.0
9/01/2025 14:25,0.0
9/01/2025 14:30,0.0
9/01/2025 14:35,0.0
9/01/2025 14:40,0.0
9/01/2025 14:45,0.0
9/01/2025 14:50,0.144
9/01/2025 14:55,0.4559999999999999
9/01/2025 15:00,1.1880000000000002
9/01/2025 15:05,2.136
9/01/2025 15:10,1.62
9/01/2025 15:15,1.308
9/01/2025 15:20,0.0
9/01/2025 15:25,0.0
9/01/2025 15:30,0.0
9/01/2025 15:35,0.348
9/01/2025 15:40,0.0
9/01/2025 15:45,0.0
9/01/2025 15:50,0.3
9/01/2025 15:55,0.0
9/01/2025 16:00,0.0
9/01/2025 16:05,0.2159999999999999
9/01/2025 16:10,0.204
9/01/2025 16:15,0.24
9/01/2025 16:20,0.012
9/01/2025 16:25,0.072
9/01/2025 16:30,0.252
9/01/2025 16:35,0.66
9/01/2025 16:40,0.948
9/01/2025 16:45,0.924
9/01/2025 16:50,0.744
9/01/2025 16:55,0.72
9/01/2025 17:00,0.8160000000000001
9/01/2025 17:05,0.708
9/01/2025 17:10,0.552
9/01/2025 17:15,0.744
9/01/2025 17:20,0.972
9/01/2025 17:25,1.128
9/01/2025 17:30,1.1760000000000002
9/01/2025 17:35,1.056
9/01/2025 17:40,0.8519999999999999
9/01/2025 17:45,0.8400000000000001
9/01/2025 17:50,0.804
9/01/2025 17:55,0.744
9/01/2025 18:00,0.96
9/01/2025 18:05,1.02
9/01/2025 18:10,0.8879999999999999
9/01/2025 18:15,0.612
9/01/2025 18:20,0.804
9/01/2025 18:25,0.936
9/01/2025 18:30,1.008
9/01/2025 18:35,0.972
9/01/2025 18:40,0.996
9/01/2025 18:45,1.032
9/01/2025 18:50,1.044
9/01/2025 18:55,1.068
9/01/2025 19:00,0.996
9/01/2025 19:05,0.984
9/01/2025 19:10,0.972
9/01/2025 19:15,1.044
9/01/2025 19:20,1.152
9/01/2025 19:25,0.972
9/01/2025 19:30,0.96
9/01/2025 19:35,0.972
9/01/2025 19:40,1.032
9/01/2025 19:45,1.08
9/01/2025 19:50,0.984
9/01/2025 19:55,1.056
9/01/2025 20:00,0.936
9/01/2025 20:05,0.8759999999999999
9/01/2025 20:10,0.924
9/01/2025 20:15,0.78
9/01/2025 20:20,0.78
9/01/2025 20:25,0.804
9/01/2025 20:30,0.912
9/01/2025 20:35,0.8400000000000001
9/01/2025 20:40,0.78
9/01/2025 20:45,0.5760000000000001
9/01/2025 20:50,0.192
9/01/2025 20:55,0.288
9/01/2025 21:00,0.3
9/01/2025 21:05,0.2279999999999999
9/01/2025 21:10,0.18
9/01/2025 21:15,0.204
9/01/2025 21:20,0.288
9/01/2025 21:25,0.252
9/01/2025 21:30,0.192
9/01/2025 21:35,0.252
9/01/2025 21:40,0.2279999999999999
9/01/2025 21:45,0.276
9/01/2025 21:50,0.24
9/01/2025 21:55,0.192
9/01/2025 22:00,0.18
9/01/2025 22:05,0.2159999999999999
9/01/2025 22:10,0.348
9/01/2025 22:15,0.312
9/01/2025 22:20,0.312
9/01/2025 22:25,0.3
9/01/2025 22:30,0.312
9/01/2025 22:35,0.156
9/01/2025 22:40,0.252
9/01/2025 22:45,0.36
9/01/2025 22:50,0.3
9/01/2025 22:55,0.288
9/01/2025 23:00,0.276
9/01/2025 23:05,0.192
9/01/2025 23:10,0.18
9/01/2025 23:15,0.264
9/01/2025 23:20,0.324
9/01/2025 23:25,0.24
9/01/2025 23:30,0.204
9/01/2025 23:35,0.192
9/01/2025 23:40,0.252
9/01/2025 23:45,0.276
9/01/2025 23:50,0.252
9/01/2025 23:55,0.2279999999999999
10/01/2025 0:00,0.192
10/01/2025 0:05,0.252
10/01/2025 0:10,0.276
10/01/2025 0:15,0.192
10/01/2025 0:20,0.18
10/01/2025 0:25,0.252
10/01/2025 0:30,0.288
10/01/2025 0:35,0.252
10/01/2025 0:40,0.192
10/01/2025 0:45,0.18
10/01/2025 0:50,0.204
10/01/2025 0:55,0.276
10/01/2025 1:00,0.312
10/01/2025 1:05,0.204
10/01/2025 1:10,0.18
10/01/2025 1:15,0.2159999999999999
10/01/2025 1:20,0.276
10/01/2025 1:25,0.2279999999999999
10/01/2025 1:30,0.192
10/01/2025 1:35,0.264
10/01/2025 1:40,0.204
10/01/2025 1:45,0.24
10/01/2025 1:50,0.192
10/01/2025 1:55,0.144
10/01/2025 2:00,0.156
10/01/2025 2:05,0.192
10/01/2025 2:10,0.312
10/01/2025 2:15,0.2279999999999999
10/01/2025 2:20,0.192
10/01/2025 2:25,0.192
10/01/2025 2:30,0.24
10/01/2025 2:35,0.264
10/01/2025 2:40,0.204
10/01/2025 2:45,0.264
10/01/2025 2:50,0.192
10/01/2025 2:55,0.24
10/01/2025 3:00,0.264
10/01/2025 3:05,0.192
10/01/2025 3:10,0.18
10/01/2025 3:15,0.192
10/01/2025 3:20,0.324
10/01/2025 3:25,0.264
10/01/2025 3:30,0.18
10/01/2025 3:35,0.18
10/01/2025 3:40,0.192
10/01/2025 3:45,0.252
10/01/2025 3:50,0.252
10/01/2025 3:55,0.264
10/01/2025 4:00,0.192
10/01/2025 4:05,0.18
10/01/2025 4:10,0.264
10/01/2025 4:15,0.252
10/01/2025 4:20,0.18
10/01/2025 4:25,0.192
10/01/2025 4:30,0.264
10/01/2025 4:35,0.276
10/01/2025 4:40,0.24
10/01/2025 4:45,0.192
10/01/2025 4:50,0.156
10/01/2025 4:55,0.168
10/01/2025 5:00,0.24
10/01/2025 5:05,1.848
10/01/2025 5:10,0.4679999999999999
10/01/2025 5:15,0.516
10/01/2025 5:20,0.4679999999999999
10/01/2025 5:25,0.492
10/01/2025 5:30,0.504
10/01/2025 5:35,0.288
10/01/2025 5:40,0.396
10/01/2025 5:45,0.312
10/01/2025 5:50,0.276
10/01/2025 5:55,0.168
10/01/2025 6:00,0.1079999999999999
10/01/2025 6:05,0.12
10/01/2025 6:10,0.072
10/01/2025 6:15,0.192
10/01/2025 6:20,0.528
10/01/2025 6:25,0.264
10/01/2025 6:30,0.4559999999999999
10/01/2025 6:35,0.72
10/01/2025 6:40,0.552
10/01/2025 6:45,0.42
10/01/2025 6:50,0.06
10/01/2025 6:55,0.12
10/01/2025 7:00,0.132
10/01/2025 7:05,0.036
10/01/2025 7:10,0.012
10/01/2025 7:15,0.0
10/01/2025 7:20,0.0
10/01/2025 7:25,0.0
10/01/2025 7:30,0.012
10/01/2025 7:35,0.084
10/01/2025 7:40,0.324
10/01/2025 7:45,0.288
10/01/2025 7:50,0.504
10/01/2025 7:55,0.072
10/01/2025 8:00,0.0
10/01/2025 8:05,0.0
10/01/2025 8:10,0.0
10/01/2025 8:15,0.0
10/01/2025 8:20,0.276
10/01/2025 8:25,0.0
10/01/2025 8:30,0.0
10/01/2025 8:35,0.0
10/01/2025 8:40,0.0
10/01/2025 8:45,0.036
10/01/2025 8:50,1.56
10/01/2025 8:55,1.248
10/01/2025 9:00,0.0
10/01/2025 9:05,0.804
10/01/2025 9:10,1.44
10/01/2025 9:15,0.708
10/01/2025 9:20,0.636
10/01/2025 9:25,0.8999999999999999
10/01/2025 9:30,0.4559999999999999
10/01/2025 9:35,0.0
10/01/2025 9:40,0.0
10/01/2025 9:45,0.0
10/01/2025 9:50,0.0
10/01/2025 9:55,0.0
10/01/2025 10:00,0.0
10/01/2025 10:05,0.0
10/01/2025 10:10,0.0
10/01/2025 10:15,0.012
10/01/2025 10:20,0.0
10/01/2025 10:25,0.0
10/01/2025 10:30,0.0
10/01/2025 10:35,0.0
10/01/2025 10:40,0.0
10/01/2025 10:45,0.0
10/01/2025 10:50,0.0
10/01/2025 10:55,0.0
10/01/2025 11:00,0.0
10/01/2025 11:05,0.0
10/01/2025 11:10,0.0
10/01/2025 11:15,0.0
10/01/2025 11:20,0.0
10/01/2025 11:25,0.0
10/01/2025 11:30,0.0
10/01/2025 11:35,0.0
10/01/2025 11:40,0.0
10/01/2025 11:45,0.0
10/01/2025 11:50,0.0
10/01/2025 11:55,0.0
10/01/2025 12:00,0.0
10/01/2025 12:05,0.0
10/01/2025 12:10,0.0
10/01/2025 12:15,0.0
10/01/2025 12:20,0.0
10/01/2025 12:25,0.0
10/01/2025 12:30,0.0
10/01/2025 12:35,0.0
10/01/2025 12:40,0.0
10/01/2025 12:45,0.0
10/01/2025 12:50,0.0
10/01/2025 12:55,0.0
10/01/2025 13:00,0.0
10/01/2025 13:05,0.0
10/01/2025 13:10,0.0
10/01/2025 13:15,0.0
10/01/2025 13:20,0.0
10/01/2025 13:25,0.0
10/01/2025 13:30,0.0
10/01/2025 13:35,0.0
10/01/2025 13:40,0.0
10/01/2025 13:45,0.0
10/01/2025 13:50,0.0
10/01/2025 13:55,0.0
10/01/2025 14:00,0.0
10/01/2025 14:05,0.0
10/01/2025 14:10,0.0
10/01/2025 14:15,0.0
10/01/2025 14:20,0.0
10/01/2025 14:25,0.0
10/01/2025 14:30,0.0
10/01/2025 14:35,0.0
10/01/2025 14:40,0.0
10/01/2025 14:45,0.0
10/01/2025 14:50,0.0
10/01/2025 14:55,0.0
10/01/2025 15:00,0.0
10/01/2025 15:05,0.0
10/01/2025 15:10,0.0
10/01/2025 15:15,0.0
10/01/2025 15:20,0.0
10/01/2025 15:25,0.0
10/01/2025 15:30,0.0
10/01/2025 15:35,0.0
10/01/2025 15:40,0.0
10/01/2025 15:45,0.084
10/01/2025 15:50,0.24
10/01/2025 15:55,0.0
10/01/2025 16:00,0.0
10/01/2025 16:05,0.204
10/01/2025 16:10,0.0
10/01/2025 16:15,0.0
10/01/2025 16:20,0.0
10/01/2025 16:25,0.0
10/01/2025 16:30,0.0
10/01/2025 16:35,0.0
10/01/2025 16:40,0.0
10/01/2025 16:45,0.0
10/01/2025 16:50,0.0
10/01/2025 16:55,0.0
10/01/2025 17:00,0.0
10/01/2025 17:05,0.0
10/01/2025 17:10,0.0
10/01/2025 17:15,0.0
10/01/2025 17:20,0.0
10/01/2025 17:25,0.0
10/01/2025 17:30,0.0
10/01/2025 17:35,0.0
10/01/2025 17:40,0.0
10/01/2025 17:45,0.0
10/01/2025 17:50,0.0
10/01/2025 17:55,0.0
10/01/2025 18:00,0.0
10/01/2025 18:05,0.0
10/01/2025 18:10,0.0
10/01/2025 18:15,0.06
10/01/2025 18:20,0.024
10/01/2025 18:25,0.096
10/01/2025 18:30,0.12
10/01/2025 18:35,0.132
10/01/2025 18:40,0.204
10/01/2025 18:45,0.264
10/01/2025 18:50,0.312
10/01/2025 18:55,0.288
10/01/2025 19:00,0.348
10/01/2025 19:05,0.408
10/01/2025 19:10,0.4319999999999999
10/01/2025 19:15,0.66
10/01/2025 19:20,0.648
10/01/2025 19:25,0.72
10/01/2025 19:30,1.416
10/01/2025 19:35,1.26
10/01/2025 19:40,1.104
10/01/2025 19:45,1.164
10/01/2025 19:50,1.224
10/01/2025 19:55,1.224
10/01/2025 20:00,1.224
10/01/2025 20:05,1.14
10/01/2025 20:10,1.164
10/01/2025 20:15,1.236
10/01/2025 20:20,1.116
10/01/2025 20:25,1.464
10/01/2025 20:30,2.7
10/01/2025 20:35,1.056
10/01/2025 20:40,0.492
10/01/2025 20:45,2.256
10/01/2025 20:50,1.7279999999999998
10/01/2025 20:55,1.7999999999999998
10/01/2025 21:00,2.184
10/01/2025 21:05,1.2120000000000002
10/01/2025 21:10,1.272
10/01/2025 21:15,0.24
10/01/2025 21:20,0.24
10/01/2025 21:25,0.324
10/01/2025 21:30,0.36
10/01/2025 21:35,0.264
10/01/2025 21:40,0.2279999999999999
10/01/2025 21:45,0.24
10/01/2025 21:50,0.384
10/01/2025 21:55,0.336
10/01/2025 22:00,0.2159999999999999
10/01/2025 22:05,0.2159999999999999
10/01/2025 22:10,0.264
10/01/2025 22:15,0.312
10/01/2025 22:20,0.324
10/01/2025 22:25,0.2159999999999999
10/01/2025 22:30,0.2159999999999999
10/01/2025 22:35,0.276
10/01/2025 22:40,0.336
10/01/2025 22:45,0.252
10/01/2025 22:50,0.2159999999999999
10/01/2025 22:55,0.2159999999999999
10/01/2025 23:00,0.288
10/01/2025 23:05,0.312
10/01/2025 23:10,0.2159999999999999
10/01/2025 23:15,0.204
10/01/2025 23:20,0.24
10/01/2025 23:25,0.288
10/01/2025 23:30,0.3
10/01/2025 23:35,0.204
10/01/2025 23:40,0.204
10/01/2025 23:45,0.276
10/01/2025 23:50,0.276
10/01/2025 23:55,0.276
11/01/2025 0:00,0.192
11/01/2025 0:05,0.2159999999999999
11/01/2025 0:10,0.288
11/01/2025 0:15,0.252
11/01/2025 0:20,0.264
11/01/2025 0:25,0.204
11/01/2025 0:30,0.24
11/01/2025 0:35,0.288
11/01/2025 0:40,0.2159999999999999
11/01/2025 0:45,0.264
11/01/2025 0:50,0.24
11/01/2025 0:55,0.264
11/01/2025 1:00,0.288
11/01/2025 1:05,0.192
11/01/2025 1:10,0.204
11/01/2025 1:15,0.276
11/01/2025 1:20,0.288
11/01/2025 1:25,0.264
11/01/2025 1:30,0.192
11/01/2025 1:35,0.192
11/01/2025 1:40,0.288
11/01/2025 1:45,0.324
11/01/2025 1:50,0.2279999999999999
11/01/2025 1:55,0.192
11/01/2025 2:00,0.204
11/01/2025 2:05,0.276
11/01/2025 2:10,0.372
11/01/2025 2:15,0.24
11/01/2025 2:20,0.204
11/01/2025 2:25,0.204
11/01/2025 2:30,0.276
11/01/2025 2:35,0.276
11/01/2025 2:40,0.24
11/01/2025 2:45,0.252
11/01/2025 2:50,0.2279999999999999
11/01/2025 2:55,0.276
11/01/2025 3:00,0.252
11/01/2025 3:05,0.192
11/01/2025 3:10,0.2279999999999999
11/01/2025 3:15,0.3
11/01/2025 3:20,0.288
11/01/2025 3:25,0.204
11/01/2025 3:30,0.204
11/01/2025 3:35,0.192
11/01/2025 3:40,0.336
11/01/2025 3:45,0.312
11/01/2025 3:50,0.204
11/01/2025 3:55,0.192
11/01/2025 4:00,0.2159999999999999
11/01/2025 4:05,0.288
11/01/2025 4:10,0.288
11/01/2025 4:15,0.2279999999999999
11/01/2025 4:20,0.204
11/01/2025 4:25,0.24
11/01/2025 4:30,0.276
11/01/2025 4:35,0.2279999999999999
11/01/2025 4:40,0.2279999999999999
11/01/2025 4:45,0.252
11/01/2025 4:50,0.264
11/01/2025 4:55,0.288
11/01/2025 5:00,0.192
11/01/2025 5:05,1.7519999999999998
11/01/2025 5:10,0.54
11/01/2025 5:15,0.516
11/01/2025 5:20,0.348
11/01/2025 5:25,0.24
11/01/2025 5:30,0.252
11/01/2025 5:35,0.2159999999999999
11/01/2025 5:40,0.288
11/01/2025 5:45,0.252
11/01/2025 5:50,0.156
11/01/2025 5:55,0.144
11/01/2025 6:00,0.132
11/01/2025 6:05,0.096
11/01/2025 6:10,0.0
11/01/2025 6:15,0.012
11/01/2025 6:20,0.012
11/01/2025 6:25,0.048
11/01/2025 6:30,0.036
11/01/2025 6:35,0.0
11/01/2025 6:40,0.0
11/01/2025 6:45,0.0
11/01/2025 6:50,0.0
11/01/2025 6:55,0.0
11/01/2025 7:00,0.0
11/01/2025 7:05,0.0
11/01/2025 7:10,0.0
11/01/2025 7:15,0.0
11/01/2025 7:20,0.0
11/01/2025 7:25,0.0
11/01/2025 7:30,0.0
11/01/2025 7:35,0.0
11/01/2025 7:40,0.0
11/01/2025 7:45,0.096
11/01/2025 7:50,0.144
11/01/2025 7:55,0.0
11/01/2025 8:00,0.0
11/01/2025 8:05,0.0
11/01/2025 8:10,0.0
11/01/2025 8:15,0.0
11/01/2025 8:20,0.0
11/01/2025 8:25,0.0
11/01/2025 8:30,0.0
11/01/2025 8:35,0.0
11/01/2025 8:40,0.0
11/01/2025 8:45,0.0
11/01/2025 8:50,0.0
11/01/2025 8:55,0.0
11/01/2025 9:00,0.0
11/01/2025 9:05,0.0
11/01/2025 9:10,0.0
11/01/2025 9:15,0.0
11/01/2025 9:20,0.0
11/01/2025 9:25,0.0
11/01/2025 9:30,0.0
11/01/2025 9:35,0.0
11/01/2025 9:40,0.0
11/01/2025 9:45,0.0
11/01/2025 9:50,0.0
11/01/2025 9:55,0.0
11/01/2025 10:00,0.0
11/01/2025 10:05,0.0
11/01/2025 10:10,0.0
11/01/2025 10:15,0.0
11/01/2025 10:20,0.0
11/01/2025 10:25,0.0
11/01/2025 10:30,0.0
11/01/2025 10:35,0.0
11/01/2025 10:40,0.0
11/01/2025 10:45,0.0
11/01/2025 10:50,0.0
11/01/2025 10:55,0.0
11/01/2025 11:00,0.0
11/01/2025 11:05,0.0
11/01/2025 11:10,0.0
11/01/2025 11:15,0.0
11/01/2025 11:20,0.0
11/01/2025 11:25,0.0
11/01/2025 11:30,0.0
11/01/2025 11:35,0.0
11/01/2025 11:40,0.0
11/01/2025 11:45,0.0
11/01/2025 11:50,0.0
11/01/2025 11:55,0.0
11/01/2025 12:00,0.0
11/01/2025 12:05,0.0
11/01/2025 12:10,0.0
11/01/2025 12:15,0.0
11/01/2025 12:20,0.0
11/01/2025 12:25,0.0
11/01/2025 12:30,0.0
11/01/2025 12:35,0.0
11/01/2025 12:40,0.0
11/01/2025 12:45,0.0
11/01/2025 12:50,0.0
11/01/2025 12:55,0.0
11/01/2025 13:00,0.0
11/01/2025 13:05,0.0
11/01/2025 13:10,0.0
11/01/2025 13:15,0.0
11/01/2025 13:20,0.0
11/01/2025 13:25,0.0
11/01/2025 13:30,0.0
11/01/2025 13:35,0.2159999999999999
11/01/2025 13:40,0.0
11/01/2025 13:45,0.0
11/01/2025 13:50,0.0
11/01/2025 13:55,0.0
11/01/2025 14:00,0.0
11/01/2025 14:05,0.0
11/01/2025 14:10,0.0
11/01/2025 14:15,0.0
11/01/2025 14:20,0.0
11/01/2025 14:25,0.0
11/01/2025 14:30,0.0
11/01/2025 14:35,0.0
11/01/2025 14:40,0.0
11/01/2025 14:45,0.0
11/01/2025 14:50,0.0
11/01/2025 14:55,0.0
11/01/2025 15:00,0.0
11/01/2025 15:05,0.0
11/01/2025 15:10,0.0
11/01/2025 15:15,0.0
11/01/2025 15:20,0.0
11/01/2025 15:25,0.012
11/01/2025 15:30,0.0
11/01/2025 15:35,0.0
11/01/2025 15:40,0.0
11/01/2025 15:45,0.0
11/01/2025 15:50,0.0
11/01/2025 15:55,1.2000000000000002
11/01/2025 16:00,3.18
11/01/2025 16:05,3.6
11/01/2025 16:10,3.684
11/01/2025 16:15,3.3480000000000003
11/01/2025 16:20,3.3480000000000003
11/01/2025 16:25,3.216
11/01/2025 16:30,3.492
11/01/2025 16:35,3.444
11/01/2025 16:40,3.612
11/01/2025 16:45,3.72
11/01/2025 16:50,3.828
11/01/2025 16:55,3.72
11/01/2025 17:00,3.744
11/01/2025 17:05,3.54
11/01/2025 17:10,3.864
11/01/2025 17:15,3.948
11/01/2025 17:20,4.0200000000000005
11/01/2025 17:25,4.1160000000000005
11/01/2025 17:30,4.0680000000000005
11/01/2025 17:35,4.151999999999999
11/01/2025 17:40,4.212
11/01/2025 17:45,4.247999999999999
11/01/2025 17:50,4.428
11/01/2025 17:55,4.416
11/01/2025 18:00,4.356
11/01/2025 18:05,4.524
11/01/2025 18:10,4.5
11/01/2025 18:15,4.464
11/01/2025 18:20,4.5120000000000005
11/01/2025 18:25,4.572
11/01/2025 18:30,4.644
11/01/2025 18:35,4.692
11/01/2025 18:40,4.812
11/01/2025 18:45,4.752000000000001
11/01/2025 18:50,5.196
11/01/2025 18:55,4.98
11/01/2025 19:00,4.848000000000001
11/01/2025 19:05,4.848000000000001
11/01/2025 19:10,4.764
11/01/2025 19:15,4.836
11/01/2025 19:20,4.848000000000001
11/01/2025 19:25,4.800000000000001
11/01/2025 19:30,4.74
11/01/2025 19:35,0.8519999999999999
11/01/2025 19:40,0.408
11/01/2025 19:45,0.372
11/01/2025 19:50,0.384
11/01/2025 19:55,0.996
11/01/2025 20:00,0.4439999999999999
11/01/2025 20:05,0.4319999999999999
11/01/2025 20:10,0.42
11/01/2025 20:15,1.32
11/01/2025 20:20,2.976
11/01/2025 20:25,1.7159999999999995
11/01/2025 20:30,0.78
11/01/2025 20:35,2.412
11/01/2025 20:40,1.896
11/01/2025 20:45,2.016
11/01/2025 20:50,2.28
11/01/2025 20:55,1.44
11/01/2025 21:00,1.5
11/01/2025 21:05,0.5880000000000001
11/01/2025 21:10,0.6000000000000001
11/01/2025 21:15,0.528
11/01/2025 21:20,0.66
11/01/2025 21:25,0.624
11/01/2025 21:30,0.612
11/01/2025 21:35,0.612
11/01/2025 21:40,0.636
11/01/2025 21:45,0.516
11/01/2025 21:50,0.504
11/01/2025 21:55,0.528
11/01/2025 22:00,0.5880000000000001
11/01/2025 22:05,0.636
11/01/2025 22:10,0.4679999999999999
11/01/2025 22:15,0.4679999999999999
11/01/2025 22:20,0.528
11/01/2025 22:25,0.54
11/01/2025 22:30,0.5880000000000001
11/01/2025 22:35,0.312
11/01/2025 22:40,0.288
11/01/2025 22:45,0.348
11/01/2025 22:50,0.348
11/01/2025 22:55,0.288
11/01/2025 23:00,0.252
11/01/2025 23:05,0.252
11/01/2025 23:10,0.288
11/01/2025 23:15,0.288
11/01/2025 23:20,0.204
11/01/2025 23:25,0.192
11/01/2025 23:30,0.264
11/01/2025 23:35,0.288
11/01/2025 23:40,0.264
11/01/2025 23:45,0.192
11/01/2025 23:50,0.2159999999999999
11/01/2025 23:55,0.264
12/01/2025 0:00,0.264
12/01/2025 0:05,0.24
12/01/2025 0:10,0.192
12/01/2025 0:15,0.24
12/01/2025 0:20,0.276
12/01/2025 0:25,0.264
12/01/2025 0:30,0.204
12/01/2025 0:35,0.192
12/01/2025 0:40,0.276
12/01/2025 0:45,0.264
12/01/2025 0:50,0.252
12/01/2025 0:55,0.192
12/01/2025 1:00,0.2279999999999999
12/01/2025 1:05,0.276
12/01/2025 1:10,0.252
12/01/2025 1:15,0.2279999999999999
12/01/2025 1:20,0.192
12/01/2025 1:25,0.264
12/01/2025 1:30,0.264
12/01/2025 1:35,0.252
12/01/2025 1:40,0.192
12/01/2025 1:45,0.2159999999999999
12/01/2025 1:50,0.276
12/01/2025 1:55,0.24
12/01/2025 2:00,0.252
12/01/2025 2:05,0.192
12/01/2025 2:10,0.24
12/01/2025 2:15,0.276
12/01/2025 2:20,0.204
12/01/2025 2:25,0.252
12/01/2025 2:30,0.192
12/01/2025 2:35,0.276
12/01/2025 2:40,0.252
12/01/2025 2:45,0.2279999999999999
12/01/2025 2:50,0.2159999999999999
12/01/2025 2:55,0.2159999999999999
12/01/2025 3:00,0.276
12/01/2025 3:05,0.2159999999999999
12/01/2025 3:10,0.2279999999999999
12/01/2025 3:15,0.2159999999999999
12/01/2025 3:20,0.264
12/01/2025 3:25,0.264
12/01/2025 3:30,0.192
12/01/2025 3:35,0.252
12/01/2025 3:40,0.2159999999999999
12/01/2025 3:45,0.276
12/01/2025 3:50,0.24
12/01/2025 3:55,0.192
12/01/2025 4:00,0.252
12/01/2025 4:05,0.24
12/01/2025 4:10,0.276
12/01/2025 4:15,0.2159999999999999
12/01/2025 4:20,0.18
12/01/2025 4:25,0.264
12/01/2025 4:30,0.264
12/01/2025 4:35,0.264
12/01/2025 4:40,0.192
12/01/2025 4:45,0.18
12/01/2025 4:50,0.288
12/01/2025 4:55,0.288
12/01/2025 5:00,0.24
12/01/2025 5:05,1.7159999999999995
12/01/2025 5:10,0.492
12/01/2025 5:15,0.4439999999999999
12/01/2025 5:20,0.4439999999999999
12/01/2025 5:25,0.336
12/01/2025 5:30,0.348
12/01/2025 5:35,0.084
12/01/2025 5:40,0.156
12/01/2025 5:45,0.156
12/01/2025 5:50,0.024
12/01/2025 5:55,0.048
12/01/2025 6:00,0.048
12/01/2025 6:05,0.204
12/01/2025 6:10,0.348
12/01/2025 6:15,0.0
12/01/2025 6:20,0.0
12/01/2025 6:25,0.0
12/01/2025 6:30,0.0
12/01/2025 6:35,0.024
12/01/2025 6:40,0.0
12/01/2025 6:45,0.3
12/01/2025 6:50,0.012
12/01/2025 6:55,0.0
12/01/2025 7:00,0.0
12/01/2025 7:05,0.0
12/01/2025 7:10,0.0
12/01/2025 7:15,0.012
12/01/2025 7:20,0.0
12/01/2025 7:25,0.0
12/01/2025 7:30,0.0
12/01/2025 7:35,0.0
12/01/2025 7:40,0.0
12/01/2025 7:45,0.0
12/01/2025 7:50,0.0
12/01/2025 7:55,0.0
12/01/2025 8:00,0.0
12/01/2025 8:05,0.0
12/01/2025 8:10,0.0
12/01/2025 8:15,0.0
12/01/2025 8:20,0.0
12/01/2025 8:25,0.0
12/01/2025 8:30,0.0
12/01/2025 8:35,0.0
12/01/2025 8:40,0.0
12/01/2025 8:45,0.0
12/01/2025 8:50,0.0
12/01/2025 8:55,0.0
12/01/2025 9:00,0.0
12/01/2025 9:05,0.0
12/01/2025 9:10,0.0
12/01/2025 9:15,0.0
12/01/2025 9:20,0.0
12/01/2025 9:25,0.0
12/01/2025 9:30,0.0
12/01/2025 9:35,0.0
12/01/2025 9:40,0.0
12/01/2025 9:45,0.0
12/01/2025 9:50,0.0
12/01/2025 9:55,0.0
12/01/2025 10:00,0.0
12/01/2025 10:05,0.0
12/01/2025 10:10,0.0
12/01/2025 10:15,0.0
12/01/2025 10:20,0.0
12/01/2025 10:25,0.0
12/01/2025 10:30,0.0
12/01/2025 10:35,0.0
12/01/2025 10:40,0.0
12/01/2025 10:45,0.0
12/01/2025 10:50,0.0
12/01/2025 10:55,0.0
12/01/2025 11:00,0.0
12/01/2025 11:05,0.0
12/01/2025 11:10,0.0
12/01/2025 11:15,0.2279999999999999
12/01/2025 11:20,0.0
12/01/2025 11:25,0.012
12/01/2025 11:30,0.048
12/01/2025 11:35,0.264
12/01/2025 11:40,0.1079999999999999
12/01/2025 11:45,0.0
12/01/2025 11:50,0.0
12/01/2025 11:55,0.0
12/01/2025 12:00,0.012
12/01/2025 12:05,0.0
12/01/2025 12:10,0.0
12/01/2025 12:15,0.0
12/01/2025 12:20,0.0
12/01/2025 12:25,0.0
12/01/2025 12:30,0.0
12/01/2025 12:35,0.024
12/01/2025 12:40,0.78
12/01/2025 12:45,0.492
12/01/2025 12:50,0.0
12/01/2025 12:55,0.0
12/01/2025 13:00,0.0
12/01/2025 13:05,0.0
12/01/2025 13:10,0.0
12/01/2025 13:15,0.012
12/01/2025 13:20,0.0
12/01/2025 13:25,0.0
12/01/2025 13:30,0.0
12/01/2025 13:35,0.0
12/01/2025 13:40,0.0
12/01/2025 13:45,0.0
12/01/2025 13:50,0.036
12/01/2025 13:55,0.096
12/01/2025 14:00,0.12
12/01/2025 14:05,0.24
12/01/2025 14:10,0.2279999999999999
12/01/2025 14:15,0.312
12/01/2025 14:20,0.192
12/01/2025 14:25,0.96
12/01/2025 14:30,0.168
12/01/2025 14:35,0.096
12/01/2025 14:40,0.096
12/01/2025 14:45,0.0
12/01/2025 14:50,0.0
12/01/2025 14:55,0.0
12/01/2025 15:00,0.0
12/01/2025 15:05,0.0
12/01/2025 15:10,0.0
12/01/2025 15:15,0.0
12/01/2025 15:20,0.0
12/01/2025 15:25,0.0
12/01/2025 15:30,0.0
12/01/2025 15:35,0.0
12/01/2025 15:40,0.0
12/01/2025 15:45,0.0
12/01/2025 15:50,0.0
12/01/2025 15:55,0.0
12/01/2025 16:00,0.0
12/01/2025 16:05,0.0
12/01/2025 16:10,0.0
12/01/2025 16:15,0.0
12/01/2025 16:20,0.0
12/01/2025 16:25,0.036
12/01/2025 16:30,0.1079999999999999
12/01/2025 16:35,0.18
12/01/2025 16:40,0.276
12/01/2025 16:45,0.324
12/01/2025 16:50,0.372
12/01/2025 16:55,0.4559999999999999
12/01/2025 17:00,0.504
12/01/2025 17:05,0.204
12/01/2025 17:10,0.0
12/01/2025 17:15,0.012
12/01/2025 17:20,0.084
12/01/2025 17:25,0.276
12/01/2025 17:30,0.4439999999999999
12/01/2025 17:35,0.4679999999999999
12/01/2025 17:40,0.4319999999999999
12/01/2025 17:45,0.4679999999999999
12/01/2025 17:50,0.912
12/01/2025 17:55,0.612
12/01/2025 18:00,0.4439999999999999
12/01/2025 18:05,0.384
12/01/2025 18:10,0.48
12/01/2025 18:15,0.54
12/01/2025 18:20,0.48
12/01/2025 18:25,0.48
12/01/2025 18:30,0.492
12/01/2025 18:35,0.804
12/01/2025 18:40,1.7039999999999995
12/01/2025 18:45,0.8519999999999999
12/01/2025 18:50,0.396
12/01/2025 18:55,0.54
12/01/2025 19:00,0.492
12/01/2025 19:05,0.42
12/01/2025 19:10,0.408
12/01/2025 19:15,0.516
12/01/2025 19:20,0.492
12/01/2025 19:25,0.4439999999999999
12/01/2025 19:30,2.112
12/01/2025 19:35,3.4319999999999995
12/01/2025 19:40,1.596
12/01/2025 19:45,1.32
12/01/2025 19:50,3.396
12/01/2025 19:55,2.412
12/01/2025 20:00,2.628
12/01/2025 20:05,2.724
12/01/2025 20:10,0.948
12/01/2025 20:15,1.236
12/01/2025 20:20,0.252
12/01/2025 20:25,0.312
12/01/2025 20:30,0.612
12/01/2025 20:35,3.252
12/01/2025 20:40,4.416
12/01/2025 20:45,4.68
12/01/2025 20:50,4.836
12/01/2025 20:55,4.812
12/01/2025 21:00,4.764
12/01/2025 21:05,4.68
12/01/2025 21:10,4.764
12/01/2025 21:15,4.824
12/01/2025 21:20,4.728
12/01/2025 21:25,4.656000000000001
12/01/2025 21:30,4.728
12/01/2025 21:35,1.2120000000000002
12/01/2025 21:40,0.276
12/01/2025 21:45,0.204
12/01/2025 21:50,0.204
12/01/2025 21:55,0.336
12/01/2025 22:00,0.324
12/01/2025 22:05,0.204
12/01/2025 22:10,0.204
12/01/2025 22:15,0.264
12/01/2025 22:20,0.348
12/01/2025 22:25,0.24
12/01/2025 22:30,0.192
12/01/2025 22:35,0.2159999999999999
12/01/2025 22:40,0.348
12/01/2025 22:45,0.288
12/01/2025 22:50,0.204
12/01/2025 22:55,0.192
12/01/2025 23:00,0.312
12/01/2025 23:05,0.288
12/01/2025 23:10,0.252
12/01/2025 23:15,0.192
12/01/2025 23:20,0.276
12/01/2025 23:25,0.276
12/01/2025 23:30,0.288
12/01/2025 23:35,0.204
12/01/2025 23:40,0.252
12/01/2025 23:45,0.264
12/01/2025 23:50,0.288
12/01/2025 23:55,0.24
13/01/2025 0:00,0.2159999999999999
13/01/2025 0:05,0.264
13/01/2025 0:10,0.276
13/01/2025 0:15,0.288
13/01/2025 0:20,0.192
13/01/2025 0:25,0.288
13/01/2025 0:30,0.2279999999999999
13/01/2025 0:35,0.288
13/01/2025 0:40,0.24
13/01/2025 0:45,0.264
13/01/2025 0:50,0.204
13/01/2025 0:55,0.276
13/01/2025 1:00,0.288
13/01/2025 1:05,0.24
13/01/2025 1:10,0.2279999999999999
13/01/2025 1:15,0.2279999999999999
13/01/2025 1:20,0.264
13/01/2025 1:25,0.2279999999999999
13/01/2025 1:30,0.4319999999999999
13/01/2025 1:35,0.42
13/01/2025 1:40,0.492
13/01/2025 1:45,0.504
13/01/2025 1:50,0.3
13/01/2025 1:55,0.2159999999999999
13/01/2025 2:00,0.264
13/01/2025 2:05,0.336
13/01/2025 2:10,0.348
13/01/2025 2:15,0.252
13/01/2025 2:20,0.24
13/01/2025 2:25,0.288
13/01/2025 2:30,0.348
13/01/2025 2:35,0.3
13/01/2025 2:40,0.2159999999999999
13/01/2025 2:45,0.24
13/01/2025 2:50,0.3
13/01/2025 2:55,0.348
13/01/2025 3:00,0.2279999999999999
13/01/2025 3:05,0.2159999999999999
13/01/2025 3:10,0.264
13/01/2025 3:15,0.372
13/01/2025 3:20,0.252
13/01/2025 3:25,0.204
13/01/2025 3:30,0.24
13/01/2025 3:35,0.384
13/01/2025 3:40,0.42
13/01/2025 3:45,0.3
13/01/2025 3:50,0.3
13/01/2025 3:55,0.324
13/01/2025 4:00,0.4439999999999999
13/01/2025 4:05,0.2279999999999999
13/01/2025 4:10,0.204
13/01/2025 4:15,0.192
13/01/2025 4:20,0.312
13/01/2025 4:25,0.312
13/01/2025 4:30,0.192
13/01/2025 4:35,0.192
13/01/2025 4:40,0.2279999999999999
13/01/2025 4:45,0.348
13/01/2025 4:50,0.24
13/01/2025 4:55,0.192
13/01/2025 5:00,0.192
13/01/2025 5:05,1.7999999999999998
13/01/2025 5:10,0.636
13/01/2025 5:15,0.5880000000000001
13/01/2025 5:20,0.348
13/01/2025 5:25,0.264
13/01/2025 5:30,0.42
13/01/2025 5:35,0.264
13/01/2025 5:40,0.204
13/01/2025 5:45,0.18
13/01/2025 5:50,0.2159999999999999
13/01/2025 5:55,0.792
13/01/2025 6:00,0.78
13/01/2025 6:05,0.756
13/01/2025 6:10,0.552
13/01/2025 6:15,0.708
13/01/2025 6:20,0.528
13/01/2025 6:25,0.4679999999999999
13/01/2025 6:30,0.624
13/01/2025 6:35,0.528
13/01/2025 6:40,0.504
13/01/2025 6:45,0.3
13/01/2025 6:50,0.144
13/01/2025 6:55,0.8879999999999999
13/01/2025 7:00,1.008
13/01/2025 7:05,0.8759999999999999
13/01/2025 7:10,0.6960000000000001
13/01/2025 7:15,0.4319999999999999
13/01/2025 7:20,0.036
13/01/2025 7:25,0.06
13/01/2025 7:30,0.024
13/01/2025 7:35,0.0
13/01/2025 7:40,0.084
13/01/2025 7:45,0.0
13/01/2025 7:50,0.0
13/01/2025 7:55,0.012
13/01/2025 8:00,0.0
13/01/2025 8:05,0.012
13/01/2025 8:10,0.156
13/01/2025 8:15,0.132
13/01/2025 8:20,0.0
13/01/2025 8:25,0.0
13/01/2025 8:30,0.0
13/01/2025 8:35,0.312
13/01/2025 8:40,0.024
13/01/2025 8:45,0.0
13/01/2025 8:50,0.0
13/01/2025 8:55,0.0
13/01/2025 9:00,0.0
13/01/2025 9:05,0.0
13/01/2025 9:10,0.0
13/01/2025 9:15,0.0
13/01/2025 9:20,0.0
13/01/2025 9:25,0.0
13/01/2025 9:30,0.0
13/01/2025 9:35,0.0
13/01/2025 9:40,0.36
13/01/2025 9:45,0.8999999999999999
13/01/2025 9:50,1.128
13/01/2025 9:55,1.596
13/01/2025 10:00,1.98
13/01/2025 10:05,2.8080000000000003
13/01/2025 10:10,1.02
13/01/2025 10:15,0.756
13/01/2025 10:20,1.548
13/01/2025 10:25,1.884
13/01/2025 10:30,3.3240000000000003
13/01/2025 10:35,0.48
13/01/2025 10:40,0.048
13/01/2025 10:45,0.6960000000000001
13/01/2025 10:50,2.94
13/01/2025 10:55,2.736
13/01/2025 11:00,0.516
13/01/2025 11:05,0.372
13/01/2025 11:10,1.932
13/01/2025 11:15,0.984
13/01/2025 11:20,1.02
13/01/2025 11:25,1.98
13/01/2025 11:30,0.4679999999999999
13/01/2025 11:35,0.396
13/01/2025 11:40,0.024
13/01/2025 11:45,0.0
13/01/2025 11:50,0.06
13/01/2025 11:55,0.4679999999999999
13/01/2025 12:00,2.28
13/01/2025 12:05,2.004
13/01/2025 12:10,1.2000000000000002
13/01/2025 12:15,0.972
13/01/2025 12:20,0.708
13/01/2025 12:25,1.152
13/01/2025 12:30,1.056
13/01/2025 12:35,0.6960000000000001
13/01/2025 12:40,1.152
13/01/2025 12:45,0.1079999999999999
13/01/2025 12:50,0.036
13/01/2025 12:55,0.048
13/01/2025 13:00,0.144
13/01/2025 13:05,0.168
13/01/2025 13:10,0.06
13/01/2025 13:15,0.06
13/01/2025 13:20,0.0
13/01/2025 13:25,0.0
13/01/2025 13:30,0.0
13/01/2025 13:35,0.0
13/01/2025 13:40,0.0
13/01/2025 13:45,0.0
13/01/2025 13:50,0.0
13/01/2025 13:55,0.0
13/01/2025 14:00,0.0
13/01/2025 14:05,0.0
13/01/2025 14:10,0.0
13/01/2025 14:15,0.0
13/01/2025 14:20,0.0
13/01/2025 14:25,0.0
13/01/2025 14:30,0.0
13/01/2025 14:35,0.0
13/01/2025 14:40,0.0
13/01/2025 14:45,0.0
13/01/2025 14:50,0.0
13/01/2025 14:55,0.0
13/01/2025 15:00,0.0
13/01/2025 15:05,0.072
13/01/2025 15:10,0.384
13/01/2025 15:15,0.8280000000000001
13/01/2025 15:20,1.608
13/01/2025 15:25,1.872
13/01/2025 15:30,1.2000000000000002
13/01/2025 15:35,1.308
13/01/2025 15:40,1.464
13/01/2025 15:45,1.392
13/01/2025 15:50,1.416
13/01/2025 15:55,1.5
13/01/2025 16:00,1.7039999999999995
13/01/2025 16:05,3.0
13/01/2025 16:10,2.8080000000000003
13/01/2025 16:15,1.632
13/01/2025 16:20,1.944
13/01/2025 16:25,1.992
13/01/2025 16:30,2.112
13/01/2025 16:35,2.388
13/01/2025 16:40,2.532
13/01/2025 16:45,3.06
13/01/2025 16:50,2.628
13/01/2025 16:55,2.628
13/01/2025 17:00,2.7
13/01/2025 17:05,2.916
13/01/2025 17:10,2.964
13/01/2025 17:15,3.084
13/01/2025 17:20,3.2880000000000003
13/01/2025 17:25,4.224
13/01/2025 17:30,4.668
13/01/2025 17:35,4.728
13/01/2025 17:40,7.044
13/01/2025 17:45,5.868
13/01/2025 17:50,4.872
13/01/2025 17:55,6.036
13/01/2025 18:00,6.42
13/01/2025 18:05,5.964
13/01/2025 18:10,6.0600000000000005
13/01/2025 18:15,5.5680000000000005
13/01/2025 18:20,6.024
13/01/2025 18:25,4.716
13/01/2025 18:30,5.352
13/01/2025 18:35,3.696
13/01/2025 18:40,0.948
13/01/2025 18:45,0.96
13/01/2025 18:50,0.96
13/01/2025 18:55,1.08
13/01/2025 19:00,1.116
13/01/2025 19:05,0.924
13/01/2025 19:10,1.02
13/01/2025 19:15,1.044
13/01/2025 19:20,0.984
13/01/2025 19:25,0.8759999999999999
13/01/2025 19:30,1.056
13/01/2025 19:35,1.164
13/01/2025 19:40,1.2120000000000002
13/01/2025 19:45,2.616
13/01/2025 19:50,3.744
13/01/2025 19:55,2.3040000000000003
13/01/2025 20:00,2.244
13/01/2025 20:05,1.092
13/01/2025 20:10,1.32
13/01/2025 20:15,1.284
13/01/2025 20:20,1.344
13/01/2025 20:25,1.416
13/01/2025 20:30,1.2000000000000002
13/01/2025 20:35,1.08
13/01/2025 20:40,1.116
13/01/2025 20:45,1.224
13/01/2025 20:50,1.2000000000000002
13/01/2025 20:55,1.068
13/01/2025 21:00,0.96
13/01/2025 21:05,4.536
13/01/2025 21:10,4.62
13/01/2025 21:15,4.776
13/01/2025 21:20,4.788
13/01/2025 21:25,4.848000000000001
13/01/2025 21:30,4.872
13/01/2025 21:35,4.836
13/01/2025 21:40,4.752000000000001
13/01/2025 21:45,4.776
13/01/2025 21:50,4.776
13/01/2025 21:55,4.752000000000001
13/01/2025 22:00,4.68
13/01/2025 22:05,0.276
13/01/2025 22:10,0.264
13/01/2025 22:15,0.3
13/01/2025 22:20,0.264
13/01/2025 22:25,0.288
13/01/2025 22:30,0.2159999999999999
13/01/2025 22:35,0.3
13/01/2025 22:40,0.3
13/01/2025 22:45,0.288
13/01/2025 22:50,0.204
13/01/2025 22:55,0.264
13/01/2025 23:00,0.288
13/01/2025 23:05,0.408
13/01/2025 23:10,0.36
13/01/2025 23:15,0.36
13/01/2025 23:20,0.372
13/01/2025 23:25,0.276
13/01/2025 23:30,0.3
13/01/2025 23:35,0.324
13/01/2025 23:40,0.312
13/01/2025 23:45,0.372
13/01/2025 23:50,0.3
13/01/2025 23:55,0.288
14/01/2025 0:00,0.204
14/01/2025 0:05,0.276
14/01/2025 0:10,0.3
14/01/2025 0:15,0.288
14/01/2025 0:20,0.2279999999999999
14/01/2025 0:25,0.276
14/01/2025 0:30,0.24
14/01/2025 0:35,0.288
14/01/2025 0:40,0.264
14/01/2025 0:45,0.264
14/01/2025 0:50,0.192
14/01/2025 0:55,0.288
14/01/2025 1:00,0.312
14/01/2025 1:05,0.252
14/01/2025 1:10,0.204
14/01/2025 1:15,0.252
14/01/2025 1:20,0.3
14/01/2025 1:25,0.288
14/01/2025 1:30,0.204
14/01/2025 1:35,0.204
14/01/2025 1:40,0.3
14/01/2025 1:45,0.336
14/01/2025 1:50,0.192
14/01/2025 1:55,0.204
14/01/2025 2:00,0.264
14/01/2025 2:05,0.348
14/01/2025 2:10,0.2279999999999999
14/01/2025 2:15,0.192
14/01/2025 2:20,0.2159999999999999
14/01/2025 2:25,0.36
14/01/2025 2:30,0.252
14/01/2025 2:35,0.204
14/01/2025 2:40,0.192
14/01/2025 2:45,0.348
14/01/2025 2:50,0.276
14/01/2025 2:55,0.2159999999999999
14/01/2025 3:00,0.192
14/01/2025 3:05,0.312
14/01/2025 3:10,0.288
14/01/2025 3:15,0.24
14/01/2025 3:20,0.192
14/01/2025 3:25,0.264
14/01/2025 3:30,0.3
14/01/2025 3:35,0.276
14/01/2025 3:40,0.192
14/01/2025 3:45,0.24
14/01/2025 3:50,0.276
14/01/2025 3:55,0.288
14/01/2025 4:00,0.2279999999999999
14/01/2025 4:05,0.2279999999999999
14/01/2025 4:10,0.252
14/01/2025 4:15,0.72
14/01/2025 4:20,1.476
14/01/2025 4:25,0.684
14/01/2025 4:30,0.492
14/01/2025 4:35,0.4439999999999999
14/01/2025 4:40,0.5760000000000001
14/01/2025 4:45,0.504
14/01/2025 4:50,0.552
14/01/2025 4:55,0.5760000000000001
14/01/2025 5:00,0.636
14/01/2025 5:05,0.5640000000000001
14/01/2025 5:10,0.624
14/01/2025 5:15,0.684
14/01/2025 5:20,1.2000000000000002
14/01/2025 5:25,1.152
14/01/2025 5:30,0.996
14/01/2025 5:35,1.008
14/01/2025 5:40,0.924
14/01/2025 5:45,0.912
14/01/2025 5:50,0.996
14/01/2025 5:55,0.996
14/01/2025 6:00,0.8519999999999999
14/01/2025 6:05,0.912
14/01/2025 6:10,0.732
14/01/2025 6:15,0.5760000000000001
14/01/2025 6:20,0.4679999999999999
14/01/2025 6:25,0.372
14/01/2025 6:30,0.54
14/01/2025 6:35,0.06
14/01/2025 6:40,0.012
14/01/2025 6:45,0.0
14/01/2025 6:50,0.0
14/01/2025 6:55,0.0
14/01/2025 7:00,0.0
14/01/2025 7:05,0.0
14/01/2025 7:10,0.0
14/01/2025 7:15,0.0
14/01/2025 7:20,0.0
14/01/2025 7:25,0.0
14/01/2025 7:30,0.0
14/01/2025 7:35,0.0
14/01/2025 7:40,0.0
14/01/2025 7:45,0.0
14/01/2025 7:50,0.0
14/01/2025 7:55,0.0
14/01/2025 8:00,0.0
14/01/2025 8:05,0.0
14/01/2025 8:10,0.0
14/01/2025 8:15,0.0
14/01/2025 8:20,0.0
14/01/2025 8:25,0.0
14/01/2025 8:30,0.0
14/01/2025 8:35,0.0
14/01/2025 8:40,0.0
14/01/2025 8:45,0.0
14/01/2025 8:50,0.0
14/01/2025 8:55,0.0
14/01/2025 9:00,0.0
14/01/2025 9:05,0.0
14/01/2025 9:10,0.0
14/01/2025 9:15,0.0
14/01/2025 9:20,0.0
14/01/2025 9:25,0.0
14/01/2025 9:30,0.0
14/01/2025 9:35,0.0
14/01/2025 9:40,0.0
14/01/2025 9:45,0.0
14/01/2025 9:50,0.0
14/01/2025 9:55,0.0
14/01/2025 10:00,0.0
14/01/2025 10:05,0.0
14/01/2025 10:10,0.0
14/01/2025 10:15,0.0
14/01/2025 10:20,0.0
14/01/2025 10:25,0.0
14/01/2025 10:30,0.0
14/01/2025 10:35,0.72
14/01/2025 10:40,1.596
14/01/2025 10:45,1.932
14/01/2025 10:50,2.124
14/01/2025 10:55,1.452
14/01/2025 11:00,1.896
14/01/2025 11:05,2.46
14/01/2025 11:10,2.112
14/01/2025 11:15,0.996
14/01/2025 11:20,1.608
14/01/2025 11:25,3.06
14/01/2025 11:30,2.58
14/01/2025 11:35,1.62
14/01/2025 11:40,0.624
14/01/2025 11:45,0.3
14/01/2025 11:50,1.2000000000000002
14/01/2025 11:55,0.0
14/01/2025 12:00,0.288
14/01/2025 12:05,1.236
14/01/2025 12:10,0.312
14/01/2025 12:15,1.2000000000000002
14/01/2025 12:20,0.972
14/01/2025 12:25,0.708
14/01/2025 12:30,0.18
14/01/2025 12:35,0.012
14/01/2025 12:40,0.648
14/01/2025 12:45,1.644
14/01/2025 12:50,1.7399999999999998
14/01/2025 12:55,2.508
14/01/2025 13:00,1.848
14/01/2025 13:05,0.804
14/01/2025 13:10,0.744
14/01/2025 13:15,0.648
14/01/2025 13:20,0.8519999999999999
14/01/2025 13:25,0.324
14/01/2025 13:30,0.336
14/01/2025 13:35,0.204
14/01/2025 13:40,0.372
14/01/2025 13:45,0.132
14/01/2025 13:50,0.204
14/01/2025 13:55,0.168
14/01/2025 14:00,0.204
14/01/2025 14:05,0.276
14/01/2025 14:10,0.2159999999999999
14/01/2025 14:15,0.264
14/01/2025 14:20,0.408
14/01/2025 14:25,0.972
14/01/2025 14:30,0.144
14/01/2025 14:35,0.372
14/01/2025 14:40,0.78
14/01/2025 14:45,1.128
14/01/2025 14:50,1.14
14/01/2025 14:55,1.236
14/01/2025 15:00,1.524
14/01/2025 15:05,1.62
14/01/2025 15:10,1.812
14/01/2025 15:15,1.656
14/01/2025 15:20,1.656
14/01/2025 15:25,1.6800000000000002
14/01/2025 15:30,1.7159999999999995
14/01/2025 15:35,1.812
14/01/2025 15:40,3.276
14/01/2025 15:45,2.3520000000000003
14/01/2025 15:50,1.896
14/01/2025 15:55,1.7999999999999998
14/01/2025 16:00,2.28
14/01/2025 16:05,2.22
14/01/2025 16:10,2.676
14/01/2025 16:15,2.724
14/01/2025 16:20,2.34
14/01/2025 16:25,3.2880000000000003
14/01/2025 16:30,3.3720000000000003
14/01/2025 16:35,3.3600000000000003
14/01/2025 16:40,4.524
14/01/2025 16:45,4.368
14/01/2025 16:50,4.188
14/01/2025 16:55,4.308
14/01/2025 17:00,3.3120000000000003
14/01/2025 17:05,4.224
14/01/2025 17:10,4.62
14/01/2025 17:15,4.416
14/01/2025 17:20,4.536
14/01/2025 17:25,4.86
14/01/2025 17:30,6.18
14/01/2025 17:35,5.628
14/01/2025 17:40,6.084
14/01/2025 17:45,4.968
14/01/2025 17:50,5.28
14/01/2025 17:55,2.952
14/01/2025 18:00,1.86
14/01/2025 18:05,2.64
14/01/2025 18:10,0.4319999999999999
14/01/2025 18:15,0.78
14/01/2025 18:20,0.552
14/01/2025 18:25,0.804
14/01/2025 18:30,1.068
14/01/2025 18:35,3.18
14/01/2025 18:40,3.648
14/01/2025 18:45,1.584
14/01/2025 18:50,1.404
14/01/2025 18:55,1.7279999999999998
14/01/2025 19:00,1.272
14/01/2025 19:05,1.812
14/01/2025 19:10,1.536
14/01/2025 19:15,1.272
14/01/2025 19:20,1.668
14/01/2025 19:25,1.32
14/01/2025 19:30,1.62
14/01/2025 19:35,1.5
14/01/2025 19:40,1.392
14/01/2025 19:45,1.812
14/01/2025 19:50,1.2120000000000002
14/01/2025 19:55,1.476
14/01/2025 20:00,1.26
14/01/2025 20:05,0.72
14/01/2025 20:10,0.984
14/01/2025 20:15,0.4439999999999999
14/01/2025 20:20,0.948
14/01/2025 20:25,0.708
14/01/2025 20:30,0.684
14/01/2025 20:35,0.972
14/01/2025 20:40,0.6000000000000001
14/01/2025 20:45,0.732
14/01/2025 20:50,0.984
14/01/2025 20:55,0.552
14/01/2025 21:00,0.8759999999999999
14/01/2025 21:05,0.8879999999999999
14/01/2025 21:10,0.276
14/01/2025 21:15,0.348
14/01/2025 21:20,0.312
14/01/2025 21:25,0.2279999999999999
14/01/2025 21:30,0.2279999999999999
14/01/2025 21:35,0.372
14/01/2025 21:40,0.324
14/01/2025 21:45,0.2279999999999999
14/01/2025 21:50,0.2159999999999999
14/01/2025 21:55,0.348
14/01/2025 22:00,0.312
14/01/2025 22:05,0.252
14/01/2025 22:10,0.2159999999999999
14/01/2025 22:15,0.324
14/01/2025 22:20,0.312
14/01/2025 22:25,0.288
14/01/2025 22:30,0.18
14/01/2025 22:35,0.264
14/01/2025 22:40,0.516
14/01/2025 22:45,0.528
14/01/2025 22:50,0.48
14/01/2025 22:55,0.4679999999999999
14/01/2025 23:00,0.2159999999999999
14/01/2025 23:05,0.336
14/01/2025 23:10,0.348
14/01/2025 23:15,0.312
14/01/2025 23:20,0.264
14/01/2025 23:25,0.348
14/01/2025 23:30,0.384
14/01/2025 23:35,0.288
14/01/2025 23:40,0.264
14/01/2025 23:45,0.3
14/01/2025 23:50,0.396
14/01/2025 23:55,0.3
15/01/2025 0:00,0.24
15/01/2025 0:05,0.264
15/01/2025 0:10,0.384
15/01/2025 0:15,0.336
15/01/2025 0:20,0.2279999999999999
15/01/2025 0:25,0.24
15/01/2025 0:30,0.384
15/01/2025 0:35,0.324
15/01/2025 0:40,0.252
15/01/2025 0:45,0.24
15/01/2025 0:50,0.336
15/01/2025 0:55,0.324
15/01/2025 1:00,0.288
15/01/2025 1:05,0.2279999999999999
15/01/2025 1:10,0.312
15/01/2025 1:15,0.312
15/01/2025 1:20,0.312
15/01/2025 1:25,0.24
15/01/2025 1:30,0.288
15/01/2025 1:35,0.276
15/01/2025 1:40,0.312
15/01/2025 1:45,0.288
15/01/2025 1:50,0.276
15/01/2025 1:55,0.2279999999999999
15/01/2025 2:00,0.312
15/01/2025 2:05,0.324
15/01/2025 2:10,0.276
15/01/2025 2:15,0.2279999999999999
15/01/2025 2:20,0.288
15/01/2025 2:25,0.336
15/01/2025 2:30,0.288
15/01/2025 2:35,0.2279999999999999
15/01/2025 2:40,0.24
15/01/2025 2:45,0.348
15/01/2025 2:50,0.336
15/01/2025 2:55,0.2279999999999999
15/01/2025 3:00,0.2279999999999999
15/01/2025 3:05,0.324
15/01/2025 3:10,0.36
15/01/2025 3:15,0.24
15/01/2025 3:20,0.2279999999999999
15/01/2025 3:25,0.264
15/01/2025 3:30,0.36
15/01/2025 3:35,0.276
15/01/2025 3:40,0.2159999999999999
15/01/2025 3:45,0.252
15/01/2025 3:50,0.348
15/01/2025 3:55,0.312
15/01/2025 4:00,0.2159999999999999
15/01/2025 4:05,0.24
15/01/2025 4:10,0.312
15/01/2025 4:15,0.312
15/01/2025 4:20,0.264
15/01/2025 4:25,0.2279999999999999
15/01/2025 4:30,0.276
15/01/2025 4:35,0.312
15/01/2025 4:40,0.3
15/01/2025 4:45,0.2159999999999999
15/01/2025 4:50,0.288
15/01/2025 4:55,0.276
15/01/2025 5:00,0.3
15/01/2025 5:05,1.7639999999999998
15/01/2025 5:10,0.6000000000000001
15/01/2025 5:15,0.48
15/01/2025 5:20,0.36
15/01/2025 5:25,0.72
15/01/2025 5:30,0.612
15/01/2025 5:35,0.36
15/01/2025 5:40,0.396
15/01/2025 5:45,0.492
15/01/2025 5:50,0.396
15/01/2025 5:55,0.264
15/01/2025 6:00,0.24
15/01/2025 6:05,0.288
15/01/2025 6:10,1.116
15/01/2025 6:15,0.4319999999999999
15/01/2025 6:20,0.5640000000000001
15/01/2025 6:25,0.5640000000000001
15/01/2025 6:30,0.6000000000000001
15/01/2025 6:35,4.404
15/01/2025 6:40,4.668
15/01/2025 6:45,4.86
15/01/2025 6:50,4.884
15/01/2025 6:55,4.848000000000001
15/01/2025 7:00,4.62
15/01/2025 7:05,4.524
15/01/2025 7:10,4.464
15/01/2025 7:15,4.428
15/01/2025 7:20,4.188
15/01/2025 7:25,3.468
15/01/2025 7:30,3.3600000000000003
15/01/2025 7:35,3.42
15/01/2025 7:40,3.192
15/01/2025 7:45,3.072
15/01/2025 7:50,2.928
15/01/2025 7:55,2.988
15/01/2025 8:00,2.7960000000000003
15/01/2025 8:05,2.64
15/01/2025 8:10,2.58
15/01/2025 8:15,2.58
15/01/2025 8:20,2.592
15/01/2025 8:25,2.3280000000000003
15/01/2025 8:30,2.316
15/01/2025 8:35,2.268
15/01/2025 8:40,2.16
15/01/2025 8:45,2.052
15/01/2025 8:50,1.992
15/01/2025 8:55,1.26
15/01/2025 9:00,0.0
15/01/2025 9:05,0.0
15/01/2025 9:10,0.0
15/01/2025 9:15,0.0
15/01/2025 9:20,0.0
15/01/2025 9:25,0.0
15/01/2025 9:30,0.0
15/01/2025 9:35,0.0
15/01/2025 9:40,0.0
15/01/2025 9:45,0.0
15/01/2025 9:50,0.0
15/01/2025 9:55,0.0
15/01/2025 10:00,0.0
15/01/2025 10:05,0.0
15/01/2025 10:10,0.0
15/01/2025 10:15,0.0
15/01/2025 10:20,0.0
15/01/2025 10:25,0.0
15/01/2025 10:30,0.0
15/01/2025 10:35,0.0
15/01/2025 10:40,0.0
15/01/2025 10:45,0.0
15/01/2025 10:50,0.144
15/01/2025 10:55,0.42
15/01/2025 11:00,0.8519999999999999
15/01/2025 11:05,0.924
15/01/2025 11:10,0.8999999999999999
15/01/2025 11:15,3.012
15/01/2025 11:20,2.088
15/01/2025 11:25,1.104
15/01/2025 11:30,0.516
15/01/2025 11:35,0.396
15/01/2025 11:40,0.48
15/01/2025 11:45,0.4679999999999999
15/01/2025 11:50,0.36
15/01/2025 11:55,0.3
15/01/2025 12:00,0.48
15/01/2025 12:05,0.384
15/01/2025 12:10,0.144
15/01/2025 12:15,0.156
15/01/2025 12:20,0.396
15/01/2025 12:25,0.396
15/01/2025 12:30,0.288
15/01/2025 12:35,0.336
15/01/2025 12:40,0.276
15/01/2025 12:45,0.276
15/01/2025 12:50,0.144
15/01/2025 12:55,0.18
15/01/2025 13:00,0.6000000000000001
15/01/2025 13:05,0.8519999999999999
15/01/2025 13:10,0.8280000000000001
15/01/2025 13:15,1.068
15/01/2025 13:20,1.044
15/01/2025 13:25,1.104
15/01/2025 13:30,1.152
15/01/2025 13:35,1.164
15/01/2025 13:40,1.104
15/01/2025 13:45,1.152
15/01/2025 13:50,1.296
15/01/2025 13:55,1.308
15/01/2025 14:00,1.2000000000000002
15/01/2025 14:05,1.296
15/01/2025 14:10,1.428
15/01/2025 14:15,1.344
15/01/2025 14:20,1.584
15/01/2025 14:25,1.62
15/01/2025 14:30,1.56
15/01/2025 14:35,1.368
15/01/2025 14:40,0.8999999999999999
15/01/2025 14:45,1.452
15/01/2025 14:50,0.804
15/01/2025 14:55,1.032
15/01/2025 15:00,1.092
15/01/2025 15:05,1.068
15/01/2025 15:10,1.62
15/01/2025 15:15,2.3040000000000003
15/01/2025 15:20,1.86
15/01/2025 15:25,1.2000000000000002
15/01/2025 15:30,2.64
15/01/2025 15:35,1.164
15/01/2025 15:40,1.224
15/01/2025 15:45,1.404
15/01/2025 15:50,1.644
15/01/2025 15:55,1.6800000000000002
15/01/2025 16:00,2.184
15/01/2025 16:05,1.7759999999999998
15/01/2025 16:10,3.036
15/01/2025 16:15,2.7960000000000003
15/01/2025 16:20,3.612
15/01/2025 16:25,4.164
15/01/2025 16:30,3.144
15/01/2025 16:35,3.3120000000000003
15/01/2025 16:40,4.08
15/01/2025 16:45,4.247999999999999
15/01/2025 16:50,4.199999999999999
15/01/2025 16:55,3.9
15/01/2025 17:00,4.164
15/01/2025 17:05,4.38
15/01/2025 17:10,4.416
15/01/2025 17:15,4.392
15/01/2025 17:20,4.632
15/01/2025 17:25,4.836
15/01/2025 17:30,4.944
15/01/2025 17:35,4.98
15/01/2025 17:40,4.872
15/01/2025 17:45,1.548
15/01/2025 17:50,2.94
15/01/2025 17:55,1.38
15/01/2025 18:00,1.572
15/01/2025 18:05,1.344
15/01/2025 18:10,1.272
15/01/2025 18:15,1.32
15/01/2025 18:20,1.236
15/01/2025 18:25,1.116
15/01/2025 18:30,1.524
15/01/2025 18:35,1.104
15/01/2025 18:40,1.26
15/01/2025 18:45,0.492
15/01/2025 18:50,0.4679999999999999
15/01/2025 18:55,0.504
15/01/2025 19:00,0.492
15/01/2025 19:05,0.4679999999999999
15/01/2025 19:10,0.42
15/01/2025 19:15,0.492
15/01/2025 19:20,0.552
15/01/2025 19:25,0.42
15/01/2025 19:30,0.396
15/01/2025 19:35,0.66
15/01/2025 19:40,2.664
15/01/2025 19:45,3.3120000000000003
15/01/2025 19:50,1.032
15/01/2025 19:55,1.476
15/01/2025 20:00,3.648
15/01/2025 20:05,6.0
15/01/2025 20:10,5.916
15/01/2025 20:15,6.779999999999999
15/01/2025 20:20,5.448
15/01/2025 20:25,4.764
15/01/2025 20:30,4.32
15/01/2025 20:35,4.536
15/01/2025 20:40,4.572
15/01/2025 20:45,4.704000000000001
15/01/2025 20:50,4.62
15/01/2025 20:55,4.5600000000000005
15/01/2025 21:00,3.936
15/01/2025 21:05,0.372
15/01/2025 21:10,0.408
15/01/2025 21:15,0.276
15/01/2025 21:20,0.276
15/01/2025 21:25,0.336
15/01/2025 21:30,0.4319999999999999
15/01/2025 21:35,0.288
15/01/2025 21:40,0.276
15/01/2025 21:45,0.324
15/01/2025 21:50,0.42
15/01/2025 21:55,0.324
15/01/2025 22:00,0.276
15/01/2025 22:05,0.3
15/01/2025 22:10,0.408
15/01/2025 22:15,0.348
15/01/2025 22:20,0.252
15/01/2025 22:25,0.3
15/01/2025 22:30,0.36
15/01/2025 22:35,0.348
15/01/2025 22:40,0.288
15/01/2025 22:45,0.312
15/01/2025 22:50,0.264
15/01/2025 22:55,0.312
15/01/2025 23:00,0.54
15/01/2025 23:05,0.54
15/01/2025 23:10,0.48
15/01/2025 23:15,0.54
15/01/2025 23:20,0.324
15/01/2025 23:25,0.372
15/01/2025 23:30,0.3
15/01/2025 23:35,0.324
15/01/2025 23:40,0.372
15/01/2025 23:45,0.4319999999999999
15/01/2025 23:50,0.288
15/01/2025 23:55,0.288
16/01/2025 0:00,0.372
16/01/2025 0:05,0.4319999999999999
16/01/2025 0:10,0.288
16/01/2025 0:15,0.276
16/01/2025 0:20,0.336
16/01/2025 0:25,0.42
16/01/2025 0:30,0.312
16/01/2025 0:35,0.276
16/01/2025 0:40,0.3
16/01/2025 0:45,0.408
16/01/2025 0:50,0.348
16/01/2025 0:55,0.264
16/01/2025 1:00,0.3
16/01/2025 1:05,0.36
16/01/2025 1:10,0.36
16/01/2025 1:15,0.396
16/01/2025 1:20,0.4559999999999999
16/01/2025 1:25,0.4679999999999999
16/01/2025 1:30,0.42
16/01/2025 1:35,0.264
16/01/2025 1:40,0.384
16/01/2025 1:45,0.408
16/01/2025 1:50,0.372
16/01/2025 1:55,0.348
16/01/2025 2:00,0.384
16/01/2025 2:05,0.36
16/01/2025 2:10,0.264
16/01/2025 2:15,0.264
16/01/2025 2:20,0.384
16/01/2025 2:25,0.372
16/01/2025 2:30,0.264
16/01/2025 2:35,0.252
16/01/2025 2:40,0.348
16/01/2025 2:45,0.384
16/01/2025 2:50,0.3
16/01/2025 2:55,0.252
16/01/2025 3:00,0.288
16/01/2025 3:05,0.384
16/01/2025 3:10,0.336
16/01/2025 3:15,0.252
16/01/2025 3:20,0.264
16/01/2025 3:25,0.36
16/01/2025 3:30,0.348
16/01/2025 3:35,0.276
16/01/2025 3:40,0.264
16/01/2025 3:45,0.324
16/01/2025 3:50,0.336
16/01/2025 3:55,0.324
16/01/2025 4:00,0.252
16/01/2025 4:05,0.324
16/01/2025 4:10,0.312
16/01/2025 4:15,0.336
16/01/2025 4:20,0.264
16/01/2025 4:25,0.336
16/01/2025 4:30,0.276
16/01/2025 4:35,0.336
16/01/2025 4:40,0.3
16/01/2025 4:45,0.3
16/01/2025 4:50,0.264
16/01/2025 4:55,0.324
16/01/2025 5:00,0.336
16/01/2025 5:05,1.86
16/01/2025 5:10,0.5760000000000001
16/01/2025 5:15,0.708
16/01/2025 5:20,0.5760000000000001
16/01/2025 5:25,0.4319999999999999
16/01/2025 5:30,0.4559999999999999
16/01/2025 5:35,0.324
16/01/2025 5:40,0.48
16/01/2025 5:45,0.348
16/01/2025 5:50,0.348
16/01/2025 5:55,0.252
16/01/2025 6:00,0.276
16/01/2025 6:05,0.24
16/01/2025 6:10,0.24
16/01/2025 6:15,0.792
16/01/2025 6:20,1.044
16/01/2025 6:25,0.66
16/01/2025 6:30,0.4439999999999999
16/01/2025 6:35,0.48
16/01/2025 6:40,0.504
16/01/2025 6:45,0.5760000000000001
16/01/2025 6:50,0.636
16/01/2025 6:55,0.708
16/01/2025 7:00,0.06
16/01/2025 7:05,0.1079999999999999
16/01/2025 7:10,0.18
16/01/2025 7:15,0.276
16/01/2025 7:20,0.144
16/01/2025 7:25,0.156
16/01/2025 7:30,0.528
16/01/2025 7:35,0.324
16/01/2025 7:40,0.192
16/01/2025 7:45,0.036
16/01/2025 7:50,0.0
16/01/2025 7:55,0.06
16/01/2025 8:00,0.012
16/01/2025 8:05,0.0
16/01/2025 8:10,0.0
16/01/2025 8:15,0.0
16/01/2025 8:20,0.0
16/01/2025 8:25,0.0
16/01/2025 8:30,0.0
16/01/2025 8:35,0.0
16/01/2025 8:40,0.0
16/01/2025 8:45,0.0
16/01/2025 8:50,0.0
16/01/2025 8:55,0.0
16/01/2025 9:00,0.0
16/01/2025 9:05,0.0
16/01/2025 9:10,0.0
16/01/2025 9:15,0.012
16/01/2025 9:20,0.084
16/01/2025 9:25,0.012
16/01/2025 9:30,0.0
16/01/2025 9:35,0.0
16/01/2025 9:40,0.0
16/01/2025 9:45,0.0
16/01/2025 9:50,0.0
16/01/2025 9:55,0.0
16/01/2025 10:00,0.0
16/01/2025 10:05,0.0
16/01/2025 10:10,0.0
16/01/2025 10:15,0.0
16/01/2025 10:20,0.0
16/01/2025 10:25,0.0
16/01/2025 10:30,0.0
16/01/2025 10:35,0.012
16/01/2025 10:40,0.0
16/01/2025 10:45,0.036
16/01/2025 10:50,0.072
16/01/2025 10:55,0.0
16/01/2025 11:00,0.18
16/01/2025 11:05,0.4559999999999999
16/01/2025 11:10,0.408
16/01/2025 11:15,0.5640000000000001
16/01/2025 11:20,0.6000000000000001
16/01/2025 11:25,0.66
16/01/2025 11:30,0.648
16/01/2025 11:35,0.744
16/01/2025 11:40,0.948
16/01/2025 11:45,1.08
16/01/2025 11:50,0.756
16/01/2025 11:55,0.5760000000000001
16/01/2025 12:00,0.408
16/01/2025 12:05,0.012
16/01/2025 12:10,0.012
16/01/2025 12:15,0.012
16/01/2025 12:20,0.552
16/01/2025 12:25,0.0
16/01/2025 12:30,0.1079999999999999
16/01/2025 12:35,0.42
16/01/2025 12:40,0.4319999999999999
16/01/2025 12:45,0.324
16/01/2025 12:50,0.252
16/01/2025 12:55,0.384
16/01/2025 13:00,0.54
16/01/2025 13:05,0.552
16/01/2025 13:10,0.0
16/01/2025 13:15,0.2279999999999999
16/01/2025 13:20,0.168
16/01/2025 13:25,0.0
16/01/2025 13:30,0.0
16/01/2025 13:35,0.0
16/01/2025 13:40,0.0
16/01/2025 13:45,0.012
16/01/2025 13:50,0.0
16/01/2025 13:55,0.0
16/01/2025 14:00,0.012
16/01/2025 14:05,0.012
16/01/2025 14:10,0.0
16/01/2025 14:15,0.0
16/01/2025 14:20,0.0
16/01/2025 14:25,0.0
16/01/2025 14:30,0.0
16/01/2025 14:35,0.0
16/01/2025 14:40,0.0
16/01/2025 14:45,0.0
16/01/2025 14:50,0.0
16/01/2025 14:55,0.0
16/01/2025 15:00,0.0
16/01/2025 15:05,0.0
16/01/2025 15:10,0.0
16/01/2025 15:15,0.012
16/01/2025 15:20,0.0
16/01/2025 15:25,0.06
16/01/2025 15:30,0.036
16/01/2025 15:35,0.0
16/01/2025 15:40,0.18
16/01/2025 15:45,1.08
16/01/2025 15:50,0.0
16/01/2025 15:55,0.0
16/01/2025 16:00,0.06
16/01/2025 16:05,0.0
16/01/2025 16:10,0.0
16/01/2025 16:15,0.0
16/01/2025 16:20,0.0
16/01/2025 16:25,0.0
16/01/2025 16:30,0.036
16/01/2025 16:35,0.12
16/01/2025 16:40,0.072
16/01/2025 16:45,0.12
16/01/2025 16:50,0.18
16/01/2025 16:55,0.18
16/01/2025 17:00,0.024
16/01/2025 17:05,0.0
16/01/2025 17:10,0.0
16/01/2025 17:15,0.0
16/01/2025 17:20,0.0
16/01/2025 17:25,0.0
16/01/2025 17:30,0.18
16/01/2025 17:35,2.436
16/01/2025 17:40,2.4000000000000004
16/01/2025 17:45,1.26
16/01/2025 17:50,1.2000000000000002
16/01/2025 17:55,1.56
16/01/2025 18:00,3.252
16/01/2025 18:05,2.58
16/01/2025 18:10,1.104
16/01/2025 18:15,2.604
16/01/2025 18:20,1.992
16/01/2025 18:25,1.956
16/01/2025 18:30,2.052
16/01/2025 18:35,1.7639999999999998
16/01/2025 18:40,1.476
16/01/2025 18:45,0.6000000000000001
16/01/2025 18:50,0.528
16/01/2025 18:55,0.528
16/01/2025 19:00,0.6000000000000001
16/01/2025 19:05,0.5760000000000001
16/01/2025 19:10,0.516
16/01/2025 19:15,0.504
16/01/2025 19:20,0.5640000000000001
16/01/2025 19:25,0.66
16/01/2025 19:30,0.552
16/01/2025 19:35,0.528
16/01/2025 19:40,0.5640000000000001
16/01/2025 19:45,0.5640000000000001
16/01/2025 19:50,0.612
16/01/2025 19:55,0.5760000000000001
16/01/2025 20:00,0.6000000000000001
16/01/2025 20:05,0.5880000000000001
16/01/2025 20:10,0.684
16/01/2025 20:15,1.164
16/01/2025 20:20,1.272
16/01/2025 20:25,1.128
16/01/2025 20:30,0.984
16/01/2025 20:35,1.1760000000000002
16/01/2025 20:40,1.272
16/01/2025 20:45,1.14
16/01/2025 20:50,1.068
16/01/2025 20:55,1.08
16/01/2025 21:00,1.044
16/01/2025 21:05,1.092
16/01/2025 21:10,0.8879999999999999
16/01/2025 21:15,0.624
16/01/2025 21:20,0.24
16/01/2025 21:25,0.264
16/01/2025 21:30,0.312
16/01/2025 21:35,0.252
16/01/2025 21:40,0.2279999999999999
16/01/2025 21:45,0.2279999999999999
16/01/2025 21:50,0.336
16/01/2025 21:55,0.3
16/01/2025 22:00,0.24
16/01/2025 22:05,0.204
16/01/2025 22:10,0.2159999999999999
16/01/2025 22:15,0.264
16/01/2025 22:20,0.288
16/01/2025 22:25,0.252
16/01/2025 22:30,0.252
16/01/2025 22:35,0.204
16/01/2025 22:40,0.24
16/01/2025 22:45,0.288
16/01/2025 22:50,0.204
16/01/2025 22:55,0.192
16/01/2025 23:00,0.192
16/01/2025 23:05,0.324
16/01/2025 23:10,0.276
16/01/2025 23:15,0.204
16/01/2025 23:20,0.18
16/01/2025 23:25,0.192
16/01/2025 23:30,0.252
16/01/2025 23:35,0.276
16/01/2025 23:40,0.2159999999999999
16/01/2025 23:45,0.252
16/01/2025 23:50,0.192
16/01/2025 23:55,0.252
17/01/2025 0:00,0.276
17/01/2025 0:05,0.192
17/01/2025 0:10,0.156
17/01/2025 0:15,0.156
17/01/2025 0:20,0.264
17/01/2025 0:25,0.276
17/01/2025 0:30,0.156
17/01/2025 0:35,0.168
17/01/2025 0:40,0.204
17/01/2025 0:45,0.252
17/01/2025 0:50,0.276
17/01/2025 0:55,0.192
17/01/2025 1:00,0.192
17/01/2025 1:05,0.264
17/01/2025 1:10,0.252
17/01/2025 1:15,0.264
17/01/2025 1:20,0.192
17/01/2025 1:25,0.192
17/01/2025 1:30,0.18
17/01/2025 1:35,0.24
17/01/2025 1:40,0.336
17/01/2025 1:45,0.204
17/01/2025 1:50,0.192
17/01/2025 1:55,0.18
17/01/2025 2:00,0.2279999999999999
17/01/2025 2:05,0.276
17/01/2025 2:10,0.204
17/01/2025 2:15,0.18
17/01/2025 2:20,0.192
17/01/2025 2:25,0.264
17/01/2025 2:30,0.3
17/01/2025 2:35,0.2159999999999999
17/01/2025 2:40,0.192
17/01/2025 2:45,0.192
17/01/2025 2:50,0.192
17/01/2025 2:55,0.276
17/01/2025 3:00,0.24
17/01/2025 3:05,0.168
17/01/2025 3:10,0.192
17/01/2025 3:15,0.204
17/01/2025 3:20,0.2159999999999999
17/01/2025 3:25,0.2279999999999999
17/01/2025 3:30,0.156
17/01/2025 3:35,0.204
17/01/2025 3:40,0.192
17/01/2025 3:45,0.252
17/01/2025 3:50,0.264
17/01/2025 3:55,0.2279999999999999
17/01/2025 4:00,0.24
17/01/2025 4:05,0.192
17/01/2025 4:10,0.2159999999999999
17/01/2025 4:15,0.264
17/01/2025 4:20,0.204
17/01/2025 4:25,0.192
17/01/2025 4:30,0.18
17/01/2025 4:35,0.204
17/01/2025 4:40,0.276
17/01/2025 4:45,0.3
17/01/2025 4:50,0.18
17/01/2025 4:55,0.192
17/01/2025 5:00,0.18
17/01/2025 5:05,1.932
17/01/2025 5:10,0.4559999999999999
17/01/2025 5:15,0.684
17/01/2025 5:20,0.48
17/01/2025 5:25,0.288
17/01/2025 5:30,0.528
17/01/2025 5:35,0.408
17/01/2025 5:40,0.276
17/01/2025 5:45,0.252
17/01/2025 5:50,0.252
17/01/2025 5:55,0.288
17/01/2025 6:00,0.372
17/01/2025 6:05,0.264
17/01/2025 6:10,0.42
17/01/2025 6:15,0.708
17/01/2025 6:20,0.096
17/01/2025 6:25,0.06
17/01/2025 6:30,0.084
17/01/2025 6:35,0.66
17/01/2025 6:40,0.4559999999999999
17/01/2025 6:45,0.4559999999999999
17/01/2025 6:50,0.528
17/01/2025 6:55,0.36
17/01/2025 7:00,0.384
17/01/2025 7:05,0.312
17/01/2025 7:10,0.252
17/01/2025 7:15,0.324
17/01/2025 7:20,0.2159999999999999
17/01/2025 7:25,0.0
17/01/2025 7:30,0.0
17/01/2025 7:35,0.0
17/01/2025 7:40,0.1079999999999999
17/01/2025 7:45,0.408
17/01/2025 7:50,0.0
17/01/2025 7:55,0.0
17/01/2025 8:00,0.0
17/01/2025 8:05,0.0
17/01/2025 8:10,0.8879999999999999
17/01/2025 8:15,1.536
17/01/2025 8:20,1.248
17/01/2025 8:25,1.116
17/01/2025 8:30,1.284
17/01/2025 8:35,1.44
17/01/2025 8:40,1.356
17/01/2025 8:45,1.404
17/01/2025 8:50,1.572
17/01/2025 8:55,0.8280000000000001
17/01/2025 9:00,0.24
17/01/2025 9:05,0.0
17/01/2025 9:10,0.0
17/01/2025 9:15,0.4559999999999999
17/01/2025 9:20,0.0
17/01/2025 9:25,0.0
17/01/2025 9:30,0.0
17/01/2025 9:35,0.0
17/01/2025 9:40,0.0
17/01/2025 9:45,0.0
17/01/2025 9:50,0.0
17/01/2025 9:55,0.0
17/01/2025 10:00,0.0
17/01/2025 10:05,0.0
17/01/2025 10:10,0.0
17/01/2025 10:15,0.0
17/01/2025 10:20,0.0
17/01/2025 10:25,0.0
17/01/2025 10:30,0.012
17/01/2025 10:35,0.0
17/01/2025 10:40,0.0
17/01/2025 10:45,0.06
17/01/2025 10:50,0.264
17/01/2025 10:55,0.528
17/01/2025 11:00,0.288
17/01/2025 11:05,0.276
17/01/2025 11:10,0.252
17/01/2025 11:15,0.084
17/01/2025 11:20,0.324
17/01/2025 11:25,0.732
17/01/2025 11:30,1.008
17/01/2025 11:35,1.272
17/01/2025 11:40,1.344
17/01/2025 11:45,1.368
17/01/2025 11:50,1.14
17/01/2025 11:55,1.38
17/01/2025 12:00,0.8759999999999999
17/01/2025 12:05,0.8879999999999999
17/01/2025 12:10,0.744
17/01/2025 12:15,0.06
17/01/2025 12:20,0.012
17/01/2025 12:25,0.168
17/01/2025 12:30,0.072
17/01/2025 12:35,0.0
17/01/2025 12:40,0.0
17/01/2025 12:45,0.0
17/01/2025 12:50,0.0
17/01/2025 12:55,0.012
17/01/2025 13:00,0.0
17/01/2025 13:05,0.0
17/01/2025 13:10,0.0
17/01/2025 13:15,0.0
17/01/2025 13:20,0.1079999999999999
17/01/2025 13:25,0.144
17/01/2025 13:30,0.744
17/01/2025 13:35,3.864
17/01/2025 13:40,4.272
17/01/2025 13:45,2.688
17/01/2025 13:50,1.128
17/01/2025 13:55,2.244
17/01/2025 14:00,3.252
17/01/2025 14:05,1.476
17/01/2025 14:10,1.092
17/01/2025 14:15,3.108
17/01/2025 14:20,2.496
17/01/2025 14:25,2.3040000000000003
17/01/2025 14:30,3.264
17/01/2025 14:35,1.812
17/01/2025 14:40,0.96
17/01/2025 14:45,0.084
17/01/2025 14:50,0.4319999999999999
17/01/2025 14:55,0.5760000000000001
17/01/2025 15:00,0.504
17/01/2025 15:05,0.348
17/01/2025 15:10,0.624
17/01/2025 15:15,2.3520000000000003
17/01/2025 15:20,0.324
17/01/2025 15:25,0.2279999999999999
17/01/2025 15:30,1.224
17/01/2025 15:35,1.404
17/01/2025 15:40,0.8639999999999999
17/01/2025 15:45,0.384
17/01/2025 15:50,0.24
17/01/2025 15:55,0.492
17/01/2025 16:00,0.5880000000000001
17/01/2025 16:05,0.8280000000000001
17/01/2025 16:10,0.4679999999999999
17/01/2025 16:15,0.4439999999999999
17/01/2025 16:20,0.552
17/01/2025 16:25,0.636
17/01/2025 16:30,0.8280000000000001
17/01/2025 16:35,0.8519999999999999
17/01/2025 16:40,0.8519999999999999
17/01/2025 16:45,0.8879999999999999
17/01/2025 16:50,1.044
17/01/2025 16:55,1.152
17/01/2025 17:00,1.1880000000000002
17/01/2025 17:05,1.032
17/01/2025 17:10,0.936
17/01/2025 17:15,0.8160000000000001
17/01/2025 17:20,0.8879999999999999
17/01/2025 17:25,1.368
17/01/2025 17:30,1.584
17/01/2025 17:35,1.56
17/01/2025 17:40,1.632
17/01/2025 17:45,1.7159999999999995
17/01/2025 17:50,1.812
17/01/2025 17:55,1.7399999999999998
17/01/2025 18:00,1.668
17/01/2025 18:05,1.6919999999999995
17/01/2025 18:10,1.7279999999999998
17/01/2025 18:15,1.7759999999999998
17/01/2025 18:20,1.476
17/01/2025 18:25,0.948
17/01/2025 18:30,0.96
17/01/2025 18:35,0.948
17/01/2025 18:40,1.08
17/01/2025 18:45,1.068
17/01/2025 18:50,1.032
17/01/2025 18:55,1.044
17/01/2025 19:00,1.068
17/01/2025 19:05,1.08
17/01/2025 19:10,1.152
17/01/2025 19:15,1.032
17/01/2025 19:20,0.984
17/01/2025 19:25,1.02
17/01/2025 19:30,1.092
17/01/2025 19:35,1.1760000000000002
17/01/2025 19:40,1.272
17/01/2025 19:45,1.332
17/01/2025 19:50,0.8879999999999999
17/01/2025 19:55,0.48
17/01/2025 20:00,0.528
17/01/2025 20:05,0.5640000000000001
17/01/2025 20:10,0.4679999999999999
17/01/2025 20:15,0.4679999999999999
17/01/2025 20:20,0.4319999999999999
17/01/2025 20:25,0.276
17/01/2025 20:30,0.3
17/01/2025 20:35,0.252
17/01/2025 20:40,0.2159999999999999
17/01/2025 20:45,0.2159999999999999
17/01/2025 20:50,0.204
17/01/2025 20:55,0.3
17/01/2025 21:00,0.252
17/01/2025 21:05,0.204
17/01/2025 21:10,0.276
17/01/2025 21:15,0.2279999999999999
17/01/2025 21:20,0.264
17/01/2025 21:25,0.264
17/01/2025 21:30,0.192
17/01/2025 21:35,0.204
17/01/2025 21:40,0.192
17/01/2025 21:45,0.2279999999999999
17/01/2025 21:50,0.276
17/01/2025 21:55,0.276
17/01/2025 22:00,0.192
17/01/2025 22:05,0.192
17/01/2025 22:10,0.204
17/01/2025 22:15,0.276
17/01/2025 22:20,0.2279999999999999
17/01/2025 22:25,0.192
17/01/2025 22:30,0.192
17/01/2025 22:35,0.192
17/01/2025 22:40,0.276
17/01/2025 22:45,0.324
17/01/2025 22:50,0.192
17/01/2025 22:55,0.192
17/01/2025 23:00,0.192
17/01/2025 23:05,0.24
17/01/2025 23:10,0.276
17/01/2025 23:15,0.192
17/01/2025 23:20,0.18
17/01/2025 23:25,0.204
17/01/2025 23:30,0.3
17/01/2025 23:35,0.264
17/01/2025 23:40,0.2159999999999999
17/01/2025 23:45,0.18
17/01/2025 23:50,0.192
17/01/2025 23:55,0.2159999999999999
18/01/2025 0:00,0.264
18/01/2025 0:05,0.24
18/01/2025 0:10,0.192
18/01/2025 0:15,0.264
18/01/2025 0:20,0.192
18/01/2025 0:25,0.264
18/01/2025 0:30,0.252
18/01/2025 0:35,0.192
18/01/2025 0:40,0.192
18/01/2025 0:45,0.192
18/01/2025 0:50,0.24
18/01/2025 0:55,0.276
18/01/2025 1:00,0.276
18/01/2025 1:05,0.204
18/01/2025 1:10,0.192
18/01/2025 1:15,0.2279999999999999
18/01/2025 1:20,0.24
18/01/2025 1:25,0.192
18/01/2025 1:30,0.156
18/01/2025 1:35,0.156
18/01/2025 1:40,0.168
18/01/2025 1:45,0.312
18/01/2025 1:50,0.264
18/01/2025 1:55,0.204
18/01/2025 2:00,0.204
18/01/2025 2:05,0.192
18/01/2025 2:10,0.252
18/01/2025 2:15,0.264
18/01/2025 2:20,0.18
18/01/2025 2:25,0.156
18/01/2025 2:30,0.384
18/01/2025 2:35,0.48
18/01/2025 2:40,0.492
18/01/2025 2:45,0.4319999999999999
18/01/2025 2:50,0.168
18/01/2025 2:55,0.2159999999999999
18/01/2025 3:00,0.24
18/01/2025 3:05,0.324
18/01/2025 3:10,0.264
18/01/2025 3:15,0.288
18/01/2025 3:20,0.252
18/01/2025 3:25,0.2159999999999999
18/01/2025 3:30,0.288
18/01/2025 3:35,0.276
18/01/2025 3:40,0.204
18/01/2025 3:45,0.2159999999999999
18/01/2025 3:50,0.204
18/01/2025 3:55,0.252
18/01/2025 4:00,0.336
18/01/2025 4:05,0.24
18/01/2025 4:10,0.204
18/01/2025 4:15,0.204
18/01/2025 4:20,0.2159999999999999
18/01/2025 4:25,0.288
18/01/2025 4:30,0.2159999999999999
18/01/2025 4:35,0.192
18/01/2025 4:40,0.192
18/01/2025 4:45,0.24
18/01/2025 4:50,0.312
18/01/2025 4:55,0.24
18/01/2025 5:00,0.192
18/01/2025 5:05,1.812
18/01/2025 5:10,0.48
18/01/2025 5:15,0.504
18/01/2025 5:20,0.372
18/01/2025 5:25,0.5880000000000001
18/01/2025 5:30,0.264
18/01/2025 5:35,0.204
18/01/2025 5:40,0.24
18/01/2025 5:45,0.204
18/01/2025 5:50,0.156
18/01/2025 5:55,0.528
18/01/2025 6:00,0.492
18/01/2025 6:05,0.1079999999999999
18/01/2025 6:10,0.264
18/01/2025 6:15,0.156
18/01/2025 6:20,0.2279999999999999
18/01/2025 6:25,0.3
18/01/2025 6:30,0.276
18/01/2025 6:35,0.264
18/01/2025 6:40,0.3
18/01/2025 6:45,0.252
18/01/2025 6:50,0.192
18/01/2025 6:55,0.192
18/01/2025 7:00,0.132
18/01/2025 7:05,0.048
18/01/2025 7:10,0.0
18/01/2025 7:15,0.0
18/01/2025 7:20,0.0
18/01/2025 7:25,0.144
18/01/2025 7:30,0.036
18/01/2025 7:35,0.036
18/01/2025 7:40,0.036
18/01/2025 7:45,0.0
18/01/2025 7:50,0.012
18/01/2025 7:55,0.0
18/01/2025 8:00,0.084
18/01/2025 8:05,0.312
18/01/2025 8:10,0.012
18/01/2025 8:15,0.408
18/01/2025 8:20,0.4679999999999999
18/01/2025 8:25,0.528
18/01/2025 8:30,0.18
18/01/2025 8:35,0.0
18/01/2025 8:40,0.132
18/01/2025 8:45,0.312
18/01/2025 8:50,0.144
18/01/2025 8:55,2.064
18/01/2025 9:00,2.868
18/01/2025 9:05,1.248
18/01/2025 9:10,0.804
18/01/2025 9:15,2.544
18/01/2025 9:20,1.2000000000000002
18/01/2025 9:25,1.14
18/01/2025 9:30,2.844
18/01/2025 9:35,1.572
18/01/2025 9:40,1.392
18/01/2025 9:45,0.948
18/01/2025 9:50,1.044
18/01/2025 9:55,1.068
18/01/2025 10:00,1.128
18/01/2025 10:05,1.104
18/01/2025 10:10,1.056
18/01/2025 10:15,0.8879999999999999
18/01/2025 10:20,1.224
18/01/2025 10:25,1.1880000000000002
18/01/2025 10:30,1.7759999999999998
18/01/2025 10:35,0.6960000000000001
18/01/2025 10:40,1.992
18/01/2025 10:45,1.464
18/01/2025 10:50,0.348
18/01/2025 10:55,0.0
18/01/2025 11:00,0.0
18/01/2025 11:05,0.0
18/01/2025 11:10,0.0
18/01/2025 11:15,0.0
18/01/2025 11:20,0.0
18/01/2025 11:25,0.0
18/01/2025 11:30,0.0
18/01/2025 11:35,0.0
18/01/2025 11:40,0.0
18/01/2025 11:45,0.0
18/01/2025 11:50,0.0
18/01/2025 11:55,0.0
18/01/2025 12:00,0.0
18/01/2025 12:05,0.0
18/01/2025 12:10,0.0
18/01/2025 12:15,0.0
18/01/2025 12:20,0.0
18/01/2025 12:25,0.0
18/01/2025 12:30,0.0
18/01/2025 12:35,0.0
18/01/2025 12:40,0.0
18/01/2025 12:45,0.0
18/01/2025 12:50,0.0
18/01/2025 12:55,0.0
18/01/2025 13:00,0.0
18/01/2025 13:05,0.0
18/01/2025 13:10,0.0
18/01/2025 13:15,0.0
18/01/2025 13:20,0.0
18/01/2025 13:25,0.0
18/01/2025 13:30,0.0
18/01/2025 13:35,0.0
18/01/2025 13:40,0.0
18/01/2025 13:45,0.0
18/01/2025 13:50,0.0
18/01/2025 13:55,0.0
18/01/2025 14:00,0.0
18/01/2025 14:05,0.0
18/01/2025 14:10,0.0
18/01/2025 14:15,0.0
18/01/2025 14:20,0.0
18/01/2025 14:25,0.0
18/01/2025 14:30,0.0
18/01/2025 14:35,0.0
18/01/2025 14:40,0.0
18/01/2025 14:45,0.0
18/01/2025 14:50,0.0
18/01/2025 14:55,0.0
18/01/2025 15:00,0.0
18/01/2025 15:05,0.0
18/01/2025 15:10,0.0
18/01/2025 15:15,0.0
18/01/2025 15:20,0.0
18/01/2025 15:25,0.0
18/01/2025 15:30,0.0
18/01/2025 15:35,0.0
18/01/2025 15:40,0.0
18/01/2025 15:45,0.0
18/01/2025 15:50,0.0
18/01/2025 15:55,0.0
18/01/2025 16:00,0.0
18/01/2025 16:05,0.0
18/01/2025 16:10,0.0
18/01/2025 16:15,0.0
18/01/2025 16:20,0.0
18/01/2025 16:25,0.0
18/01/2025 16:30,0.0
18/01/2025 16:35,0.0
18/01/2025 16:40,0.0
18/01/2025 16:45,0.0
18/01/2025 16:50,0.0
18/01/2025 16:55,0.0
18/01/2025 17:00,0.0
18/01/2025 17:05,0.0
18/01/2025 17:10,0.024
18/01/2025 17:15,0.0
18/01/2025 17:20,0.024
18/01/2025 17:25,0.1079999999999999
18/01/2025 17:30,0.012
18/01/2025 17:35,0.0
18/01/2025 17:40,0.0
18/01/2025 17:45,0.0
18/01/2025 17:50,0.036
18/01/2025 17:55,0.012
18/01/2025 18:00,0.156
18/01/2025 18:05,0.096
18/01/2025 18:10,0.0
18/01/2025 18:15,0.0
18/01/2025 18:20,0.0
18/01/2025 18:25,0.144
18/01/2025 18:30,0.324
18/01/2025 18:35,0.408
18/01/2025 18:40,0.396
18/01/2025 18:45,0.42
18/01/2025 18:50,0.324
18/01/2025 18:55,0.324
18/01/2025 19:00,0.408
18/01/2025 19:05,0.4559999999999999
18/01/2025 19:10,0.384
18/01/2025 19:15,0.384
18/01/2025 19:20,0.3
18/01/2025 19:25,0.288
18/01/2025 19:30,0.312
18/01/2025 19:35,0.372
18/01/2025 19:40,0.4319999999999999
18/01/2025 19:45,0.288
18/01/2025 19:50,0.276
18/01/2025 19:55,0.324
18/01/2025 20:00,0.372
18/01/2025 20:05,0.324
18/01/2025 20:10,0.276
18/01/2025 20:15,0.372
18/01/2025 20:20,0.348
18/01/2025 20:25,0.36
18/01/2025 20:30,0.288
18/01/2025 20:35,0.288
18/01/2025 20:40,0.276
18/01/2025 20:45,0.372
18/01/2025 20:50,0.42
18/01/2025 20:55,0.288
18/01/2025 21:00,0.276
18/01/2025 21:05,0.3
18/01/2025 21:10,0.372
18/01/2025 21:15,0.324
18/01/2025 21:20,0.276
18/01/2025 21:25,0.36
18/01/2025 21:30,0.324
18/01/2025 21:35,0.372
18/01/2025 21:40,0.3
18/01/2025 21:45,0.276
18/01/2025 21:50,0.288
18/01/2025 21:55,0.336
18/01/2025 22:00,0.4439999999999999
18/01/2025 22:05,0.3
18/01/2025 22:10,0.276
18/01/2025 22:15,0.276
18/01/2025 22:20,0.36
18/01/2025 22:25,0.348
18/01/2025 22:30,0.288
18/01/2025 22:35,0.336
18/01/2025 22:40,0.312
18/01/2025 22:45,0.36
18/01/2025 22:50,0.348
18/01/2025 22:55,0.288
18/01/2025 23:00,0.288
18/01/2025 23:05,0.3
18/01/2025 23:10,0.408
18/01/2025 23:15,0.372
18/01/2025 23:20,0.288
18/01/2025 23:25,0.288
18/01/2025 23:30,0.324
18/01/2025 23:35,0.36
18/01/2025 23:40,0.324
18/01/2025 23:45,0.312
18/01/2025 23:50,0.336
18/01/2025 23:55,0.336
19/01/2025 0:00,0.372
19/01/2025 0:05,0.3
19/01/2025 0:10,0.288
19/01/2025 0:15,0.276
19/01/2025 0:20,0.312
19/01/2025 0:25,0.408
19/01/2025 0:30,0.252
19/01/2025 0:35,0.252
19/01/2025 0:40,0.252
19/01/2025 0:45,0.348
19/01/2025 0:50,0.36
19/01/2025 0:55,0.3
19/01/2025 1:00,0.348
19/01/2025 1:05,0.312
19/01/2025 1:10,0.36
19/01/2025 1:15,0.348
19/01/2025 1:20,0.288
19/01/2025 1:25,0.276
19/01/2025 1:30,0.288
19/01/2025 1:35,0.408
19/01/2025 1:40,0.384
19/01/2025 1:45,0.276
19/01/2025 1:50,0.276
19/01/2025 1:55,0.3
19/01/2025 2:00,0.372
19/01/2025 2:05,0.324
19/01/2025 2:10,0.276
19/01/2025 2:15,0.36
19/01/2025 2:20,0.312
19/01/2025 2:25,0.36
19/01/2025 2:30,0.312
19/01/2025 2:35,0.276
19/01/2025 2:40,0.288
19/01/2025 2:45,0.312
19/01/2025 2:50,0.4319999999999999
19/01/2025 2:55,0.312
19/01/2025 3:00,0.288
19/01/2025 3:05,0.276
19/01/2025 3:10,0.324
19/01/2025 3:15,0.36
19/01/2025 3:20,0.3
19/01/2025 3:25,0.288
19/01/2025 3:30,0.36
19/01/2025 3:35,0.312
19/01/2025 3:40,0.372
19/01/2025 3:45,0.288
19/01/2025 3:50,0.288
19/01/2025 3:55,0.276
19/01/2025 4:00,0.324
19/01/2025 4:05,0.384
19/01/2025 4:10,0.348
19/01/2025 4:15,0.288
19/01/2025 4:20,0.276
19/01/2025 4:25,0.324
19/01/2025 4:30,0.36
19/01/2025 4:35,0.276
19/01/2025 4:40,0.276
19/01/2025 4:45,0.288
19/01/2025 4:50,0.396
19/01/2025 4:55,0.36
19/01/2025 5:00,0.288
19/01/2025 5:05,0.276
19/01/2025 5:10,0.276
19/01/2025 5:15,0.324
19/01/2025 5:20,0.324
19/01/2025 5:25,0.168
19/01/2025 5:30,0.252
19/01/2025 5:35,0.144
19/01/2025 5:40,0.132
19/01/2025 5:45,0.18
19/01/2025 5:50,0.072
19/01/2025 5:55,0.048
19/01/2025 6:00,0.012
19/01/2025 6:05,0.024
19/01/2025 6:10,0.06
19/01/2025 6:15,0.048
19/01/2025 6:20,0.024
19/01/2025 6:25,0.0
19/01/2025 6:30,0.0
19/01/2025 6:35,0.0
19/01/2025 6:40,0.0
19/01/2025 6:45,0.0
19/01/2025 6:50,0.012
19/01/2025 6:55,0.0
19/01/2025 7:00,0.0
19/01/2025 7:05,0.0
19/01/2025 7:10,0.0
19/01/2025 7:15,0.0
19/01/2025 7:20,0.0
19/01/2025 7:25,0.0
19/01/2025 7:30,0.0
19/01/2025 7:35,0.0
19/01/2025 7:40,0.0
19/01/2025 7:45,0.0
19/01/2025 7:50,0.0
19/01/2025 7:55,0.0
19/01/2025 8:00,0.0
19/01/2025 8:05,0.0
19/01/2025 8:10,0.0
19/01/2025 8:15,0.0
19/01/2025 8:20,0.0
19/01/2025 8:25,0.0
19/01/2025 8:30,0.0
19/01/2025 8:35,0.0
19/01/2025 8:40,0.0
19/01/2025 8:45,0.0
19/01/2025 8:50,0.0
19/01/2025 8:55,0.0
19/01/2025 9:00,0.0
19/01/2025 9:05,0.0
19/01/2025 9:10,0.0
19/01/2025 9:15,0.0
19/01/2025 9:20,0.0
19/01/2025 9:25,0.0
19/01/2025 9:30,0.0
19/01/2025 9:35,0.0
19/01/2025 9:40,0.0
19/01/2025 9:45,0.0
19/01/2025 9:50,0.0
19/01/2025 9:55,0.0
19/01/2025 10:00,0.0
19/01/2025 10:05,0.0
19/01/2025 10:10,0.0
19/01/2025 10:15,0.0
19/01/2025 10:20,0.0
19/01/2025 10:25,0.0
19/01/2025 10:30,0.0
19/01/2025 10:35,0.0
19/01/2025 10:40,0.0
19/01/2025 10:45,0.0
19/01/2025 10:50,0.0
19/01/2025 10:55,0.0
19/01/2025 11:00,0.0
19/01/2025 11:05,0.0
19/01/2025 11:10,0.0
19/01/2025 11:15,0.0
19/01/2025 11:20,0.0
19/01/2025 11:25,0.0
19/01/2025 11:30,0.0
19/01/2025 11:35,0.0
19/01/2025 11:40,0.0
19/01/2025 11:45,0.0
19/01/2025 11:50,0.0
19/01/2025 11:55,0.0
19/01/2025 12:00,0.0
19/01/2025 12:05,0.0
19/01/2025 12:10,0.0
19/01/2025 12:15,0.0
19/01/2025 12:20,0.0
19/01/2025 12:25,0.0
19/01/2025 12:30,0.0
19/01/2025 12:35,0.0
19/01/2025 12:40,0.0
19/01/2025 12:45,0.0
19/01/2025 12:50,0.0
19/01/2025 12:55,0.0
19/01/2025 13:00,0.0
19/01/2025 13:05,0.0
19/01/2025 13:10,0.0
19/01/2025 13:15,0.0
19/01/2025 13:20,0.0
19/01/2025 13:25,0.0
19/01/2025 13:30,0.0
19/01/2025 13:35,0.0
19/01/2025 13:40,0.0
19/01/2025 13:45,0.0
19/01/2025 13:50,0.0
19/01/2025 13:55,0.0
19/01/2025 14:00,0.0
19/01/2025 14:05,0.0
19/01/2025 14:10,0.0
19/01/2025 14:15,0.0
19/01/2025 14:20,0.0
19/01/2025 14:25,0.0
19/01/2025 14:30,0.0
19/01/2025 14:35,0.0
19/01/2025 14:40,0.0
19/01/2025 14:45,0.0
19/01/2025 14:50,0.0
19/01/2025 14:55,0.0
19/01/2025 15:00,0.0
19/01/2025 15:05,0.0
19/01/2025 15:10,0.0
19/01/2025 15:15,0.0
19/01/2025 15:20,0.0
19/01/2025 15:25,0.0
19/01/2025 15:30,0.0
19/01/2025 15:35,0.0
19/01/2025 15:40,0.0
19/01/2025 15:45,0.0
19/01/2025 15:50,0.0
19/01/2025 15:55,0.0
19/01/2025 16:00,0.0
19/01/2025 16:05,0.0
19/01/2025 16:10,0.0
19/01/2025 16:15,0.0
19/01/2025 16:20,0.0
19/01/2025 16:25,0.0
19/01/2025 16:30,0.0
19/01/2025 16:35,0.0
19/01/2025 16:40,0.0
19/01/2025 16:45,0.0
19/01/2025 16:50,0.0
19/01/2025 16:55,0.0
19/01/2025 17:00,0.0
19/01/2025 17:05,0.0
19/01/2025 17:10,0.0
19/01/2025 17:15,0.0
19/01/2025 17:20,0.0
19/01/2025 17:25,0.0
19/01/2025 17:30,0.0
19/01/2025 17:35,0.0
19/01/2025 17:40,0.0
19/01/2025 17:45,0.0
19/01/2025 17:50,0.0
19/01/2025 17:55,0.0
19/01/2025 18:00,0.0
19/01/2025 18:05,0.012
19/01/2025 18:10,0.072
19/01/2025 18:15,0.18
19/01/2025 18:20,0.204
19/01/2025 18:25,0.204
19/01/2025 18:30,0.18
19/01/2025 18:35,0.192
19/01/2025 18:40,0.2279999999999999
19/01/2025 18:45,0.3
19/01/2025 18:50,0.336
19/01/2025 18:55,0.24
19/01/2025 19:00,0.264
19/01/2025 19:05,0.324
19/01/2025 19:10,0.348
19/01/2025 19:15,0.3
19/01/2025 19:20,0.264
19/01/2025 19:25,0.348
19/01/2025 19:30,0.336
19/01/2025 19:35,0.36
19/01/2025 19:40,0.288
19/01/2025 19:45,0.264
19/01/2025 19:50,0.24
19/01/2025 19:55,0.312
19/01/2025 20:00,0.36
19/01/2025 20:05,0.3
19/01/2025 20:10,0.24
19/01/2025 20:15,0.276
19/01/2025 20:20,0.348
19/01/2025 20:25,0.372
19/01/2025 20:30,0.288
19/01/2025 20:35,0.276
19/01/2025 20:40,0.36
19/01/2025 20:45,0.348
19/01/2025 20:50,0.348
19/01/2025 20:55,0.276
19/01/2025 21:00,0.288
19/01/2025 21:05,0.276
19/01/2025 21:10,0.348
19/01/2025 21:15,0.372
19/01/2025 21:20,0.336
19/01/2025 21:25,0.276
19/01/2025 21:30,0.276
19/01/2025 21:35,0.36
19/01/2025 21:40,0.336
19/01/2025 21:45,0.276
19/01/2025 21:50,0.264
19/01/2025 21:55,0.36
19/01/2025 22:00,0.372
19/01/2025 22:05,0.324
19/01/2025 22:10,0.276
19/01/2025 22:15,0.276
19/01/2025 22:20,0.288
19/01/2025 22:25,0.36
19/01/2025 22:30,0.336
19/01/2025 22:35,0.348
19/01/2025 22:40,0.276
19/01/2025 22:45,0.264
19/01/2025 22:50,0.324
19/01/2025 22:55,0.288
19/01/2025 23:00,0.24
19/01/2025 23:05,0.252
19/01/2025 23:10,0.324
19/01/2025 23:15,0.396
19/01/2025 23:20,0.408
19/01/2025 23:25,0.4439999999999999
19/01/2025 23:30,0.4319999999999999
19/01/2025 23:35,0.42
19/01/2025 23:40,0.276
19/01/2025 23:45,0.372
19/01/2025 23:50,0.4319999999999999
19/01/2025 23:55,0.408
20/01/2025 0:00,0.36
20/01/2025 0:05,0.324
20/01/2025 0:10,0.276
20/01/2025 0:15,0.276
20/01/2025 0:20,0.336
20/01/2025 0:25,0.36
20/01/2025 0:30,0.348
20/01/2025 0:35,0.3
20/01/2025 0:40,0.276
20/01/2025 0:45,0.348
20/01/2025 0:50,0.36
20/01/2025 0:55,0.264
20/01/2025 1:00,0.276
20/01/2025 1:05,0.276
20/01/2025 1:10,0.408
20/01/2025 1:15,0.372
20/01/2025 1:20,0.24
20/01/2025 1:25,0.24
20/01/2025 1:30,0.264
20/01/2025 1:35,0.324
20/01/2025 1:40,0.288
20/01/2025 1:45,0.252
20/01/2025 1:50,0.348
20/01/2025 1:55,0.336
20/01/2025 2:00,0.36
20/01/2025 2:05,0.324
20/01/2025 2:10,0.276
20/01/2025 2:15,0.276
20/01/2025 2:20,0.288
20/01/2025 2:25,0.36
20/01/2025 2:30,0.324
20/01/2025 2:35,0.348
20/01/2025 2:40,0.276
20/01/2025 2:45,0.3
20/01/2025 2:50,0.348
20/01/2025 2:55,0.312
20/01/2025 3:00,0.276
20/01/2025 3:05,0.276
20/01/2025 3:10,0.3
20/01/2025 3:15,0.408
20/01/2025 3:20,0.348
20/01/2025 3:25,0.276
20/01/2025 3:30,0.24
20/01/2025 3:35,0.264
20/01/2025 3:40,0.324
20/01/2025 3:45,0.288
20/01/2025 3:50,0.24
20/01/2025 3:55,0.264
20/01/2025 4:00,0.36
20/01/2025 4:05,0.372
20/01/2025 4:10,0.324
20/01/2025 4:15,0.276
20/01/2025 4:20,0.276
20/01/2025 4:25,0.288
20/01/2025 4:30,0.36
20/01/2025 4:35,0.384
20/01/2025 4:40,0.288
20/01/2025 4:45,0.276
20/01/2025 4:50,0.276
20/01/2025 4:55,0.36
20/01/2025 5:00,0.324
20/01/2025 5:05,0.264
20/01/2025 5:10,0.276
20/01/2025 5:15,0.276
20/01/2025 5:20,0.36
20/01/2025 5:25,0.204
20/01/2025 5:30,0.12
20/01/2025 5:35,0.12
20/01/2025 5:40,0.1079999999999999
20/01/2025 5:45,0.12
20/01/2025 5:50,0.072
20/01/2025 5:55,0.012
20/01/2025 6:00,0.0
20/01/2025 6:05,0.0
20/01/2025 6:10,0.084
20/01/2025 6:15,0.0
20/01/2025 6:20,0.0
20/01/2025 6:25,0.0
20/01/2025 6:30,0.0
20/01/2025 6:35,0.0
20/01/2025 6:40,0.0
20/01/2025 6:45,0.0
20/01/2025 6:50,0.0
20/01/2025 6:55,0.0
20/01/2025 7:00,0.0
20/01/2025 7:05,0.0
20/01/2025 7:10,0.0
20/01/2025 7:15,0.0
20/01/2025 7:20,0.0
20/01/2025 7:25,0.0
20/01/2025 7:30,0.0
20/01/2025 7:35,0.0
20/01/2025 7:40,0.0
20/01/2025 7:45,0.0
20/01/2025 7:50,0.0
20/01/2025 7:55,0.0
20/01/2025 8:00,0.0
20/01/2025 8:05,0.0
20/01/2025 8:10,0.0
20/01/2025 8:15,0.0
20/01/2025 8:20,0.0
20/01/2025 8:25,0.0
20/01/2025 8:30,0.0
20/01/2025 8:35,0.0
20/01/2025 8:40,0.0
20/01/2025 8:45,0.0
20/01/2025 8:50,0.0
20/01/2025 8:55,0.0
20/01/2025 9:00,0.0
20/01/2025 9:05,0.0
20/01/2025 9:10,0.0
20/01/2025 9:15,0.0
20/01/2025 9:20,0.0
20/01/2025 9:25,0.0
20/01/2025 9:30,0.0
20/01/2025 9:35,0.0
20/01/2025 9:40,0.0
20/01/2025 9:45,0.0
20/01/2025 9:50,0.0
20/01/2025 9:55,0.0
20/01/2025 10:00,0.0
20/01/2025 10:05,0.0
20/01/2025 10:10,0.0
20/01/2025 10:15,0.0
20/01/2025 10:20,0.0
20/01/2025 10:25,0.0
20/01/2025 10:30,0.0
20/01/2025 10:35,0.0
20/01/2025 10:40,0.0
20/01/2025 10:45,0.0
20/01/2025 10:50,0.0
20/01/2025 10:55,0.0
20/01/2025 11:00,0.0
20/01/2025 11:05,0.0
20/01/2025 11:10,0.0
20/01/2025 11:15,0.0
20/01/2025 11:20,0.0
20/01/2025 11:25,0.0
20/01/2025 11:30,0.0
20/01/2025 11:35,0.0
20/01/2025 11:40,0.0
20/01/2025 11:45,0.0
20/01/2025 11:50,0.0
20/01/2025 11:55,0.0
20/01/2025 12:00,0.0
20/01/2025 12:05,0.0
20/01/2025 12:10,0.0
20/01/2025 12:15,0.0
20/01/2025 12:20,0.0
20/01/2025 12:25,0.0
20/01/2025 12:30,0.0
20/01/2025 12:35,0.0
20/01/2025 12:40,0.0
20/01/2025 12:45,0.0
20/01/2025 12:50,0.0
20/01/2025 12:55,0.0
20/01/2025 13:00,0.0
20/01/2025 13:05,0.0
20/01/2025 13:10,0.0
20/01/2025 13:15,0.0
20/01/2025 13:20,0.0
20/01/2025 13:25,0.0
20/01/2025 13:30,0.0
20/01/2025 13:35,0.0
20/01/2025 13:40,0.0
20/01/2025 13:45,0.0
20/01/2025 13:50,0.0
20/01/2025 13:55,0.0
20/01/2025 14:00,0.0
20/01/2025 14:05,0.0
20/01/2025 14:10,0.0
20/01/2025 14:15,0.0
20/01/2025 14:20,0.0
20/01/2025 14:25,0.0
20/01/2025 14:30,0.0
20/01/2025 14:35,0.0
20/01/2025 14:40,0.0
20/01/2025 14:45,0.0
20/01/2025 14:50,0.0
20/01/2025 14:55,0.0
20/01/2025 15:00,0.0
20/01/2025 15:05,0.0
20/01/2025 15:10,0.0
20/01/2025 15:15,0.0
20/01/2025 15:20,0.0
20/01/2025 15:25,0.0
20/01/2025 15:30,0.0
20/01/2025 15:35,0.0
20/01/2025 15:40,0.0
20/01/2025 15:45,0.0
20/01/2025 15:50,0.0
20/01/2025 15:55,0.0
20/01/2025 16:00,0.0
20/01/2025 16:05,0.0
20/01/2025 16:10,0.0
20/01/2025 16:15,0.0
20/01/2025 16:20,0.0
20/01/2025 16:25,0.0
20/01/2025 16:30,0.0
20/01/2025 16:35,0.0
20/01/2025 16:40,0.0
20/01/2025 16:45,0.0
20/01/2025 16:50,0.0
20/01/2025 16:55,0.0
20/01/2025 17:00,0.0
20/01/2025 17:05,0.0
20/01/2025 17:10,0.0
20/01/2025 17:15,0.0
20/01/2025 17:20,0.0
20/01/2025 17:25,0.0
20/01/2025 17:30,0.0
20/01/2025 17:35,0.0
20/01/2025 17:40,0.0
20/01/2025 17:45,0.0
20/01/2025 17:50,0.0
20/01/2025 17:55,0.0
20/01/2025 18:00,0.0
20/01/2025 18:05,0.0
20/01/2025 18:10,0.12
20/01/2025 18:15,0.1079999999999999
20/01/2025 18:20,0.132
20/01/2025 18:25,0.204
20/01/2025 18:30,0.204
20/01/2025 18:35,0.18
20/01/2025 18:40,0.2279999999999999
20/01/2025 18:45,0.3
20/01/2025 18:50,0.3
20/01/2025 18:55,0.276
20/01/2025 19:00,0.24
20/01/2025 19:05,0.252
20/01/2025 19:10,0.312
20/01/2025 19:15,0.396
20/01/2025 19:20,0.348
20/01/2025 19:25,0.288
20/01/2025 19:30,0.276
20/01/2025 19:35,0.348
20/01/2025 19:40,0.36
20/01/2025 19:45,0.276
20/01/2025 19:50,0.336
20/01/2025 19:55,0.312
20/01/2025 20:00,0.36
20/01/2025 20:05,0.324
20/01/2025 20:10,0.276
20/01/2025 20:15,0.276
20/01/2025 20:20,0.3
20/01/2025 20:25,0.4319999999999999
20/01/2025 20:30,0.336
20/01/2025 20:35,0.276
20/01/2025 20:40,0.276
20/01/2025 20:45,0.312
20/01/2025 20:50,0.372
20/01/2025 20:55,0.3
20/01/2025 21:00,0.336
20/01/2025 21:05,0.288
20/01/2025 21:10,0.324
20/01/2025 21:15,0.36
20/01/2025 21:20,0.276
20/01/2025 21:25,0.276
20/01/2025 21:30,0.276
20/01/2025 21:35,0.384
20/01/2025 21:40,0.384
20/01/2025 21:45,0.276
20/01/2025 21:50,0.264
20/01/2025 21:55,0.276
20/01/2025 22:00,0.36
20/01/2025 22:05,0.336
20/01/2025 22:10,0.3
20/01/2025 22:15,0.336
20/01/2025 22:20,0.288
20/01/2025 22:25,0.36
20/01/2025 22:30,0.324
20/01/2025 22:35,0.276
20/01/2025 22:40,0.276
20/01/2025 22:45,0.324
20/01/2025 22:50,0.4319999999999999
20/01/2025 22:55,0.312
20/01/2025 23:00,0.252
20/01/2025 23:05,0.24
20/01/2025 23:10,0.288
20/01/2025 23:15,0.336
20/01/2025 23:20,0.252
20/01/2025 23:25,0.336
20/01/2025 23:30,0.276
20/01/2025 23:35,0.336
20/01/2025 23:40,0.372
20/01/2025 23:45,0.288
20/01/2025 23:50,0.288
20/01/2025 23:55,0.276
21/01/2025 0:00,0.396
21/01/2025 0:05,0.384
21/01/2025 0:10,0.276
21/01/2025 0:15,0.276
21/01/2025 0:20,0.276
21/01/2025 0:25,0.348
21/01/2025 0:30,0.348
21/01/2025 0:35,0.276
21/01/2025 0:40,0.36
21/01/2025 0:45,0.264
21/01/2025 0:50,0.36
21/01/2025 0:55,0.336
21/01/2025 1:00,0.276
21/01/2025 1:05,0.276
21/01/2025 1:10,0.288
21/01/2025 1:15,0.4439999999999999
21/01/2025 1:20,0.324
21/01/2025 1:25,0.276
21/01/2025 1:30,0.24
21/01/2025 1:35,0.264
21/01/2025 1:40,0.324
21/01/2025 1:45,0.288
21/01/2025 1:50,0.252
21/01/2025 1:55,0.324
21/01/2025 2:00,0.312
21/01/2025 2:05,0.372
21/01/2025 2:10,0.312
21/01/2025 2:15,0.288
21/01/2025 2:20,0.276
21/01/2025 2:25,0.3
21/01/2025 2:30,0.384
21/01/2025 2:35,0.36
21/01/2025 2:40,0.276
21/01/2025 2:45,0.276
21/01/2025 2:50,0.3
21/01/2025 2:55,0.36
21/01/2025 3:00,0.3
21/01/2025 3:05,0.276
21/01/2025 3:10,0.3
21/01/2025 3:15,0.372
21/01/2025 3:20,0.348
21/01/2025 3:25,0.3
21/01/2025 3:30,0.276
21/01/2025 3:35,0.276
21/01/2025 3:40,0.324
21/01/2025 3:45,0.324
21/01/2025 3:50,0.264
21/01/2025 3:55,0.336
21/01/2025 4:00,0.24
21/01/2025 4:05,0.288
21/01/2025 4:10,0.324
21/01/2025 4:15,0.3
21/01/2025 4:20,0.276
21/01/2025 4:25,0.288
21/01/2025 4:30,0.348
21/01/2025 4:35,0.42
21/01/2025 4:40,0.288
21/01/2025 4:45,0.276
21/01/2025 4:50,0.276
21/01/2025 4:55,0.312
21/01/2025 5:00,0.348
21/01/2025 5:05,0.3
21/01/2025 5:10,0.312
21/01/2025 5:15,0.324
21/01/2025 5:20,0.312
21/01/2025 5:25,0.36
21/01/2025 5:30,0.288
21/01/2025 5:35,0.204
21/01/2025 5:40,0.168
21/01/2025 5:45,0.156
21/01/2025 5:50,0.18
21/01/2025 5:55,0.12
21/01/2025 6:00,0.036
21/01/2025 6:05,0.0
21/01/2025 6:10,0.012
21/01/2025 6:15,0.0
21/01/2025 6:20,0.0
21/01/2025 6:25,0.0
21/01/2025 6:30,0.0
21/01/2025 6:35,0.0
21/01/2025 6:40,0.0
21/01/2025 6:45,0.0
21/01/2025 6:50,0.0
21/01/2025 6:55,0.0
21/01/2025 7:00,0.0
21/01/2025 7:05,0.0
21/01/2025 7:10,0.0
21/01/2025 7:15,0.0
21/01/2025 7:20,0.0
21/01/2025 7:25,0.0
21/01/2025 7:30,0.0
21/01/2025 7:35,0.0
21/01/2025 7:40,0.0
21/01/2025 7:45,0.0
21/01/2025 7:50,0.0
21/01/2025 7:55,0.0
21/01/2025 8:00,0.0
21/01/2025 8:05,0.0
21/01/2025 8:10,0.0
21/01/2025 8:15,0.0
21/01/2025 8:20,0.0
21/01/2025 8:25,0.0
21/01/2025 8:30,0.0
21/01/2025 8:35,0.0
21/01/2025 8:40,0.0
21/01/2025 8:45,0.0
21/01/2025 8:50,0.0
21/01/2025 8:55,0.0
21/01/2025 9:00,0.0
21/01/2025 9:05,0.0
21/01/2025 9:10,0.0
21/01/2025 9:15,0.0
21/01/2025 9:20,0.0
21/01/2025 9:25,0.0
21/01/2025 9:30,0.0
21/01/2025 9:35,0.0
21/01/2025 9:40,0.0
21/01/2025 9:45,0.0
21/01/2025 9:50,0.0
21/01/2025 9:55,0.0
21/01/2025 10:00,0.0
21/01/2025 10:05,0.0
21/01/2025 10:10,0.0
21/01/2025 10:15,0.0
21/01/2025 10:20,0.0
21/01/2025 10:25,0.0
21/01/2025 10:30,0.0
21/01/2025 10:35,0.0
21/01/2025 10:40,0.0
21/01/2025 10:45,0.0
21/01/2025 10:50,0.0
21/01/2025 10:55,0.0
21/01/2025 11:00,0.0
21/01/2025 11:05,0.0
21/01/2025 11:10,0.0
21/01/2025 11:15,0.0
21/01/2025 11:20,0.0
21/01/2025 11:25,0.0
21/01/2025 11:30,0.0
21/01/2025 11:35,0.0
21/01/2025 11:40,0.0
21/01/2025 11:45,0.0
21/01/2025 11:50,0.0
21/01/2025 11:55,0.0
21/01/2025 12:00,0.0
21/01/2025 12:05,0.0
21/01/2025 12:10,0.0
21/01/2025 12:15,0.0
21/01/2025 12:20,0.0
21/01/2025 12:25,0.0
21/01/2025 12:30,0.0
21/01/2025 12:35,0.0
21/01/2025 12:40,0.0
21/01/2025 12:45,0.0
21/01/2025 12:50,0.0
21/01/2025 12:55,0.0
21/01/2025 13:00,0.0
21/01/2025 13:05,0.0
21/01/2025 13:10,0.0
21/01/2025 13:15,0.0
21/01/2025 13:20,0.0
21/01/2025 13:25,0.0
21/01/2025 13:30,0.0
21/01/2025 13:35,0.0
21/01/2025 13:40,0.0
21/01/2025 13:45,0.0
21/01/2025 13:50,0.0
21/01/2025 13:55,0.0
21/01/2025 14:00,0.0
21/01/2025 14:05,0.0
21/01/2025 14:10,0.0
21/01/2025 14:15,0.0
21/01/2025 14:20,0.0
21/01/2025 14:25,0.0
21/01/2025 14:30,0.0
21/01/2025 14:35,0.0
21/01/2025 14:40,0.0
21/01/2025 14:45,0.0
21/01/2025 14:50,0.0
21/01/2025 14:55,0.0
21/01/2025 15:00,0.0
21/01/2025 15:05,0.0
21/01/2025 15:10,0.0
21/01/2025 15:15,0.0
21/01/2025 15:20,0.0
21/01/2025 15:25,0.0
21/01/2025 15:30,0.0
21/01/2025 15:35,0.0
21/01/2025 15:40,0.0
21/01/2025 15:45,0.0
21/01/2025 15:50,0.0
21/01/2025 15:55,0.0
21/01/2025 16:00,0.0
21/01/2025 16:05,0.0
21/01/2025 16:10,0.0
21/01/2025 16:15,0.0
21/01/2025 16:20,0.0
21/01/2025 16:25,0.0
21/01/2025 16:30,0.0
21/01/2025 16:35,0.0
21/01/2025 16:40,0.0
21/01/2025 16:45,0.0
21/01/2025 16:50,0.0
21/01/2025 16:55,0.0
21/01/2025 17:00,0.0
21/01/2025 17:05,0.0
21/01/2025 17:10,0.0
21/01/2025 17:15,0.0
21/01/2025 17:20,0.0
21/01/2025 17:25,0.0
21/01/2025 17:30,0.0
21/01/2025 17:35,0.0
21/01/2025 17:40,0.0
21/01/2025 17:45,0.0
21/01/2025 17:50,0.0
21/01/2025 17:55,0.0
21/01/2025 18:00,0.0
21/01/2025 18:05,0.0
21/01/2025 18:10,0.192
21/01/2025 18:15,0.072
21/01/2025 18:20,0.096
21/01/2025 18:25,0.12
21/01/2025 18:30,0.2159999999999999
21/01/2025 18:35,0.264
21/01/2025 18:40,0.204
21/01/2025 18:45,0.204
21/01/2025 18:50,0.264
21/01/2025 18:55,0.336
21/01/2025 19:00,0.348
21/01/2025 19:05,0.288
21/01/2025 19:10,0.264
21/01/2025 19:15,0.348
21/01/2025 19:20,0.348
21/01/2025 19:25,0.264
21/01/2025 19:30,0.336
21/01/2025 19:35,0.3
21/01/2025 19:40,0.348
21/01/2025 19:45,0.312
21/01/2025 19:50,0.264
21/01/2025 19:55,0.348
21/01/2025 20:00,0.336
21/01/2025 20:05,0.348
21/01/2025 20:10,0.276
21/01/2025 20:15,0.264
21/01/2025 20:20,0.324
21/01/2025 20:25,0.396
21/01/2025 20:30,0.336
21/01/2025 20:35,0.264
21/01/2025 20:40,0.276
21/01/2025 20:45,0.3
21/01/2025 20:50,0.4319999999999999
21/01/2025 20:55,0.312
21/01/2025 21:00,0.264
21/01/2025 21:05,0.264
21/01/2025 21:10,0.336
21/01/2025 21:15,0.348
21/01/2025 21:20,0.348
21/01/2025 21:25,0.276
21/01/2025 21:30,0.288
21/01/2025 21:35,0.348
21/01/2025 21:40,0.312
21/01/2025 21:45,0.3
21/01/2025 21:50,0.324
21/01/2025 21:55,0.324
21/01/2025 22:00,0.348
21/01/2025 22:05,0.288
21/01/2025 22:10,0.264
21/01/2025 22:15,0.3
21/01/2025 22:20,0.408
21/01/2025 22:25,0.336
21/01/2025 22:30,0.264
21/01/2025 22:35,0.264
21/01/2025 22:40,0.288
21/01/2025 22:45,0.408
21/01/2025 22:50,0.336
21/01/2025 22:55,0.264
21/01/2025 23:00,0.264
21/01/2025 23:05,0.324
21/01/2025 23:10,0.348
21/01/2025 23:15,0.336
21/01/2025 23:20,0.288
21/01/2025 23:25,0.264
21/01/2025 23:30,0.348
21/01/2025 23:35,0.324
21/01/2025 23:40,0.264
21/01/2025 23:45,0.324
21/01/2025 23:50,0.312
21/01/2025 23:55,0.348
22/01/2025 0:00,0.288
22/01/2025 0:05,0.264
22/01/2025 0:10,0.264
22/01/2025 0:15,0.42
22/01/2025 0:20,0.348
22/01/2025 0:25,0.264
22/01/2025 0:30,0.264
22/01/2025 0:35,0.276
22/01/2025 0:40,0.348
22/01/2025 0:45,0.408
22/01/2025 0:50,0.252
22/01/2025 0:55,0.264
22/01/2025 1:00,0.312
22/01/2025 1:05,0.348
22/01/2025 1:10,0.3
22/01/2025 1:15,0.336
22/01/2025 1:20,0.276
22/01/2025 1:25,0.336
22/01/2025 1:30,0.36
22/01/2025 1:35,0.42
22/01/2025 1:40,0.4319999999999999
22/01/2025 1:45,0.492
22/01/2025 1:50,0.372
22/01/2025 1:55,0.288
22/01/2025 2:00,0.384
22/01/2025 2:05,0.372
22/01/2025 2:10,0.36
22/01/2025 2:15,0.408
22/01/2025 2:20,0.36
22/01/2025 2:25,0.264
22/01/2025 2:30,0.264
22/01/2025 2:35,0.36
22/01/2025 2:40,0.348
22/01/2025 2:45,0.3
22/01/2025 2:50,0.324
22/01/2025 2:55,0.3
22/01/2025 3:00,0.348
22/01/2025 3:05,0.312
22/01/2025 3:10,0.264
22/01/2025 3:15,0.264
22/01/2025 3:20,0.396
22/01/2025 3:25,0.36
22/01/2025 3:30,0.276
22/01/2025 3:35,0.264
22/01/2025 3:40,0.264
22/01/2025 3:45,0.348
22/01/2025 3:50,0.372
22/01/2025 3:55,0.312
22/01/2025 4:00,0.264
22/01/2025 4:05,0.288
22/01/2025 4:10,0.348
22/01/2025 4:15,0.3
22/01/2025 4:20,0.264
22/01/2025 4:25,0.36
22/01/2025 4:30,0.324
22/01/2025 4:35,0.348
22/01/2025 4:40,0.276
22/01/2025 4:45,0.264
22/01/2025 4:50,0.276
22/01/2025 4:55,0.384
22/01/2025 5:00,0.384
22/01/2025 5:05,0.264
22/01/2025 5:10,0.276
22/01/2025 5:15,0.3
22/01/2025 5:20,0.348
22/01/2025 5:25,0.3
22/01/2025 5:30,0.324
22/01/2025 5:35,0.24
22/01/2025 5:40,0.2279999999999999
22/01/2025 5:45,0.24
22/01/2025 5:50,0.096
22/01/2025 5:55,0.012
22/01/2025 6:00,0.0
22/01/2025 6:05,0.012
22/01/2025 6:10,0.0
22/01/2025 6:15,0.0
22/01/2025 6:20,0.0
22/01/2025 6:25,0.0
22/01/2025 6:30,0.0
22/01/2025 6:35,0.0
22/01/2025 6:40,0.0
22/01/2025 6:45,0.0
22/01/2025 6:50,0.0
22/01/2025 6:55,0.0
22/01/2025 7:00,0.0
22/01/2025 7:05,0.0
22/01/2025 7:10,0.0
22/01/2025 7:15,0.0
22/01/2025 7:20,0.0
22/01/2025 7:25,0.0
22/01/2025 7:30,0.0
22/01/2025 7:35,0.0
22/01/2025 7:40,0.0
22/01/2025 7:45,0.0
22/01/2025 7:50,0.0
22/01/2025 7:55,0.0
22/01/2025 8:00,0.0
22/01/2025 8:05,0.0
22/01/2025 8:10,0.0
22/01/2025 8:15,0.0
22/01/2025 8:20,0.0
22/01/2025 8:25,0.0
22/01/2025 8:30,0.0
22/01/2025 8:35,0.0
22/01/2025 8:40,0.0
22/01/2025 8:45,0.0
22/01/2025 8:50,0.0
22/01/2025 8:55,0.0
22/01/2025 9:00,0.0
22/01/2025 9:05,0.0
22/01/2025 9:10,0.0
22/01/2025 9:15,0.0
22/01/2025 9:20,0.0
22/01/2025 9:25,0.0
22/01/2025 9:30,0.0
22/01/2025 9:35,0.0
22/01/2025 9:40,0.0
22/01/2025 9:45,0.0
22/01/2025 9:50,0.0
22/01/2025 9:55,0.0
22/01/2025 10:00,0.0
22/01/2025 10:05,0.0
22/01/2025 10:10,0.0
22/01/2025 10:15,0.0
22/01/2025 10:20,0.0
22/01/2025 10:25,0.0
22/01/2025 10:30,0.0
22/01/2025 10:35,0.0
22/01/2025 10:40,0.0
22/01/2025 10:45,0.0
22/01/2025 10:50,0.0
22/01/2025 10:55,0.0
22/01/2025 11:00,0.0
22/01/2025 11:05,0.0
22/01/2025 11:10,0.0
22/01/2025 11:15,0.0
22/01/2025 11:20,0.0
22/01/2025 11:25,0.0
22/01/2025 11:30,0.0
22/01/2025 11:35,0.0
22/01/2025 11:40,0.0
22/01/2025 11:45,0.0
22/01/2025 11:50,0.0
22/01/2025 11:55,0.0
22/01/2025 12:00,0.0
22/01/2025 12:05,0.0
22/01/2025 12:10,0.0
22/01/2025 12:15,0.0
22/01/2025 12:20,0.0
22/01/2025 12:25,0.0
22/01/2025 12:30,0.0
22/01/2025 12:35,0.0
22/01/2025 12:40,0.0
22/01/2025 12:45,0.0
22/01/2025 12:50,0.0
22/01/2025 12:55,0.0
22/01/2025 13:00,0.012
22/01/2025 13:05,0.0
22/01/2025 13:10,0.0
22/01/2025 13:15,0.0
22/01/2025 13:20,0.0
22/01/2025 13:25,0.0
22/01/2025 13:30,0.0
22/01/2025 13:35,0.0
22/01/2025 13:40,0.0
22/01/2025 13:45,0.0
22/01/2025 13:50,0.0
22/01/2025 13:55,0.0
22/01/2025 14:00,0.0
22/01/2025 14:05,0.0
22/01/2025 14:10,0.0
22/01/2025 14:15,0.0
22/01/2025 14:20,0.0
22/01/2025 14:25,0.0
22/01/2025 14:30,0.0
22/01/2025 14:35,0.0
22/01/2025 14:40,0.0
22/01/2025 14:45,0.0
22/01/2025 14:50,0.0
22/01/2025 14:55,0.0
22/01/2025 15:00,0.0
22/01/2025 15:05,0.0
22/01/2025 15:10,0.0
22/01/2025 15:15,0.0
22/01/2025 15:20,0.0
22/01/2025 15:25,0.0
22/01/2025 15:30,0.0
22/01/2025 15:35,0.0
22/01/2025 15:40,0.0
22/01/2025 15:45,0.0
22/01/2025 15:50,0.0
22/01/2025 15:55,0.0
22/01/2025 16:00,0.0
22/01/2025 16:05,0.0
22/01/2025 16:10,0.0
22/01/2025 16:15,0.0
22/01/2025 16:20,0.0
22/01/2025 16:25,0.0
22/01/2025 16:30,0.0
22/01/2025 16:35,0.0
22/01/2025 16:40,0.048
22/01/2025 16:45,0.18
22/01/2025 16:50,0.084
22/01/2025 16:55,0.0
22/01/2025 17:00,0.0
22/01/2025 17:05,0.012
22/01/2025 17:10,0.096
22/01/2025 17:15,0.0
22/01/2025 17:20,0.0
22/01/2025 17:25,0.0
22/01/2025 17:30,0.0
22/01/2025 17:35,0.0
22/01/2025 17:40,0.0
22/01/2025 17:45,0.0
22/01/2025 17:50,0.012
22/01/2025 17:55,0.012
22/01/2025 18:00,0.024
22/01/2025 18:05,0.132
22/01/2025 18:10,0.192
22/01/2025 18:15,0.24
22/01/2025 18:20,0.252
22/01/2025 18:25,0.288
22/01/2025 18:30,0.2279999999999999
22/01/2025 18:35,0.3
22/01/2025 18:40,0.36
22/01/2025 18:45,0.3
22/01/2025 18:50,0.288
22/01/2025 18:55,0.288
22/01/2025 19:00,0.516
22/01/2025 19:05,0.5760000000000001
22/01/2025 19:10,0.492
22/01/2025 19:15,0.312
22/01/2025 19:20,0.372
22/01/2025 19:25,0.396
22/01/2025 19:30,0.36
22/01/2025 19:35,0.312
22/01/2025 19:40,0.3
22/01/2025 19:45,0.408
22/01/2025 19:50,0.42
22/01/2025 19:55,0.312
22/01/2025 20:00,0.3
22/01/2025 20:05,0.288
22/01/2025 20:10,0.36
22/01/2025 20:15,0.42
22/01/2025 20:20,0.312
22/01/2025 20:25,0.288
22/01/2025 20:30,0.312
22/01/2025 20:35,0.372
22/01/2025 20:40,0.324
22/01/2025 20:45,0.3
22/01/2025 20:50,0.36
22/01/2025 20:55,0.336
22/01/2025 21:00,0.36
22/01/2025 21:05,0.288
22/01/2025 21:10,0.276
22/01/2025 21:15,0.276
22/01/2025 21:20,0.4439999999999999
22/01/2025 21:25,0.348
22/01/2025 21:30,0.276
22/01/2025 21:35,0.276
22/01/2025 21:40,0.288
22/01/2025 21:45,0.348
22/01/2025 21:50,0.396
22/01/2025 21:55,0.288
22/01/2025 22:00,0.264
22/01/2025 22:05,0.324
22/01/2025 22:10,0.348
22/01/2025 22:15,0.3
22/01/2025 22:20,0.312
22/01/2025 22:25,0.324
22/01/2025 22:30,0.336
22/01/2025 22:35,0.348
22/01/2025 22:40,0.264
22/01/2025 22:45,0.276
22/01/2025 22:50,0.276
22/01/2025 22:55,0.4439999999999999
22/01/2025 23:00,0.312
22/01/2025 23:05,0.264
22/01/2025 23:10,0.276
22/01/2025 23:15,0.3
22/01/2025 23:20,0.348
22/01/2025 23:25,0.348
22/01/2025 23:30,0.312
22/01/2025 23:35,0.264
22/01/2025 23:40,0.324
22/01/2025 23:45,0.348
22/01/2025 23:50,0.264
22/01/2025 23:55,0.288
23/01/2025 0:00,0.324
23/01/2025 0:05,0.348
23/01/2025 0:10,0.324
23/01/2025 0:15,0.264
23/01/2025 0:20,0.264
23/01/2025 0:25,0.288
23/01/2025 0:30,0.4319999999999999
23/01/2025 0:35,0.312
23/01/2025 0:40,0.264
23/01/2025 0:45,0.264
23/01/2025 0:50,0.312
23/01/2025 0:55,0.348
23/01/2025 1:00,0.288
23/01/2025 1:05,0.36
23/01/2025 1:10,0.264
23/01/2025 1:15,0.336
23/01/2025 1:20,0.348
23/01/2025 1:25,0.264
23/01/2025 1:30,0.264
23/01/2025 1:35,0.3
23/01/2025 1:40,0.408
23/01/2025 1:45,0.324
23/01/2025 1:50,0.264
23/01/2025 1:55,0.264
23/01/2025 2:00,0.288
23/01/2025 2:05,0.36
23/01/2025 2:10,0.348
23/01/2025 2:15,0.3
23/01/2025 2:20,0.264
23/01/2025 2:25,0.324
23/01/2025 2:30,0.348
23/01/2025 2:35,0.276
23/01/2025 2:40,0.276
23/01/2025 2:45,0.324
23/01/2025 2:50,0.36
23/01/2025 2:55,0.348
23/01/2025 3:00,0.264
23/01/2025 3:05,0.276
23/01/2025 3:10,0.264
23/01/2025 3:15,0.36
23/01/2025 3:20,0.396
23/01/2025 3:25,0.276
23/01/2025 3:30,0.264
23/01/2025 3:35,0.288
23/01/2025 3:40,0.348
23/01/2025 3:45,0.312
23/01/2025 3:50,0.276
23/01/2025 3:55,0.348
23/01/2025 4:00,0.3
23/01/2025 4:05,0.348
23/01/2025 4:10,0.288
23/01/2025 4:15,0.276
23/01/2025 4:20,0.264
23/01/2025 4:25,0.324
23/01/2025 4:30,0.4319999999999999
23/01/2025 4:35,0.264
23/01/2025 4:40,0.264
23/01/2025 4:45,0.276
23/01/2025 4:50,0.336
23/01/2025 4:55,0.336
23/01/2025 5:00,0.276
23/01/2025 5:05,0.336
23/01/2025 5:10,0.276
23/01/2025 5:15,0.348
23/01/2025 5:20,0.324
23/01/2025 5:25,0.264
23/01/2025 5:30,0.264
23/01/2025 5:35,0.24
23/01/2025 5:40,0.36
23/01/2025 5:45,0.204
23/01/2025 5:50,0.144
23/01/2025 5:55,0.036
23/01/2025 6:00,0.06
23/01/2025 6:05,0.132
23/01/2025 6:10,0.144
23/01/2025 6:15,0.144
23/01/2025 6:20,0.012
23/01/2025 6:25,0.0
23/01/2025 6:30,0.0
23/01/2025 6:35,0.0
23/01/2025 6:40,0.0
23/01/2025 6:45,0.0
23/01/2025 6:50,0.024
23/01/2025 6:55,0.0
23/01/2025 7:00,0.0
23/01/2025 7:05,0.0
23/01/2025 7:10,0.0
23/01/2025 7:15,0.0
23/01/2025 7:20,0.012
23/01/2025 7:25,0.0
23/01/2025 7:30,0.0
23/01/2025 7:35,0.0
23/01/2025 7:40,0.0
23/01/2025 7:45,0.0
23/01/2025 7:50,0.0
23/01/2025 7:55,0.0
23/01/2025 8:00,0.0
23/01/2025 8:05,0.0
23/01/2025 8:10,0.0
23/01/2025 8:15,0.0
23/01/2025 8:20,0.0
23/01/2025 8:25,0.0
23/01/2025 8:30,0.0
23/01/2025 8:35,0.0
23/01/2025 8:40,0.0
23/01/2025 8:45,0.0
23/01/2025 8:50,0.0
23/01/2025 8:55,0.0
23/01/2025 9:00,0.0
23/01/2025 9:05,0.0
23/01/2025 9:10,0.0
23/01/2025 9:15,0.0
23/01/2025 9:20,0.0
23/01/2025 9:25,0.0
23/01/2025 9:30,0.0
23/01/2025 9:35,0.0
23/01/2025 9:40,0.0
23/01/2025 9:45,0.0
23/01/2025 9:50,0.0
23/01/2025 9:55,0.0
23/01/2025 10:00,0.0
23/01/2025 10:05,0.0
23/01/2025 10:10,0.0
23/01/2025 10:15,0.0
23/01/2025 10:20,0.0
23/01/2025 10:25,0.0
23/01/2025 10:30,0.0
23/01/2025 10:35,0.0
23/01/2025 10:40,0.0
23/01/2025 10:45,0.0
23/01/2025 10:50,0.0
23/01/2025 10:55,0.0
23/01/2025 11:00,0.0
23/01/2025 11:05,0.0
23/01/2025 11:10,0.0
23/01/2025 11:15,0.0
23/01/2025 11:20,0.0
23/01/2025 11:25,0.0
23/01/2025 11:30,0.0
23/01/2025 11:35,0.0
23/01/2025 11:40,0.0
23/01/2025 11:45,0.0
23/01/2025 11:50,0.0
23/01/2025 11:55,0.0
23/01/2025 12:00,0.0
23/01/2025 12:05,0.0
23/01/2025 12:10,0.0
23/01/2025 12:15,0.0
23/01/2025 12:20,0.0
23/01/2025 12:25,0.0
23/01/2025 12:30,0.0
23/01/2025 12:35,0.0
23/01/2025 12:40,0.0
23/01/2025 12:45,0.0
23/01/2025 12:50,0.0
23/01/2025 12:55,0.0
23/01/2025 13:00,0.0
23/01/2025 13:05,0.0
23/01/2025 13:10,0.0
23/01/2025 13:15,0.0
23/01/2025 13:20,0.0
23/01/2025 13:25,0.0
23/01/2025 13:30,0.0
23/01/2025 13:35,0.0
23/01/2025 13:40,0.0
23/01/2025 13:45,0.0
23/01/2025 13:50,0.0
23/01/2025 13:55,0.0
23/01/2025 14:00,0.0
23/01/2025 14:05,0.0
23/01/2025 14:10,0.0
23/01/2025 14:15,0.0
23/01/2025 14:20,0.0
23/01/2025 14:25,0.0
23/01/2025 14:30,0.0
23/01/2025 14:35,0.0
23/01/2025 14:40,0.0
23/01/2025 14:45,0.0
23/01/2025 14:50,0.0
23/01/2025 14:55,0.0
23/01/2025 15:00,0.0
23/01/2025 15:05,0.0
23/01/2025 15:10,0.0
23/01/2025 15:15,0.0
23/01/2025 15:20,0.0
23/01/2025 15:25,0.0
23/01/2025 15:30,0.0
23/01/2025 15:35,0.0
23/01/2025 15:40,0.0
23/01/2025 15:45,0.0
23/01/2025 15:50,0.0
23/01/2025 15:55,0.0
23/01/2025 16:00,0.0
23/01/2025 16:05,0.0
23/01/2025 16:10,0.0
23/01/2025 16:15,0.0
23/01/2025 16:20,0.0
23/01/2025 16:25,0.0
23/01/2025 16:30,0.0
23/01/2025 16:35,0.0
23/01/2025 16:40,0.0
23/01/2025 16:45,0.0
23/01/2025 16:50,0.0
23/01/2025 16:55,0.0
23/01/2025 17:00,0.0
23/01/2025 17:05,0.0
23/01/2025 17:10,0.0
23/01/2025 17:15,0.0
23/01/2025 17:20,0.0
23/01/2025 17:25,0.084
23/01/2025 17:30,0.012
23/01/2025 17:35,0.0
23/01/2025 17:40,0.0
23/01/2025 17:45,0.036
23/01/2025 17:50,0.06
23/01/2025 17:55,0.048
23/01/2025 18:00,0.1079999999999999
23/01/2025 18:05,0.12
23/01/2025 18:10,0.204
23/01/2025 18:15,0.192
23/01/2025 18:20,0.168
23/01/2025 18:25,0.168
23/01/2025 18:30,0.336
23/01/2025 18:35,0.3
23/01/2025 18:40,0.252
23/01/2025 18:45,0.264
23/01/2025 18:50,0.276
23/01/2025 18:55,0.348
23/01/2025 19:00,0.36
23/01/2025 19:05,0.324
23/01/2025 19:10,0.264
23/01/2025 19:15,0.288
23/01/2025 19:20,0.348
23/01/2025 19:25,0.312
23/01/2025 19:30,0.264
23/01/2025 19:35,0.336
23/01/2025 19:40,0.336
23/01/2025 19:45,0.348
23/01/2025 19:50,0.288
23/01/2025 19:55,0.264
23/01/2025 20:00,0.264
23/01/2025 20:05,0.36
23/01/2025 20:10,0.408
23/01/2025 20:15,0.276
23/01/2025 20:20,0.264
23/01/2025 20:25,0.288
23/01/2025 20:30,0.348
23/01/2025 20:35,0.324
23/01/2025 20:40,0.324
23/01/2025 20:45,0.3
23/01/2025 20:50,0.3
23/01/2025 20:55,0.348
23/01/2025 21:00,0.3
23/01/2025 21:05,0.264
23/01/2025 21:10,0.264
23/01/2025 21:15,0.396
23/01/2025 21:20,0.372
23/01/2025 21:25,0.264
23/01/2025 21:30,0.276
23/01/2025 21:35,0.264
23/01/2025 21:40,0.348
23/01/2025 21:45,0.348
23/01/2025 21:50,0.348
23/01/2025 21:55,0.276
23/01/2025 22:00,0.288
23/01/2025 22:05,0.36
23/01/2025 22:10,0.312
23/01/2025 22:15,0.276
23/01/2025 22:20,0.288
23/01/2025 22:25,0.384
23/01/2025 22:30,0.36
23/01/2025 22:35,0.3
23/01/2025 22:40,0.264
23/01/2025 22:45,0.276
23/01/2025 22:50,0.336
23/01/2025 22:55,0.408
23/01/2025 23:00,0.3
23/01/2025 23:05,0.276
23/01/2025 23:10,0.276
23/01/2025 23:15,0.348
23/01/2025 23:20,0.3
23/01/2025 23:25,0.2279999999999999
23/01/2025 23:30,0.324
23/01/2025 23:35,0.264
23/01/2025 23:40,0.324
23/01/2025 23:45,0.288
23/01/2025 23:50,0.276
23/01/2025 23:55,0.276
24/01/2025 0:00,0.36
24/01/2025 0:05,0.408
24/01/2025 0:10,0.276
24/01/2025 0:15,0.264
24/01/2025 0:20,0.264
24/01/2025 0:25,0.348
24/01/2025 0:30,0.336
24/01/2025 0:35,0.324
24/01/2025 0:40,0.288
24/01/2025 0:45,0.288
24/01/2025 0:50,0.348
24/01/2025 0:55,0.312
24/01/2025 1:00,0.264
24/01/2025 1:05,0.276
24/01/2025 1:10,0.396
24/01/2025 1:15,0.36
24/01/2025 1:20,0.288
24/01/2025 1:25,0.264
24/01/2025 1:30,0.264
24/01/2025 1:35,0.324
24/01/2025 1:40,0.384
24/01/2025 1:45,0.312
24/01/2025 1:50,0.276
24/01/2025 1:55,0.264
24/01/2025 2:00,0.348
24/01/2025 2:05,0.336
24/01/2025 2:10,0.264
24/01/2025 2:15,0.348
24/01/2025 2:20,0.3
24/01/2025 2:25,0.36
24/01/2025 2:30,0.3
24/01/2025 2:35,0.276
24/01/2025 2:40,0.264
24/01/2025 2:45,0.324
24/01/2025 2:50,0.4439999999999999
24/01/2025 2:55,0.276
24/01/2025 3:00,0.276
24/01/2025 3:05,0.264
24/01/2025 3:10,0.348
24/01/2025 3:15,0.324
24/01/2025 3:20,0.276
24/01/2025 3:25,0.276
24/01/2025 3:30,0.24
24/01/2025 3:35,0.324
24/01/2025 3:40,0.336
24/01/2025 3:45,0.4319999999999999
24/01/2025 3:50,0.4319999999999999
24/01/2025 3:55,0.504
24/01/2025 4:00,0.324
24/01/2025 4:05,0.336
24/01/2025 4:10,0.384
24/01/2025 4:15,0.36
24/01/2025 4:20,0.372
24/01/2025 4:25,0.348
24/01/2025 4:30,0.372
24/01/2025 4:35,0.264
24/01/2025 4:40,0.3
24/01/2025 4:45,0.36
24/01/2025 4:50,0.324
24/01/2025 4:55,0.264
24/01/2025 5:00,0.276
24/01/2025 5:05,0.396
24/01/2025 5:10,0.348
24/01/2025 5:15,0.276
24/01/2025 5:20,0.264
24/01/2025 5:25,0.264
24/01/2025 5:30,0.348
24/01/2025 5:35,0.312
24/01/2025 5:40,0.24
24/01/2025 5:45,0.156
24/01/2025 5:50,0.132
24/01/2025 5:55,0.132
24/01/2025 6:00,0.048
24/01/2025 6:05,0.0
24/01/2025 6:10,0.036
24/01/2025 6:15,0.012
24/01/2025 6:20,0.0
24/01/2025 6:25,0.0
24/01/2025 6:30,0.0
24/01/2025 6:35,0.0
24/01/2025 6:40,0.0
24/01/2025 6:45,0.024
24/01/2025 6:50,0.0
24/01/2025 6:55,0.0
24/01/2025 7:00,0.012
24/01/2025 7:05,0.0
24/01/2025 7:10,0.0
24/01/2025 7:15,0.0
24/01/2025 7:20,0.0
24/01/2025 7:25,0.0
24/01/2025 7:30,0.0
24/01/2025 7:35,0.0
24/01/2025 7:40,0.0
24/01/2025 7:45,0.0
24/01/2025 7:50,0.0
24/01/2025 7:55,0.0
24/01/2025 8:00,0.0
24/01/2025 8:05,0.0
24/01/2025 8:10,0.0
24/01/2025 8:15,0.0
24/01/2025 8:20,0.0
24/01/2025 8:25,0.0
24/01/2025 8:30,0.0
24/01/2025 8:35,0.0
24/01/2025 8:40,0.0
24/01/2025 8:45,0.0
24/01/2025 8:50,0.0
24/01/2025 8:55,0.0
24/01/2025 9:00,0.0
24/01/2025 9:05,0.0
24/01/2025 9:10,0.0
24/01/2025 9:15,0.0
24/01/2025 9:20,0.0
24/01/2025 9:25,0.0
24/01/2025 9:30,0.0
24/01/2025 9:35,0.0
24/01/2025 9:40,0.0
24/01/2025 9:45,0.0
24/01/2025 9:50,0.0
24/01/2025 9:55,0.0
24/01/2025 10:00,0.0
24/01/2025 10:05,0.0
24/01/2025 10:10,0.0
24/01/2025 10:15,0.0
24/01/2025 10:20,0.0
24/01/2025 10:25,0.0
24/01/2025 10:30,0.0
24/01/2025 10:35,0.0
24/01/2025 10:40,0.0
24/01/2025 10:45,0.0
24/01/2025 10:50,0.0
24/01/2025 10:55,0.0
24/01/2025 11:00,0.0
24/01/2025 11:05,0.0
24/01/2025 11:10,0.0
24/01/2025 11:15,0.0
24/01/2025 11:20,0.0
24/01/2025 11:25,0.0
24/01/2025 11:30,0.0
24/01/2025 11:35,0.0
24/01/2025 11:40,0.0
24/01/2025 11:45,0.0
24/01/2025 11:50,0.0
24/01/2025 11:55,0.0
24/01/2025 12:00,0.0
24/01/2025 12:05,0.0
24/01/2025 12:10,0.0
24/01/2025 12:15,0.0
24/01/2025 12:20,0.0
24/01/2025 12:25,0.0
24/01/2025 12:30,0.0
24/01/2025 12:35,0.0
24/01/2025 12:40,0.0
24/01/2025 12:45,0.0
24/01/2025 12:50,0.0
24/01/2025 12:55,0.0
24/01/2025 13:00,0.0
24/01/2025 13:05,0.0
24/01/2025 13:10,0.0
24/01/2025 13:15,0.0
24/01/2025 13:20,0.0
24/01/2025 13:25,0.0
24/01/2025 13:30,0.0
24/01/2025 13:35,0.0
24/01/2025 13:40,0.0
24/01/2025 13:45,0.0
24/01/2025 13:50,0.0
24/01/2025 13:55,0.0
24/01/2025 14:00,0.0
24/01/2025 14:05,0.0
24/01/2025 14:10,0.0
24/01/2025 14:15,0.0
24/01/2025 14:20,0.0
24/01/2025 14:25,0.0
24/01/2025 14:30,0.0
24/01/2025 14:35,0.0
24/01/2025 14:40,0.0
24/01/2025 14:45,0.0
24/01/2025 14:50,0.0
24/01/2025 14:55,0.0
24/01/2025 15:00,0.0
24/01/2025 15:05,0.0
24/01/2025 15:10,0.0
24/01/2025 15:15,0.0
24/01/2025 15:20,0.0
24/01/2025 15:25,0.0
24/01/2025 15:30,0.0
24/01/2025 15:35,0.0
24/01/2025 15:40,0.0
24/01/2025 15:45,0.0
24/01/2025 15:50,0.0
24/01/2025 15:55,0.0
24/01/2025 16:00,0.0
24/01/2025 16:05,0.0
24/01/2025 16:10,0.0
24/01/2025 16:15,0.0
24/01/2025 16:20,0.0
24/01/2025 16:25,0.0
24/01/2025 16:30,0.0
24/01/2025 16:35,0.0
24/01/2025 16:40,0.0
24/01/2025 16:45,0.0
24/01/2025 16:50,0.0
24/01/2025 16:55,0.0
24/01/2025 17:00,0.0
24/01/2025 17:05,0.0
24/01/2025 17:10,0.0
24/01/2025 17:15,0.0
24/01/2025 17:20,0.0
24/01/2025 17:25,0.0
24/01/2025 17:30,0.012
24/01/2025 17:35,0.0
24/01/2025 17:40,0.0
24/01/2025 17:45,0.0
24/01/2025 17:50,0.0
24/01/2025 17:55,0.0
24/01/2025 18:00,0.0
24/01/2025 18:05,0.012
24/01/2025 18:10,0.012
24/01/2025 18:15,0.0
24/01/2025 18:20,0.012
24/01/2025 18:25,0.048
24/01/2025 18:30,0.012
24/01/2025 18:35,0.048
24/01/2025 18:40,0.192
24/01/2025 18:45,0.24
24/01/2025 18:50,0.252
24/01/2025 18:55,0.2279999999999999
24/01/2025 19:00,0.252
24/01/2025 19:05,0.324
24/01/2025 19:10,0.384
24/01/2025 19:15,0.348
24/01/2025 19:20,0.264
24/01/2025 19:25,0.276
24/01/2025 19:30,0.336
24/01/2025 19:35,0.336
24/01/2025 19:40,0.24
24/01/2025 19:45,0.288
24/01/2025 19:50,0.264
24/01/2025 19:55,0.324
24/01/2025 20:00,0.288
24/01/2025 20:05,0.276
24/01/2025 20:10,0.276
24/01/2025 20:15,0.312
24/01/2025 20:20,0.408
24/01/2025 20:25,0.336
24/01/2025 20:30,0.276
24/01/2025 20:35,0.264
24/01/2025 20:40,0.312
24/01/2025 20:45,0.36
24/01/2025 20:50,0.276
24/01/2025 20:55,0.324
24/01/2025 21:00,0.288
24/01/2025 21:05,0.336
24/01/2025 21:10,0.336
24/01/2025 21:15,0.252
24/01/2025 21:20,0.264
24/01/2025 21:25,0.276
24/01/2025 21:30,0.4319999999999999
24/01/2025 21:35,0.312
24/01/2025 21:40,0.264
24/01/2025 21:45,0.264
24/01/2025 21:50,0.288
24/01/2025 21:55,0.36
24/01/2025 22:00,0.3
24/01/2025 22:05,0.348
24/01/2025 22:10,0.264
24/01/2025 22:15,0.324
24/01/2025 22:20,0.36
24/01/2025 22:25,0.276
24/01/2025 22:30,0.264
24/01/2025 22:35,0.288
24/01/2025 22:40,0.408
24/01/2025 22:45,0.348
24/01/2025 22:50,0.264
24/01/2025 22:55,0.264
24/01/2025 23:00,0.276
24/01/2025 23:05,0.324
24/01/2025 23:10,0.3
24/01/2025 23:15,0.3
24/01/2025 23:20,0.2279999999999999
24/01/2025 23:25,0.264
24/01/2025 23:30,0.336
24/01/2025 23:35,0.312
24/01/2025 23:40,0.276
24/01/2025 23:45,0.288
24/01/2025 23:50,0.384
24/01/2025 23:55,0.348
25/01/2025 0:00,0.288
25/01/2025 0:05,0.264
25/01/2025 0:10,0.264
25/01/2025 0:15,0.336
25/01/2025 0:20,0.384
25/01/2025 0:25,0.312
25/01/2025 0:30,0.276
25/01/2025 0:35,0.264
25/01/2025 0:40,0.348
25/01/2025 0:45,0.324
25/01/2025 0:50,0.264
25/01/2025 0:55,0.3
25/01/2025 1:00,0.336
25/01/2025 1:05,0.36
25/01/2025 1:10,0.3
25/01/2025 1:15,0.264
25/01/2025 1:20,0.264
25/01/2025 1:25,0.312
25/01/2025 1:30,0.396
25/01/2025 1:35,0.336
25/01/2025 1:40,0.264
25/01/2025 1:45,0.264
25/01/2025 1:50,0.336
25/01/2025 1:55,0.348
25/01/2025 2:00,0.264
25/01/2025 2:05,0.264
25/01/2025 2:10,0.288
25/01/2025 2:15,0.3
25/01/2025 2:20,0.312
25/01/2025 2:25,0.2279999999999999
25/01/2025 2:30,0.264
25/01/2025 2:35,0.288
25/01/2025 2:40,0.384
25/01/2025 2:45,0.384
25/01/2025 2:50,0.264
25/01/2025 2:55,0.264
25/01/2025 3:00,0.3
25/01/2025 3:05,0.348
25/01/2025 3:10,0.3
25/01/2025 3:15,0.3
25/01/2025 3:20,0.312
25/01/2025 3:25,0.312
25/01/2025 3:30,0.348
25/01/2025 3:35,0.288
25/01/2025 3:40,0.264
25/01/2025 3:45,0.264
25/01/2025 3:50,0.336
25/01/2025 3:55,0.42
25/01/2025 4:00,0.264
25/01/2025 4:05,0.264
25/01/2025 4:10,0.264
25/01/2025 4:15,0.348
25/01/2025 4:20,0.336
25/01/2025 4:25,0.264
25/01/2025 4:30,0.348
25/01/2025 4:35,0.276
25/01/2025 4:40,0.348
25/01/2025 4:45,0.288
25/01/2025 4:50,0.24
25/01/2025 4:55,0.2279999999999999
25/01/2025 5:00,0.252
25/01/2025 5:05,0.36
25/01/2025 5:10,0.312
25/01/2025 5:15,0.264
25/01/2025 5:20,0.276
25/01/2025 5:25,0.3
25/01/2025 5:30,0.324
25/01/2025 5:35,0.204
25/01/2025 5:40,0.18
25/01/2025 5:45,0.204
25/01/2025 5:50,0.132
25/01/2025 5:55,0.144
25/01/2025 6:00,0.036
25/01/2025 6:05,0.0
25/01/2025 6:10,0.0
25/01/2025 6:15,0.0
25/01/2025 6:20,0.012
25/01/2025 6:25,0.0
25/01/2025 6:30,0.0
25/01/2025 6:35,0.0
25/01/2025 6:40,0.0
25/01/2025 6:45,0.0
25/01/2025 6:50,0.0
25/01/2025 6:55,0.0
25/01/2025 7:00,0.0
25/01/2025 7:05,0.0
25/01/2025 7:10,0.0
25/01/2025 7:15,0.0
25/01/2025 7:20,0.0
25/01/2025 7:25,0.012
25/01/2025 7:30,0.0
25/01/2025 7:35,0.0
25/01/2025 7:40,0.0
25/01/2025 7:45,0.0
25/01/2025 7:50,0.0
25/01/2025 7:55,0.0
25/01/2025 8:00,0.0
25/01/2025 8:05,0.0
25/01/2025 8:10,0.0
25/01/2025 8:15,0.0
25/01/2025 8:20,0.0
25/01/2025 8:25,0.0
25/01/2025 8:30,0.0
25/01/2025 8:35,0.0
25/01/2025 8:40,0.0
25/01/2025 8:45,0.0
25/01/2025 8:50,0.0
25/01/2025 8:55,0.0
25/01/2025 9:00,0.0
25/01/2025 9:05,0.0
25/01/2025 9:10,0.0
25/01/2025 9:15,0.0
25/01/2025 9:20,0.0
25/01/2025 9:25,0.0
25/01/2025 9:30,0.0
25/01/2025 9:35,0.0
25/01/2025 9:40,0.0
25/01/2025 9:45,0.0
25/01/2025 9:50,0.0
25/01/2025 9:55,0.0
25/01/2025 10:00,0.0
25/01/2025 10:05,0.0
25/01/2025 10:10,0.0
25/01/2025 10:15,0.0
25/01/2025 10:20,0.0
25/01/2025 10:25,0.0
25/01/2025 10:30,0.0
25/01/2025 10:35,0.0
25/01/2025 10:40,0.0
25/01/2025 10:45,0.0
25/01/2025 10:50,0.0
25/01/2025 10:55,0.0
25/01/2025 11:00,0.0
25/01/2025 11:05,0.0
25/01/2025 11:10,0.0
25/01/2025 11:15,0.0
25/01/2025 11:20,0.0
25/01/2025 11:25,0.0
25/01/2025 11:30,0.0
25/01/2025 11:35,0.0
25/01/2025 11:40,0.0
25/01/2025 11:45,0.0
25/01/2025 11:50,0.0
25/01/2025 11:55,0.0
25/01/2025 12:00,0.0
25/01/2025 12:05,0.0
25/01/2025 12:10,0.0
25/01/2025 12:15,0.0
25/01/2025 12:20,0.0
25/01/2025 12:25,0.0
25/01/2025 12:30,0.0
25/01/2025 12:35,0.0
25/01/2025 12:40,0.0
25/01/2025 12:45,0.0
25/01/2025 12:50,0.0
25/01/2025 12:55,0.0
25/01/2025 13:00,0.0
25/01/2025 13:05,0.0
25/01/2025 13:10,0.0
25/01/2025 13:15,0.0
25/01/2025 13:20,0.0
25/01/2025 13:25,0.0
25/01/2025 13:30,0.0
25/01/2025 13:35,0.0
25/01/2025 13:40,0.0
25/01/2025 13:45,0.0
25/01/2025 13:50,0.0
25/01/2025 13:55,0.0
25/01/2025 14:00,0.0
25/01/2025 14:05,0.0
25/01/2025 14:10,0.0
25/01/2025 14:15,0.0
25/01/2025 14:20,0.0
25/01/2025 14:25,0.0
25/01/2025 14:30,0.0
25/01/2025 14:35,0.0
25/01/2025 14:40,0.0
25/01/2025 14:45,0.0
25/01/2025 14:50,0.0
25/01/2025 14:55,0.0
25/01/2025 15:00,0.0
25/01/2025 15:05,0.0
25/01/2025 15:10,0.0
25/01/2025 15:15,0.0
25/01/2025 15:20,0.0
25/01/2025 15:25,0.0
25/01/2025 15:30,0.0
25/01/2025 15:35,0.0
25/01/2025 15:40,0.0
25/01/2025 15:45,0.0
25/01/2025 15:50,0.0
25/01/2025 15:55,0.0
25/01/2025 16:00,0.0
25/01/2025 16:05,0.0
25/01/2025 16:10,0.0
25/01/2025 16:15,0.0
25/01/2025 16:20,0.3
25/01/2025 16:25,0.0
25/01/2025 16:30,0.0
25/01/2025 16:35,0.0
25/01/2025 16:40,0.0
25/01/2025 16:45,0.0
25/01/2025 16:50,0.0
25/01/2025 16:55,0.8160000000000001
25/01/2025 17:00,0.4559999999999999
25/01/2025 17:05,0.672
25/01/2025 17:10,0.324
25/01/2025 17:15,0.2159999999999999
25/01/2025 17:20,0.0
25/01/2025 17:25,0.0
25/01/2025 17:30,0.0
25/01/2025 17:35,0.24
25/01/2025 17:40,0.0
25/01/2025 17:45,0.0
25/01/2025 17:50,0.372
25/01/2025 17:55,3.132
25/01/2025 18:00,2.724
25/01/2025 18:05,0.996
25/01/2025 18:10,2.3280000000000003
25/01/2025 18:15,1.404
25/01/2025 18:20,1.6919999999999995
25/01/2025 18:25,0.984
25/01/2025 18:30,0.792
25/01/2025 18:35,0.648
25/01/2025 18:40,0.66
25/01/2025 18:45,0.6960000000000001
25/01/2025 18:50,0.6960000000000001
25/01/2025 18:55,0.612
25/01/2025 19:00,0.648
25/01/2025 19:05,0.612
25/01/2025 19:10,0.624
25/01/2025 19:15,0.5640000000000001
25/01/2025 19:20,0.552
25/01/2025 19:25,0.912
25/01/2025 19:30,1.1880000000000002
25/01/2025 19:35,1.344
25/01/2025 19:40,1.596
25/01/2025 19:45,3.0
25/01/2025 19:50,3.588
25/01/2025 19:55,1.368
25/01/2025 20:00,1.392
25/01/2025 20:05,3.3720000000000003
25/01/2025 20:10,2.3760000000000003
25/01/2025 20:15,2.364
25/01/2025 20:20,3.3720000000000003
25/01/2025 20:25,1.596
25/01/2025 20:30,1.584
25/01/2025 20:35,1.2120000000000002
25/01/2025 20:40,1.1880000000000002
25/01/2025 20:45,1.128
25/01/2025 20:50,1.104
25/01/2025 20:55,1.056
25/01/2025 21:00,2.3040000000000003
25/01/2025 21:05,5.016
25/01/2025 21:10,5.232
25/01/2025 21:15,5.268
25/01/2025 21:20,5.364
25/01/2025 21:25,5.316
25/01/2025 21:30,5.256
25/01/2025 21:35,5.22
25/01/2025 21:40,5.184
25/01/2025 21:45,5.316
25/01/2025 21:50,5.256
25/01/2025 21:55,5.148
25/01/2025 22:00,3.3720000000000003
25/01/2025 22:05,0.924
25/01/2025 22:10,1.008
25/01/2025 22:15,0.924
25/01/2025 22:20,0.8519999999999999
25/01/2025 22:25,0.8639999999999999
25/01/2025 22:30,0.972
25/01/2025 22:35,0.948
25/01/2025 22:40,0.8639999999999999
25/01/2025 22:45,0.612
25/01/2025 22:50,0.2159999999999999
25/01/2025 22:55,0.336
25/01/2025 23:00,0.3
25/01/2025 23:05,0.204
25/01/2025 23:10,0.204
25/01/2025 23:15,0.252
25/01/2025 23:20,0.36
25/01/2025 23:25,0.2279999999999999
25/01/2025 23:30,0.204
25/01/2025 23:35,0.204
25/01/2025 23:40,0.276
25/01/2025 23:45,0.336
25/01/2025 23:50,0.2279999999999999
25/01/2025 23:55,0.204
26/01/2025 0:00,0.2159999999999999
26/01/2025 0:05,0.288
26/01/2025 0:10,0.264
26/01/2025 0:15,0.264
26/01/2025 0:20,0.192
26/01/2025 0:25,0.264
26/01/2025 0:30,0.276
26/01/2025 0:35,0.2159999999999999
26/01/2025 0:40,0.264
26/01/2025 0:45,0.204
26/01/2025 0:50,0.276
26/01/2025 0:55,0.264
26/01/2025 1:00,0.192
26/01/2025 1:05,0.264
26/01/2025 1:10,0.24
26/01/2025 1:15,0.288
26/01/2025 1:20,0.2159999999999999
26/01/2025 1:25,0.204
26/01/2025 1:30,0.264
26/01/2025 1:35,0.276
26/01/2025 1:40,0.264
26/01/2025 1:45,0.204
26/01/2025 1:50,0.192
26/01/2025 1:55,0.288
26/01/2025 2:00,0.288
26/01/2025 2:05,0.24
26/01/2025 2:10,0.192
26/01/2025 2:15,0.2159999999999999
26/01/2025 2:20,0.312
26/01/2025 2:25,0.288
26/01/2025 2:30,0.204
26/01/2025 2:35,0.204
26/01/2025 2:40,0.192
26/01/2025 2:45,0.336
26/01/2025 2:50,0.288
26/01/2025 2:55,0.192
26/01/2025 3:00,0.204
26/01/2025 3:05,0.2279999999999999
26/01/2025 3:10,0.3
26/01/2025 3:15,0.36
26/01/2025 3:20,0.252
26/01/2025 3:25,0.252
26/01/2025 3:30,0.312
26/01/2025 3:35,0.336
26/01/2025 3:40,0.276
26/01/2025 3:45,0.312
26/01/2025 3:50,0.252
26/01/2025 3:55,0.336
26/01/2025 4:00,0.312
26/01/2025 4:05,0.264
26/01/2025 4:10,0.312
26/01/2025 4:15,0.312
26/01/2025 4:20,0.336
26/01/2025 4:25,0.288
26/01/2025 4:30,0.252
26/01/2025 4:35,0.252
26/01/2025 4:40,0.396
26/01/2025 4:45,0.5640000000000001
26/01/2025 4:50,0.276
26/01/2025 4:55,0.252
26/01/2025 5:00,0.3
26/01/2025 5:05,2.088
26/01/2025 5:10,0.8999999999999999
26/01/2025 5:15,0.516
26/01/2025 5:20,0.4679999999999999
26/01/2025 5:25,0.408
26/01/2025 5:30,0.42
26/01/2025 5:35,0.348
26/01/2025 5:40,0.552
26/01/2025 5:45,0.684
26/01/2025 5:50,0.36
26/01/2025 5:55,0.744
26/01/2025 6:00,0.768
26/01/2025 6:05,0.804
26/01/2025 6:10,0.78
26/01/2025 6:15,1.032
26/01/2025 6:20,0.168
26/01/2025 6:25,0.096
26/01/2025 6:30,0.12
26/01/2025 6:35,0.084
26/01/2025 6:40,0.096
26/01/2025 6:45,0.072
26/01/2025 6:50,0.072
26/01/2025 6:55,0.096
26/01/2025 7:00,0.1079999999999999
26/01/2025 7:05,0.0
26/01/2025 7:10,0.0
26/01/2025 7:15,0.0
26/01/2025 7:20,0.0
26/01/2025 7:25,0.0
26/01/2025 7:30,0.0
26/01/2025 7:35,0.0
26/01/2025 7:40,0.0
26/01/2025 7:45,0.0
26/01/2025 7:50,0.0
26/01/2025 7:55,0.0
26/01/2025 8:00,0.0
26/01/2025 8:05,0.0
26/01/2025 8:10,0.0
26/01/2025 8:15,0.0
26/01/2025 8:20,0.0
26/01/2025 8:25,0.0
26/01/2025 8:30,0.0
26/01/2025 8:35,0.0
26/01/2025 8:40,0.0
26/01/2025 8:45,0.0
26/01/2025 8:50,0.0
26/01/2025 8:55,0.0
26/01/2025 9:00,0.0
26/01/2025 9:05,0.0
26/01/2025 9:10,0.0
26/01/2025 9:15,0.0
26/01/2025 9:20,0.0
26/01/2025 9:25,0.0
26/01/2025 9:30,0.0
26/01/2025 9:35,0.0
26/01/2025 9:40,0.0
26/01/2025 9:45,0.0
26/01/2025 9:50,0.0
26/01/2025 9:55,0.0
26/01/2025 10:00,0.0
26/01/2025 10:05,0.168
26/01/2025 10:10,0.012
26/01/2025 10:15,0.312
26/01/2025 10:20,1.104
26/01/2025 10:25,0.732
26/01/2025 10:30,0.324
26/01/2025 10:35,0.252
26/01/2025 10:40,0.264
26/01/2025 10:45,0.408
26/01/2025 10:50,1.512
26/01/2025 10:55,0.4439999999999999
26/01/2025 11:00,0.156
26/01/2025 11:05,0.504
26/01/2025 11:10,2.172
26/01/2025 11:15,0.42
26/01/2025 11:20,0.048
26/01/2025 11:25,0.8400000000000001
26/01/2025 11:30,1.656
26/01/2025 11:35,1.152
26/01/2025 11:40,0.036
26/01/2025 11:45,0.0
26/01/2025 11:50,0.252
26/01/2025 11:55,0.048
26/01/2025 12:00,0.0
26/01/2025 12:05,0.012
26/01/2025 12:10,0.0
26/01/2025 12:15,0.0
26/01/2025 12:20,0.0
26/01/2025 12:25,0.0
26/01/2025 12:30,0.12
26/01/2025 12:35,0.0
26/01/2025 12:40,0.0
26/01/2025 12:45,0.012
26/01/2025 12:50,0.0
26/01/2025 12:55,0.0
26/01/2025 13:00,0.0
26/01/2025 13:05,0.0
26/01/2025 13:10,0.0
26/01/2025 13:15,0.18
26/01/2025 13:20,0.084
26/01/2025 13:25,0.6000000000000001
26/01/2025 13:30,0.96
26/01/2025 13:35,0.384
26/01/2025 13:40,0.0
26/01/2025 13:45,0.0
26/01/2025 13:50,0.2159999999999999
26/01/2025 13:55,0.6000000000000001
26/01/2025 14:00,0.0
26/01/2025 14:05,0.0
26/01/2025 14:10,0.084
26/01/2025 14:15,0.012
26/01/2025 14:20,0.012
26/01/2025 14:25,0.4679999999999999
26/01/2025 14:30,0.288
26/01/2025 14:35,0.636
26/01/2025 14:40,1.08
26/01/2025 14:45,0.4559999999999999
26/01/2025 14:50,1.536
26/01/2025 14:55,1.164
26/01/2025 15:00,2.028
26/01/2025 15:05,0.48
26/01/2025 15:10,0.5640000000000001
26/01/2025 15:15,0.636
26/01/2025 15:20,0.72
26/01/2025 15:25,0.936
26/01/2025 15:30,0.792
26/01/2025 15:35,1.104
26/01/2025 15:40,1.1760000000000002
26/01/2025 15:45,1.44
26/01/2025 15:50,2.772
26/01/2025 15:55,2.748
26/01/2025 16:00,2.76
26/01/2025 16:05,2.28
26/01/2025 16:10,3.204
26/01/2025 16:15,3.3720000000000003
26/01/2025 16:20,4.08
26/01/2025 16:25,4.752000000000001
26/01/2025 16:30,4.668
26/01/2025 16:35,4.536
26/01/2025 16:40,4.488
26/01/2025 16:45,6.564
26/01/2025 16:50,6.396000000000001
26/01/2025 16:55,2.388
26/01/2025 17:00,0.156
26/01/2025 17:05,0.5760000000000001
26/01/2025 17:10,0.492
26/01/2025 17:15,0.6000000000000001
26/01/2025 17:20,0.948
26/01/2025 17:25,0.66
26/01/2025 17:30,0.0
26/01/2025 17:35,0.0
26/01/2025 17:40,0.024
26/01/2025 17:45,0.012
26/01/2025 17:50,0.264
26/01/2025 17:55,0.384
26/01/2025 18:00,0.5880000000000001
26/01/2025 18:05,0.4439999999999999
26/01/2025 18:10,0.6960000000000001
26/01/2025 18:15,0.708
26/01/2025 18:20,0.684
26/01/2025 18:25,0.684
26/01/2025 18:30,0.792
26/01/2025 18:35,0.972
26/01/2025 18:40,0.984
26/01/2025 18:45,0.936
26/01/2025 18:50,0.996
26/01/2025 18:55,1.02
26/01/2025 19:00,1.068
26/01/2025 19:05,1.524
26/01/2025 19:10,2.22
26/01/2025 19:15,1.092
26/01/2025 19:20,1.164
26/01/2025 19:25,1.128
26/01/2025 19:30,1.104
26/01/2025 19:35,1.116
26/01/2025 19:40,1.14
26/01/2025 19:45,1.164
26/01/2025 19:50,1.08
26/01/2025 19:55,1.128
26/01/2025 20:00,1.08
26/01/2025 20:05,1.128
26/01/2025 20:10,1.092
26/01/2025 20:15,1.116
26/01/2025 20:20,1.032
26/01/2025 20:25,1.14
26/01/2025 20:30,1.164
26/01/2025 20:35,1.164
26/01/2025 20:40,1.056
26/01/2025 20:45,1.056
26/01/2025 20:50,1.152
26/01/2025 20:55,1.164
26/01/2025 21:00,1.08
26/01/2025 21:05,1.068
26/01/2025 21:10,1.14
26/01/2025 21:15,1.1760000000000002
26/01/2025 21:20,1.128
26/01/2025 21:25,1.044
26/01/2025 21:30,1.056
26/01/2025 21:35,1.1760000000000002
26/01/2025 21:40,1.392
26/01/2025 21:45,1.236
26/01/2025 21:50,1.248
26/01/2025 21:55,1.236
26/01/2025 22:00,1.2000000000000002
26/01/2025 22:05,1.116
26/01/2025 22:10,1.104
26/01/2025 22:15,1.044
26/01/2025 22:20,1.104
26/01/2025 22:25,1.008
26/01/2025 22:30,1.32
26/01/2025 22:35,4.308
26/01/2025 22:40,4.5600000000000005
26/01/2025 22:45,4.776
26/01/2025 22:50,4.716
26/01/2025 22:55,4.764
26/01/2025 23:00,4.68
26/01/2025 23:05,4.86
26/01/2025 23:10,4.74
26/01/2025 23:15,4.632
26/01/2025 23:20,4.68
26/01/2025 23:25,4.800000000000001
26/01/2025 23:30,4.0680000000000005
26/01/2025 23:35,0.2279999999999999
26/01/2025 23:40,0.2159999999999999
26/01/2025 23:45,0.3
26/01/2025 23:50,0.336
26/01/2025 23:55,0.252
27/01/2025 0:00,0.2159999999999999
27/01/2025 0:05,0.2159999999999999
27/01/2025 0:10,0.36
27/01/2025 0:15,0.276
27/01/2025 0:20,0.204
27/01/2025 0:25,0.204
27/01/2025 0:30,0.312
27/01/2025 0:35,0.288
27/01/2025 0:40,0.24
27/01/2025 0:45,0.204
27/01/2025 0:50,0.2279999999999999
27/01/2025 0:55,0.324
27/01/2025 1:00,0.276
27/01/2025 1:05,0.204
27/01/2025 1:10,0.204
27/01/2025 1:15,0.3
27/01/2025 1:20,0.288
27/01/2025 1:25,0.2279999999999999
27/01/2025 1:30,0.192
27/01/2025 1:35,0.24
27/01/2025 1:40,0.312
27/01/2025 1:45,0.276
27/01/2025 1:50,0.192
27/01/2025 1:55,0.204
27/01/2025 2:00,0.3
27/01/2025 2:05,0.276
27/01/2025 2:10,0.2279999999999999
27/01/2025 2:15,0.204
27/01/2025 2:20,0.24
27/01/2025 2:25,0.288
27/01/2025 2:30,0.288
27/01/2025 2:35,0.192
27/01/2025 2:40,0.204
27/01/2025 2:45,0.276
27/01/2025 2:50,0.288
27/01/2025 2:55,0.24
27/01/2025 3:00,0.192
27/01/2025 3:05,0.264
27/01/2025 3:10,0.264
27/01/2025 3:15,0.276
27/01/2025 3:20,0.204
27/01/2025 3:25,0.204
27/01/2025 3:30,0.276
27/01/2025 3:35,0.276
27/01/2025 3:40,0.24
27/01/2025 3:45,0.204
27/01/2025 3:50,0.264
27/01/2025 3:55,0.252
27/01/2025 4:00,0.288
27/01/2025 4:05,0.192
27/01/2025 4:10,0.192
27/01/2025 4:15,0.288
27/01/2025 4:20,0.288
27/01/2025 4:25,0.24
27/01/2025 4:30,0.192
27/01/2025 4:35,0.24
27/01/2025 4:40,0.288
27/01/2025 4:45,0.276
27/01/2025 4:50,0.204
27/01/2025 4:55,0.192
27/01/2025 5:00,0.276
27/01/2025 5:05,1.824
27/01/2025 5:10,0.54
27/01/2025 5:15,0.384
27/01/2025 5:20,0.636
27/01/2025 5:25,0.4439999999999999
27/01/2025 5:30,0.396
27/01/2025 5:35,0.264
27/01/2025 5:40,0.2279999999999999
27/01/2025 5:45,0.288
27/01/2025 5:50,0.2159999999999999
27/01/2025 5:55,0.18
27/01/2025 6:00,0.1079999999999999
27/01/2025 6:05,0.12
27/01/2025 6:10,0.0
27/01/2025 6:15,0.156
27/01/2025 6:20,0.0
27/01/2025 6:25,0.0
27/01/2025 6:30,0.0
27/01/2025 6:35,0.756
27/01/2025 6:40,0.672
27/01/2025 6:45,0.2159999999999999
27/01/2025 6:50,1.14
27/01/2025 6:55,1.896
27/01/2025 7:00,1.7639999999999998
27/01/2025 7:05,1.836
27/01/2025 7:10,1.656
27/01/2025 7:15,0.8879999999999999
27/01/2025 7:20,0.4319999999999999
27/01/2025 7:25,0.324
27/01/2025 7:30,0.276
27/01/2025 7:35,0.0
27/01/2025 7:40,0.204
27/01/2025 7:45,0.0
27/01/2025 7:50,0.0
27/01/2025 7:55,0.0
27/01/2025 8:00,0.0
27/01/2025 8:05,0.0
27/01/2025 8:10,0.012
27/01/2025 8:15,0.0
27/01/2025 8:20,0.0
27/01/2025 8:25,0.0
27/01/2025 8:30,0.0
27/01/2025 8:35,0.0
27/01/2025 8:40,0.0
27/01/2025 8:45,0.0
27/01/2025 8:50,0.0
27/01/2025 8:55,0.0
27/01/2025 9:00,0.0
27/01/2025 9:05,0.0
27/01/2025 9:10,0.0
27/01/2025 9:15,0.0
27/01/2025 9:20,0.0
27/01/2025 9:25,0.0
27/01/2025 9:30,0.0
27/01/2025 9:35,0.0
27/01/2025 9:40,0.0
27/01/2025 9:45,0.0
27/01/2025 9:50,0.168
27/01/2025 9:55,0.732
27/01/2025 10:00,1.104
27/01/2025 10:05,1.02
27/01/2025 10:10,1.08
27/01/2025 10:15,0.924
27/01/2025 10:20,1.332
27/01/2025 10:25,1.464
27/01/2025 10:30,1.476
27/01/2025 10:35,1.62
27/01/2025 10:40,1.476
27/01/2025 10:45,1.404
27/01/2025 10:50,1.416
27/01/2025 10:55,1.116
27/01/2025 11:00,1.056
27/01/2025 11:05,1.296
27/01/2025 11:10,1.1880000000000002
27/01/2025 11:15,1.164
27/01/2025 11:20,1.08
27/01/2025 11:25,1.296
27/01/2025 11:30,1.1880000000000002
27/01/2025 11:35,1.1760000000000002
27/01/2025 11:40,1.608
27/01/2025 11:45,2.472
27/01/2025 11:50,0.4439999999999999
27/01/2025 11:55,0.912
27/01/2025 12:00,1.056
27/01/2025 12:05,0.744
27/01/2025 12:10,0.972
27/01/2025 12:15,0.408
27/01/2025 12:20,0.744
27/01/2025 12:25,1.7879999999999998
27/01/2025 12:30,0.1079999999999999
27/01/2025 12:35,0.192
27/01/2025 12:40,0.408
27/01/2025 12:45,0.2159999999999999
27/01/2025 12:50,0.396
27/01/2025 12:55,0.636
27/01/2025 13:00,0.672
27/01/2025 13:05,0.8280000000000001
27/01/2025 13:10,1.14
27/01/2025 13:15,1.248
27/01/2025 13:20,1.488
27/01/2025 13:25,1.08
27/01/2025 13:30,1.164
27/01/2025 13:35,1.272
27/01/2025 13:40,1.236
27/01/2025 13:45,1.332
27/01/2025 13:50,0.684
27/01/2025 13:55,0.924
27/01/2025 14:00,1.044
27/01/2025 14:05,0.972
27/01/2025 14:10,0.8999999999999999
27/01/2025 14:15,1.284
27/01/2025 14:20,1.32
27/01/2025 14:25,1.344
27/01/2025 14:30,1.392
27/01/2025 14:35,1.38
27/01/2025 14:40,1.38
27/01/2025 14:45,1.56
27/01/2025 14:50,1.644
27/01/2025 14:55,1.6800000000000002
27/01/2025 15:00,1.536
27/01/2025 15:05,1.056
27/01/2025 15:10,1.248
27/01/2025 15:15,1.248
27/01/2025 15:20,1.104
27/01/2025 15:25,1.272
27/01/2025 15:30,1.38
27/01/2025 15:35,1.452
27/01/2025 15:40,1.368
27/01/2025 15:45,1.512
27/01/2025 15:50,2.184
27/01/2025 15:55,2.4240000000000004
27/01/2025 16:00,2.952
27/01/2025 16:05,2.076
27/01/2025 16:10,1.848
27/01/2025 16:15,2.16
27/01/2025 16:20,2.3040000000000003
27/01/2025 16:25,2.3040000000000003
27/01/2025 16:30,2.712
27/01/2025 16:35,4.968
27/01/2025 16:40,4.176
27/01/2025 16:45,2.868
27/01/2025 16:50,4.199999999999999
27/01/2025 16:55,6.408
27/01/2025 17:00,4.74
27/01/2025 17:05,4.5
27/01/2025 17:10,4.38
27/01/2025 17:15,4.428
27/01/2025 17:20,3.756
27/01/2025 17:25,3.936
27/01/2025 17:30,3.984
27/01/2025 17:35,4.6080000000000005
27/01/2025 17:40,4.692
27/01/2025 17:45,5.256
27/01/2025 17:50,5.34
27/01/2025 17:55,5.292
27/01/2025 18:00,5.184
27/01/2025 18:05,5.04
27/01/2025 18:10,5.112
27/01/2025 18:15,4.992
27/01/2025 18:20,0.5760000000000001
27/01/2025 18:25,0.4439999999999999
27/01/2025 18:30,0.54
27/01/2025 18:35,0.408
27/01/2025 18:40,0.396
27/01/2025 18:45,0.684
27/01/2025 18:50,1.38
27/01/2025 18:55,1.356
27/01/2025 19:00,0.54
27/01/2025 19:05,0.492
27/01/2025 19:10,0.48
27/01/2025 19:15,0.492
27/01/2025 19:20,0.4439999999999999
27/01/2025 19:25,0.516
27/01/2025 19:30,0.504
27/01/2025 19:35,0.54
27/01/2025 19:40,0.516
27/01/2025 19:45,0.48
27/01/2025 19:50,0.4679999999999999
27/01/2025 19:55,0.54
27/01/2025 20:00,0.5880000000000001
27/01/2025 20:05,0.4439999999999999
27/01/2025 20:10,0.4439999999999999
27/01/2025 20:15,0.516
27/01/2025 20:20,0.492
27/01/2025 20:25,4.0440000000000005
27/01/2025 20:30,4.788
27/01/2025 20:35,4.908
27/01/2025 20:40,5.028
27/01/2025 20:45,5.016
27/01/2025 20:50,5.16
27/01/2025 20:55,4.992
27/01/2025 21:00,4.86
27/01/2025 21:05,4.992
27/01/2025 21:10,4.992
27/01/2025 21:15,5.076
27/01/2025 21:20,5.028
27/01/2025 21:25,0.6960000000000001
27/01/2025 21:30,0.192
27/01/2025 21:35,0.3
27/01/2025 21:40,0.288
27/01/2025 21:45,0.324
27/01/2025 21:50,0.348
27/01/2025 21:55,0.252
27/01/2025 22:00,0.252
27/01/2025 22:05,0.312
27/01/2025 22:10,0.396
27/01/2025 22:15,0.2279999999999999
27/01/2025 22:20,0.2279999999999999
27/01/2025 22:25,0.288
27/01/2025 22:30,0.372
27/01/2025 22:35,0.252
27/01/2025 22:40,0.2279999999999999
27/01/2025 22:45,0.276
27/01/2025 22:50,0.36
27/01/2025 22:55,0.276
27/01/2025 23:00,0.2279999999999999
27/01/2025 23:05,0.264
27/01/2025 23:10,0.324
27/01/2025 23:15,0.3
27/01/2025 23:20,0.2279999999999999
27/01/2025 23:25,0.288
27/01/2025 23:30,0.264
27/01/2025 23:35,0.3
27/01/2025 23:40,0.252
27/01/2025 23:45,0.288
27/01/2025 23:50,0.2159999999999999
27/01/2025 23:55,0.3
28/01/2025 0:00,0.3
28/01/2025 0:05,0.276
28/01/2025 0:10,0.96
28/01/2025 0:15,4.332
28/01/2025 0:20,4.716
28/01/2025 0:25,4.764
28/01/2025 0:30,4.824
28/01/2025 0:35,4.74
28/01/2025 0:40,4.884
28/01/2025 0:45,4.848000000000001
28/01/2025 0:50,4.788
28/01/2025 0:55,4.776
28/01/2025 1:00,4.884
28/01/2025 1:05,4.896
28/01/2025 1:10,3.492
28/01/2025 1:15,0.192
28/01/2025 1:20,0.3
28/01/2025 1:25,0.3
28/01/2025 1:30,0.24
28/01/2025 1:35,0.192
28/01/2025 1:40,0.276
28/01/2025 1:45,0.276
28/01/2025 1:50,0.288
28/01/2025 1:55,0.192
28/01/2025 2:00,0.264
28/01/2025 2:05,0.252
28/01/2025 2:10,0.276
28/01/2025 2:15,0.2279999999999999
28/01/2025 2:20,0.276
28/01/2025 2:25,0.204
28/01/2025 2:30,0.276
28/01/2025 2:35,0.264
28/01/2025 2:40,0.264
28/01/2025 2:45,0.192
28/01/2025 2:50,0.264
28/01/2025 2:55,0.3
28/01/2025 3:00,0.264
28/01/2025 3:05,0.192
28/01/2025 3:10,0.2279999999999999
28/01/2025 3:15,0.3
28/01/2025 3:20,0.3
28/01/2025 3:25,0.192
28/01/2025 3:30,0.192
28/01/2025 3:35,0.3
28/01/2025 3:40,0.324
28/01/2025 3:45,0.192
28/01/2025 3:50,0.192
28/01/2025 3:55,0.276
28/01/2025 4:00,0.324
28/01/2025 4:05,0.2279999999999999
28/01/2025 4:10,0.192
28/01/2025 4:15,0.24
28/01/2025 4:20,0.324
28/01/2025 4:25,0.252
28/01/2025 4:30,0.192
28/01/2025 4:35,0.2279999999999999
28/01/2025 4:40,0.3
28/01/2025 4:45,0.276
28/01/2025 4:50,0.2159999999999999
28/01/2025 4:55,0.2279999999999999
28/01/2025 5:00,0.252
28/01/2025 5:05,1.7999999999999998
28/01/2025 5:10,0.5640000000000001
28/01/2025 5:15,0.4679999999999999
28/01/2025 5:20,0.6960000000000001
28/01/2025 5:25,0.372
28/01/2025 5:30,0.348
28/01/2025 5:35,0.288
28/01/2025 5:40,0.2159999999999999
28/01/2025 5:45,0.192
28/01/2025 5:50,0.276
28/01/2025 5:55,1.044
28/01/2025 6:00,0.96
28/01/2025 6:05,0.744
28/01/2025 6:10,0.8639999999999999
28/01/2025 6:15,0.612
28/01/2025 6:20,0.504
28/01/2025 6:25,0.2279999999999999
28/01/2025 6:30,0.264
28/01/2025 6:35,1.872
28/01/2025 6:40,3.78
28/01/2025 6:45,3.96
28/01/2025 6:50,4.800000000000001
28/01/2025 6:55,4.92
28/01/2025 7:00,4.452
28/01/2025 7:05,3.876
28/01/2025 7:10,3.3600000000000003
28/01/2025 7:15,3.924
28/01/2025 7:20,3.876
28/01/2025 7:25,3.816
28/01/2025 7:30,3.84
28/01/2025 7:35,3.588
28/01/2025 7:40,3.3600000000000003
28/01/2025 7:45,0.12
28/01/2025 7:50,0.0
28/01/2025 7:55,0.0
28/01/2025 8:00,0.0
28/01/2025 8:05,0.0
28/01/2025 8:10,0.0
28/01/2025 8:15,0.0
28/01/2025 8:20,0.0
28/01/2025 8:25,0.0
28/01/2025 8:30,0.0
28/01/2025 8:35,0.0
28/01/2025 8:40,0.0
28/01/2025 8:45,0.0
28/01/2025 8:50,0.0
28/01/2025 8:55,0.0
28/01/2025 9:00,0.0
28/01/2025 9:05,0.0
28/01/2025 9:10,0.0
28/01/2025 9:15,0.0
28/01/2025 9:20,0.0
28/01/2025 9:25,0.0
28/01/2025 9:30,0.0
28/01/2025 9:35,0.0
28/01/2025 9:40,0.0
28/01/2025 9:45,0.0
28/01/2025 9:50,0.0
28/01/2025 9:55,0.0
28/01/2025 10:00,0.0
28/01/2025 10:05,0.0
28/01/2025 10:10,0.0
28/01/2025 10:15,0.0
28/01/2025 10:20,0.0
28/01/2025 10:25,0.0
28/01/2025 10:30,0.0
28/01/2025 10:35,0.0
28/01/2025 10:40,0.0
28/01/2025 10:45,0.0
28/01/2025 10:50,0.0
28/01/2025 10:55,0.0
28/01/2025 11:00,0.0
28/01/2025 11:05,0.0
28/01/2025 11:10,0.0
28/01/2025 11:15,0.792
28/01/2025 11:20,2.28
28/01/2025 11:25,2.76
28/01/2025 11:30,3.2880000000000003
28/01/2025 11:35,2.4000000000000004
28/01/2025 11:40,0.636
28/01/2025 11:45,0.684
28/01/2025 11:50,0.8519999999999999
28/01/2025 11:55,0.6000000000000001
28/01/2025 12:00,0.8400000000000001
28/01/2025 12:05,0.4679999999999999
28/01/2025 12:10,2.7
28/01/2025 12:15,1.7879999999999998
28/01/2025 12:20,3.048
28/01/2025 12:25,2.064
28/01/2025 12:30,2.412
28/01/2025 12:35,2.64
28/01/2025 12:40,2.628
28/01/2025 12:45,2.16
28/01/2025 12:50,2.196
28/01/2025 12:55,3.012
28/01/2025 13:00,3.228
28/01/2025 13:05,2.844
28/01/2025 13:10,1.668
28/01/2025 13:15,1.488
28/01/2025 13:20,1.236
28/01/2025 13:25,0.4319999999999999
28/01/2025 13:30,1.668
28/01/2025 13:35,1.944
28/01/2025 13:40,0.5640000000000001
28/01/2025 13:45,0.348
28/01/2025 13:50,0.6960000000000001
28/01/2025 13:55,0.996
28/01/2025 14:00,1.152
28/01/2025 14:05,0.672
28/01/2025 14:10,0.312
28/01/2025 14:15,2.292
28/01/2025 14:20,2.7840000000000003
28/01/2025 14:25,2.172
28/01/2025 14:30,3.168
28/01/2025 14:35,2.868
28/01/2025 14:40,3.036
28/01/2025 14:45,3.18
28/01/2025 14:50,3.972
28/01/2025 14:55,1.7039999999999995
28/01/2025 15:00,1.572
28/01/2025 15:05,2.7
28/01/2025 15:10,3.888
28/01/2025 15:15,3.3480000000000003
28/01/2025 15:20,2.28
28/01/2025 15:25,2.064
28/01/2025 15:30,2.3760000000000003
28/01/2025 15:35,2.448
28/01/2025 15:40,2.412
28/01/2025 15:45,2.544
28/01/2025 15:50,3.972
28/01/2025 15:55,2.76
28/01/2025 16:00,2.748
28/01/2025 16:05,2.952
28/01/2025 16:10,3.012
28/01/2025 16:15,3.156
28/01/2025 16:20,3.252
28/01/2025 16:25,3.24
28/01/2025 16:30,3.42
28/01/2025 16:35,4.86
28/01/2025 16:40,5.628
28/01/2025 16:45,5.5200000000000005
28/01/2025 16:50,5.496
28/01/2025 16:55,5.508
28/01/2025 17:00,5.496
28/01/2025 17:05,5.484
28/01/2025 17:10,5.484
28/01/2025 17:15,5.46
28/01/2025 17:20,5.556
28/01/2025 17:25,7.224
28/01/2025 17:30,5.628
28/01/2025 17:35,5.028
28/01/2025 17:40,6.755999999999999
28/01/2025 17:45,6.36
28/01/2025 17:50,6.276
28/01/2025 17:55,6.684000000000001
28/01/2025 18:00,5.5440000000000005
28/01/2025 18:05,5.892
28/01/2025 18:10,5.064
28/01/2025 18:15,5.04
28/01/2025 18:20,5.04
28/01/2025 18:25,5.004
28/01/2025 18:30,5.004
28/01/2025 18:35,4.836
28/01/2025 18:40,2.664
28/01/2025 18:45,0.5760000000000001
28/01/2025 18:50,0.4679999999999999
28/01/2025 18:55,0.4679999999999999
28/01/2025 19:00,0.516
28/01/2025 19:05,0.636
28/01/2025 19:10,1.896
28/01/2025 19:15,4.356
28/01/2025 19:20,4.68
28/01/2025 19:25,4.812
28/01/2025 19:30,4.848000000000001
28/01/2025 19:35,4.74
28/01/2025 19:40,4.848000000000001
28/01/2025 19:45,4.704000000000001
28/01/2025 19:50,4.788
28/01/2025 19:55,2.268
28/01/2025 20:00,0.4679999999999999
28/01/2025 20:05,0.348
28/01/2025 20:10,2.988
28/01/2025 20:15,4.44
28/01/2025 20:20,4.488
28/01/2025 20:25,4.5600000000000005
28/01/2025 20:30,4.668
28/01/2025 20:35,4.716
28/01/2025 20:40,4.536
28/01/2025 20:45,4.6080000000000005
28/01/2025 20:50,4.764
28/01/2025 20:55,4.032
28/01/2025 21:00,0.996
28/01/2025 21:05,0.516
28/01/2025 21:10,0.2279999999999999
28/01/2025 21:15,1.908
28/01/2025 21:20,4.332
28/01/2025 21:25,4.295999999999999
28/01/2025 21:30,4.404
28/01/2025 21:35,4.524
28/01/2025 21:40,4.5600000000000005
28/01/2025 21:45,4.5120000000000005
28/01/2025 21:50,4.476
28/01/2025 21:55,4.548
28/01/2025 22:00,4.548
28/01/2025 22:05,4.536
28/01/2025 22:10,4.404
28/01/2025 22:15,2.616
28/01/2025 22:20,0.288
28/01/2025 22:25,0.312
28/01/2025 22:30,0.264
28/01/2025 22:35,0.252
28/01/2025 22:40,0.252
28/01/2025 22:45,0.3
28/01/2025 22:50,0.3
28/01/2025 22:55,0.252
28/01/2025 23:00,0.252
28/01/2025 23:05,0.252
28/01/2025 23:10,0.288
28/01/2025 23:15,0.276
28/01/2025 23:20,0.252
28/01/2025 23:25,0.204
28/01/2025 23:30,0.288
28/01/2025 23:35,0.288
28/01/2025 23:40,0.264
28/01/2025 23:45,0.204
28/01/2025 23:50,0.2279999999999999
28/01/2025 23:55,0.288
29/01/2025 0:00,0.3
29/01/2025 0:05,0.204
29/01/2025 0:10,0.192
29/01/2025 0:15,0.288
29/01/2025 0:20,0.312
29/01/2025 0:25,0.2279999999999999
29/01/2025 0:30,0.192
29/01/2025 0:35,0.2279999999999999
29/01/2025 0:40,0.3
29/01/2025 0:45,0.3
29/01/2025 0:50,0.192
29/01/2025 0:55,0.192
29/01/2025 1:00,0.264
29/01/2025 1:05,0.336
29/01/2025 1:10,0.204
29/01/2025 1:15,0.192
29/01/2025 1:20,0.2279999999999999
29/01/2025 1:25,0.276
29/01/2025 1:30,0.312
29/01/2025 1:35,0.192
29/01/2025 1:40,0.18
29/01/2025 1:45,0.264
29/01/2025 1:50,0.288
29/01/2025 1:55,0.252
29/01/2025 2:00,0.192
29/01/2025 2:05,0.2159999999999999
29/01/2025 2:10,0.276
29/01/2025 2:15,0.264
29/01/2025 2:20,0.24
29/01/2025 2:25,0.192
29/01/2025 2:30,0.24
29/01/2025 2:35,0.276
29/01/2025 2:40,0.264
29/01/2025 2:45,0.204
29/01/2025 2:50,0.204
29/01/2025 2:55,0.276
29/01/2025 3:00,0.264
29/01/2025 3:05,0.264
29/01/2025 3:10,0.192
29/01/2025 3:15,0.2279999999999999
29/01/2025 3:20,0.276
29/01/2025 3:25,0.2159999999999999
29/01/2025 3:30,0.276
29/01/2025 3:35,0.192
29/01/2025 3:40,0.264
29/01/2025 3:45,0.264
29/01/2025 3:50,0.204
29/01/2025 3:55,0.252
29/01/2025 4:00,0.2159999999999999
29/01/2025 4:05,0.276
29/01/2025 4:10,0.2279999999999999
29/01/2025 4:15,0.24
29/01/2025 4:20,0.2159999999999999
29/01/2025 4:25,0.252
29/01/2025 4:30,0.276
29/01/2025 4:35,0.192
29/01/2025 4:40,0.252
29/01/2025 4:45,0.2159999999999999
29/01/2025 4:50,0.324
29/01/2025 4:55,0.3
29/01/2025 5:00,0.252
29/01/2025 5:05,1.848
29/01/2025 5:10,0.552
29/01/2025 5:15,0.552
29/01/2025 5:20,0.396
29/01/2025 5:25,0.624
29/01/2025 5:30,0.4559999999999999
29/01/2025 5:35,0.492
29/01/2025 5:40,0.48
29/01/2025 5:45,0.504
29/01/2025 5:50,1.008
29/01/2025 5:55,0.528
29/01/2025 6:00,0.384
29/01/2025 6:05,0.264
29/01/2025 6:10,0.132
29/01/2025 6:15,0.132
29/01/2025 6:20,0.06
29/01/2025 6:25,0.168
29/01/2025 6:30,0.12
29/01/2025 6:35,0.12
29/01/2025 6:40,0.096
29/01/2025 6:45,0.096
29/01/2025 6:50,0.084
29/01/2025 6:55,0.084
29/01/2025 7:00,0.072
29/01/2025 7:05,0.0
29/01/2025 7:10,0.0
29/01/2025 7:15,0.0
29/01/2025 7:20,0.0
29/01/2025 7:25,0.0
29/01/2025 7:30,0.0
29/01/2025 7:35,0.0
29/01/2025 7:40,0.0
29/01/2025 7:45,0.0
29/01/2025 7:50,0.0
29/01/2025 7:55,0.0
29/01/2025 8:00,0.0
29/01/2025 8:05,0.0
29/01/2025 8:10,0.0
29/01/2025 8:15,0.0
29/01/2025 8:20,0.0
29/01/2025 8:25,0.0
29/01/2025 8:30,0.0
29/01/2025 8:35,0.0
29/01/2025 8:40,0.012
29/01/2025 8:45,0.0
29/01/2025 8:50,0.0
29/01/2025 8:55,0.0
29/01/2025 9:00,0.0
29/01/2025 9:05,0.0
29/01/2025 9:10,0.0
29/01/2025 9:15,0.0
29/01/2025 9:20,0.0
29/01/2025 9:25,0.0
29/01/2025 9:30,0.0
29/01/2025 9:35,0.0
29/01/2025 9:40,0.0
29/01/2025 9:45,0.0
29/01/2025 9:50,0.0
29/01/2025 9:55,0.0
29/01/2025 10:00,0.0
29/01/2025 10:05,0.0
29/01/2025 10:10,0.0
29/01/2025 10:15,0.0
29/01/2025 10:20,0.0
29/01/2025 10:25,0.0
29/01/2025 10:30,0.0
29/01/2025 10:35,0.0
29/01/2025 10:40,0.0
29/01/2025 10:45,0.0
29/01/2025 10:50,0.0
29/01/2025 10:55,0.0
29/01/2025 11:00,0.0
29/01/2025 11:05,0.0
29/01/2025 11:10,0.0
29/01/2025 11:15,0.0
29/01/2025 11:20,0.0
29/01/2025 11:25,0.0
29/01/2025 11:30,0.0
29/01/2025 11:35,0.0
29/01/2025 11:40,0.0
29/01/2025 11:45,0.0
29/01/2025 11:50,0.0
29/01/2025 11:55,0.0
29/01/2025 12:00,0.0
29/01/2025 12:05,0.0
29/01/2025 12:10,0.0
29/01/2025 12:15,0.0
29/01/2025 12:20,0.0
29/01/2025 12:25,0.0
29/01/2025 12:30,0.0
29/01/2025 12:35,0.0
29/01/2025 12:40,0.0
29/01/2025 12:45,0.0
29/01/2025 12:50,0.0
29/01/2025 12:55,0.0
29/01/2025 13:00,0.0
29/01/2025 13:05,0.0
29/01/2025 13:10,0.0
29/01/2025 13:15,0.0
29/01/2025 13:20,0.0
29/01/2025 13:25,0.0
29/01/2025 13:30,0.0
29/01/2025 13:35,0.0
29/01/2025 13:40,0.0
29/01/2025 13:45,0.0
29/01/2025 13:50,0.0
29/01/2025 13:55,0.0
29/01/2025 14:00,0.0
29/01/2025 14:05,0.0
29/01/2025 14:10,0.0
29/01/2025 14:15,0.0
29/01/2025 14:20,0.0
29/01/2025 14:25,0.0
29/01/2025 14:30,0.0
29/01/2025 14:35,0.0
29/01/2025 14:40,0.0
29/01/2025 14:45,0.0
29/01/2025 14:50,0.0
29/01/2025 14:55,0.0
29/01/2025 15:00,0.0
29/01/2025 15:05,0.0
29/01/2025 15:10,0.0
29/01/2025 15:15,0.0
29/01/2025 15:20,0.0
29/01/2025 15:25,0.0
29/01/2025 15:30,0.0
29/01/2025 15:35,0.0
29/01/2025 15:40,0.036
29/01/2025 15:45,0.12
29/01/2025 15:50,0.0
29/01/2025 15:55,0.0
29/01/2025 16:00,0.0
29/01/2025 16:05,0.912
29/01/2025 16:10,1.56
29/01/2025 16:15,1.164
29/01/2025 16:20,0.552
29/01/2025 16:25,0.336
29/01/2025 16:30,0.012
29/01/2025 16:35,0.0
29/01/2025 16:40,0.0
29/01/2025 16:45,0.0
29/01/2025 16:50,0.0
29/01/2025 16:55,0.0
29/01/2025 17:00,0.024
29/01/2025 17:05,0.0
29/01/2025 17:10,0.8519999999999999
29/01/2025 17:15,1.896
29/01/2025 17:20,0.372
29/01/2025 17:25,0.048
29/01/2025 17:30,1.86
29/01/2025 17:35,0.912
29/01/2025 17:40,2.736
29/01/2025 17:45,2.652
29/01/2025 17:50,0.54
29/01/2025 17:55,1.968
29/01/2025 18:00,4.0680000000000005
29/01/2025 18:05,4.32
29/01/2025 18:10,4.596
29/01/2025 18:15,2.532
29/01/2025 18:20,0.252
29/01/2025 18:25,0.168
29/01/2025 18:30,0.2279999999999999
29/01/2025 18:35,0.348
29/01/2025 18:40,0.276
29/01/2025 18:45,0.252
29/01/2025 18:50,0.252
29/01/2025 18:55,0.384
29/01/2025 19:00,0.348
29/01/2025 19:05,0.276
29/01/2025 19:10,0.264
29/01/2025 19:15,0.252
29/01/2025 19:20,0.396
29/01/2025 19:25,0.36
29/01/2025 19:30,0.276
29/01/2025 19:35,0.276
29/01/2025 19:40,0.324
29/01/2025 19:45,0.372
29/01/2025 19:50,0.372
29/01/2025 19:55,0.336
29/01/2025 20:00,0.276
29/01/2025 20:05,0.384
29/01/2025 20:10,0.4559999999999999
29/01/2025 20:15,0.516
29/01/2025 20:20,0.672
29/01/2025 20:25,0.6960000000000001
29/01/2025 20:30,0.768
29/01/2025 20:35,0.6960000000000001
29/01/2025 20:40,0.504
29/01/2025 20:45,0.4679999999999999
29/01/2025 20:50,0.552
29/01/2025 20:55,0.5880000000000001
29/01/2025 21:00,0.492
29/01/2025 21:05,0.528
29/01/2025 21:10,0.252
29/01/2025 21:15,0.312
29/01/2025 21:20,0.3
29/01/2025 21:25,0.2279999999999999
29/01/2025 21:30,0.3
29/01/2025 21:35,0.276
29/01/2025 21:40,0.324
29/01/2025 21:45,0.264
29/01/2025 21:50,0.2279999999999999
29/01/2025 21:55,0.312
29/01/2025 22:00,0.324
29/01/2025 22:05,0.3
29/01/2025 22:10,0.24
29/01/2025 22:15,0.2279999999999999
29/01/2025 22:20,0.252
29/01/2025 22:25,0.408
29/01/2025 22:30,0.264
29/01/2025 22:35,0.2159999999999999
29/01/2025 22:40,0.2159999999999999
29/01/2025 22:45,0.276
29/01/2025 22:50,0.336
29/01/2025 22:55,0.276
29/01/2025 23:00,0.2159999999999999
29/01/2025 23:05,0.2279999999999999
29/01/2025 23:10,0.3
29/01/2025 23:15,0.276
29/01/2025 23:20,0.3
29/01/2025 23:25,0.2159999999999999
29/01/2025 23:30,0.252
29/01/2025 23:35,0.3
29/01/2025 23:40,0.24
29/01/2025 23:45,0.264
29/01/2025 23:50,0.2279999999999999
29/01/2025 23:55,0.264
30/01/2025 0:00,0.3
30/01/2025 0:05,0.204
30/01/2025 0:10,0.2279999999999999
30/01/2025 0:15,0.276
30/01/2025 0:20,0.288
30/01/2025 0:25,0.252
30/01/2025 0:30,0.204
30/01/2025 0:35,0.204
30/01/2025 0:40,0.264
30/01/2025 0:45,0.348
30/01/2025 0:50,0.2159999999999999
30/01/2025 0:55,0.192
30/01/2025 1:00,0.204
30/01/2025 1:05,0.264
30/01/2025 1:10,0.288
30/01/2025 1:15,0.264
30/01/2025 1:20,0.204
30/01/2025 1:25,0.204
30/01/2025 1:30,0.288
30/01/2025 1:35,0.2279999999999999
30/01/2025 1:40,0.24
30/01/2025 1:45,0.24
30/01/2025 1:50,0.24
30/01/2025 1:55,0.276
30/01/2025 2:00,0.2159999999999999
30/01/2025 2:05,0.192
30/01/2025 2:10,0.2159999999999999
30/01/2025 2:15,0.336
30/01/2025 2:20,0.264
30/01/2025 2:25,0.192
30/01/2025 2:30,0.204
30/01/2025 2:35,0.204
30/01/2025 2:40,0.312
30/01/2025 2:45,0.3
30/01/2025 2:50,0.192
30/01/2025 2:55,0.18
30/01/2025 3:00,0.252
30/01/2025 3:05,0.276
30/01/2025 3:10,0.2159999999999999
30/01/2025 3:15,0.276
30/01/2025 3:20,0.192
30/01/2025 3:25,0.264
30/01/2025 3:30,0.264
30/01/2025 3:35,0.192
30/01/2025 3:40,0.192
30/01/2025 3:45,0.276
30/01/2025 3:50,0.3
30/01/2025 3:55,0.24
30/01/2025 4:00,0.192
30/01/2025 4:05,0.192
30/01/2025 4:10,0.2279999999999999
30/01/2025 4:15,0.312
30/01/2025 4:20,0.276
30/01/2025 4:25,0.192
30/01/2025 4:30,0.192
30/01/2025 4:35,0.252
30/01/2025 4:40,0.276
30/01/2025 4:45,0.192
30/01/2025 4:50,0.276
30/01/2025 4:55,0.192
30/01/2025 5:00,0.276
30/01/2025 5:05,1.7759999999999998
30/01/2025 5:10,0.48
30/01/2025 5:15,0.372
30/01/2025 5:20,0.4559999999999999
30/01/2025 5:25,0.4319999999999999
30/01/2025 5:30,0.348
30/01/2025 5:35,0.612
30/01/2025 5:40,0.324
30/01/2025 5:45,0.408
30/01/2025 5:50,0.384
30/01/2025 5:55,0.3
30/01/2025 6:00,0.1079999999999999
30/01/2025 6:05,0.1079999999999999
30/01/2025 6:10,0.192
30/01/2025 6:15,0.156
30/01/2025 6:20,0.72
30/01/2025 6:25,1.08
30/01/2025 6:30,0.8519999999999999
30/01/2025 6:35,0.948
30/01/2025 6:40,0.684
30/01/2025 6:45,0.66
30/01/2025 6:50,0.5880000000000001
30/01/2025 6:55,0.528
30/01/2025 7:00,0.552
30/01/2025 7:05,0.3
30/01/2025 7:10,0.372
30/01/2025 7:15,0.648
30/01/2025 7:20,1.968
30/01/2025 7:25,0.276
30/01/2025 7:30,0.084
30/01/2025 7:35,0.012
30/01/2025 7:40,0.072
30/01/2025 7:45,0.0
30/01/2025 7:50,0.0
30/01/2025 7:55,0.0
30/01/2025 8:00,0.3
30/01/2025 8:05,0.312
30/01/2025 8:10,0.2159999999999999
30/01/2025 8:15,0.024
30/01/2025 8:20,0.012
30/01/2025 8:25,0.0
30/01/2025 8:30,0.048
30/01/2025 8:35,0.132
30/01/2025 8:40,0.0
30/01/2025 8:45,0.012
30/01/2025 8:50,0.0
30/01/2025 8:55,0.0
30/01/2025 9:00,0.0
30/01/2025 9:05,0.0
30/01/2025 9:10,0.0
30/01/2025 9:15,0.0
30/01/2025 9:20,0.0
30/01/2025 9:25,0.0
30/01/2025 9:30,0.0
30/01/2025 9:35,0.0
30/01/2025 9:40,0.0
30/01/2025 9:45,0.036
30/01/2025 9:50,0.396
30/01/2025 9:55,0.288
30/01/2025 10:00,0.024
30/01/2025 10:05,0.1079999999999999
30/01/2025 10:10,0.06
30/01/2025 10:15,0.1079999999999999
30/01/2025 10:20,0.924
30/01/2025 10:25,0.708
30/01/2025 10:30,0.804
30/01/2025 10:35,0.408
30/01/2025 10:40,1.14
30/01/2025 10:45,0.768
30/01/2025 10:50,0.4679999999999999
30/01/2025 10:55,0.0
30/01/2025 11:00,0.648
30/01/2025 11:05,0.72
30/01/2025 11:10,0.012
30/01/2025 11:15,0.0
30/01/2025 11:20,0.0
30/01/2025 11:25,0.0
30/01/2025 11:30,0.0
30/01/2025 11:35,0.0
30/01/2025 11:40,0.0
30/01/2025 11:45,0.804
30/01/2025 11:50,0.06
30/01/2025 11:55,0.072
30/01/2025 12:00,0.42
30/01/2025 12:05,0.072
30/01/2025 12:10,0.0
30/01/2025 12:15,0.0
30/01/2025 12:20,0.0
30/01/2025 12:25,0.0
30/01/2025 12:30,0.0
30/01/2025 12:35,0.0
30/01/2025 12:40,0.0
30/01/2025 12:45,0.0
30/01/2025 12:50,0.0
30/01/2025 12:55,0.0
30/01/2025 13:00,0.0
30/01/2025 13:05,0.0
30/01/2025 13:10,0.0
30/01/2025 13:15,0.0
30/01/2025 13:20,0.0
30/01/2025 13:25,0.0
30/01/2025 13:30,0.0
30/01/2025 13:35,0.0
30/01/2025 13:40,0.0
30/01/2025 13:45,0.0
30/01/2025 13:50,0.0
30/01/2025 13:55,0.0
30/01/2025 14:00,0.012
30/01/2025 14:05,0.0
30/01/2025 14:10,0.0
30/01/2025 14:15,0.0
30/01/2025 14:20,0.0
30/01/2025 14:25,0.0
30/01/2025 14:30,0.0
30/01/2025 14:35,0.0
30/01/2025 14:40,0.0
30/01/2025 14:45,0.0
30/01/2025 14:50,0.0
30/01/2025 14:55,0.0
30/01/2025 15:00,0.0
30/01/2025 15:05,0.0
30/01/2025 15:10,0.0
30/01/2025 15:15,0.0
30/01/2025 15:20,0.0
30/01/2025 15:25,0.0
30/01/2025 15:30,0.5760000000000001
30/01/2025 15:35,1.224
30/01/2025 15:40,2.136
30/01/2025 15:45,1.056
30/01/2025 15:50,0.72
30/01/2025 15:55,0.4559999999999999
30/01/2025 16:00,0.0
30/01/2025 16:05,0.0
30/01/2025 16:10,0.0
30/01/2025 16:15,0.0
30/01/2025 16:20,0.0
30/01/2025 16:25,0.0
30/01/2025 16:30,0.0
30/01/2025 16:35,0.0
30/01/2025 16:40,0.0
30/01/2025 16:45,0.0
30/01/2025 16:50,0.0
30/01/2025 16:55,0.0
30/01/2025 17:00,0.0
30/01/2025 17:05,0.0
30/01/2025 17:10,0.0
30/01/2025 17:15,0.0
30/01/2025 17:20,2.436
30/01/2025 17:25,3.756
30/01/2025 17:30,4.056
30/01/2025 17:35,3.996
30/01/2025 17:40,4.08
30/01/2025 17:45,4.176
30/01/2025 17:50,4.199999999999999
30/01/2025 17:55,1.284
30/01/2025 18:00,2.448
30/01/2025 18:05,1.656
30/01/2025 18:10,0.732
30/01/2025 18:15,0.8280000000000001
30/01/2025 18:20,1.272
30/01/2025 18:25,0.8999999999999999
30/01/2025 18:30,0.804
30/01/2025 18:35,1.152
30/01/2025 18:40,1.2120000000000002
30/01/2025 18:45,1.644
30/01/2025 18:50,3.552
30/01/2025 18:55,2.844
30/01/2025 19:00,0.972
30/01/2025 19:05,1.464
30/01/2025 19:10,2.76
30/01/2025 19:15,1.644
30/01/2025 19:20,1.584
30/01/2025 19:25,2.148
30/01/2025 19:30,1.404
30/01/2025 19:35,0.4679999999999999
30/01/2025 19:40,0.372
30/01/2025 19:45,0.4319999999999999
30/01/2025 19:50,0.396
30/01/2025 19:55,0.4679999999999999
30/01/2025 20:00,0.4319999999999999
30/01/2025 20:05,0.4439999999999999
30/01/2025 20:10,0.384
30/01/2025 20:15,0.42
30/01/2025 20:20,0.4439999999999999
30/01/2025 20:25,0.384
30/01/2025 20:30,0.372
30/01/2025 20:35,0.6000000000000001
30/01/2025 20:40,0.708
30/01/2025 20:45,0.744
30/01/2025 20:50,0.624
30/01/2025 20:55,0.5640000000000001
30/01/2025 21:00,0.42
30/01/2025 21:05,0.5880000000000001
30/01/2025 21:10,0.4559999999999999
30/01/2025 21:15,0.336
30/01/2025 21:20,3.216
30/01/2025 21:25,4.32
30/01/2025 21:30,4.416
30/01/2025 21:35,4.464
30/01/2025 21:40,4.536
30/01/2025 21:45,4.62
30/01/2025 21:50,4.596
30/01/2025 21:55,4.5120000000000005
30/01/2025 22:00,4.464
30/01/2025 22:05,4.536
30/01/2025 22:10,4.548
30/01/2025 22:15,4.548
30/01/2025 22:20,0.8639999999999999
30/01/2025 22:25,0.276
30/01/2025 22:30,0.264
30/01/2025 22:35,0.3
30/01/2025 22:40,0.2279999999999999
30/01/2025 22:45,0.252
30/01/2025 22:50,0.24
30/01/2025 22:55,0.288
30/01/2025 23:00,0.288
30/01/2025 23:05,0.2279999999999999
30/01/2025 23:10,0.252
30/01/2025 23:15,0.24
30/01/2025 23:20,0.288
30/01/2025 23:25,0.24
30/01/2025 23:30,0.264
30/01/2025 23:35,0.204
30/01/2025 23:40,0.276
30/01/2025 23:45,0.288
30/01/2025 23:50,0.264
30/01/2025 23:55,0.204
31/01/2025 0:00,0.2159999999999999
31/01/2025 0:05,0.276
31/01/2025 0:10,0.312
31/01/2025 0:15,0.192
31/01/2025 0:20,0.204
31/01/2025 0:25,0.252
31/01/2025 0:30,0.312
31/01/2025 0:35,0.2279999999999999
31/01/2025 0:40,0.192
31/01/2025 0:45,0.204
31/01/2025 0:50,0.288
31/01/2025 0:55,0.312
31/01/2025 1:00,0.192
31/01/2025 1:05,0.192
31/01/2025 1:10,0.252
31/01/2025 1:15,0.336
31/01/2025 1:20,0.2159999999999999
31/01/2025 1:25,0.192
31/01/2025 1:30,0.192
31/01/2025 1:35,0.3
31/01/2025 1:40,0.312
31/01/2025 1:45,0.192
31/01/2025 1:50,0.192
31/01/2025 1:55,0.2279999999999999
31/01/2025 2:00,0.348
31/01/2025 2:05,0.2279999999999999
31/01/2025 2:10,0.192
31/01/2025 2:15,0.192
31/01/2025 2:20,0.264
31/01/2025 2:25,0.348
31/01/2025 2:30,0.18
31/01/2025 2:35,0.192
31/01/2025 2:40,0.2159999999999999
31/01/2025 2:45,0.276
31/01/2025 2:50,0.312
31/01/2025 2:55,0.192
31/01/2025 3:00,0.192
31/01/2025 3:05,0.252
31/01/2025 3:10,0.276
31/01/2025 3:15,0.276
31/01/2025 3:20,0.18
31/01/2025 3:25,0.204
31/01/2025 3:30,0.264
31/01/2025 3:35,0.288
31/01/2025 3:40,0.2279999999999999
31/01/2025 3:45,0.18
31/01/2025 3:50,0.2279999999999999
31/01/2025 3:55,0.276
31/01/2025 4:00,0.288
31/01/2025 4:05,0.192
31/01/2025 4:10,0.18
31/01/2025 4:15,0.276
31/01/2025 4:20,0.276
31/01/2025 4:25,0.252
31/01/2025 4:30,0.18
31/01/2025 4:35,0.2159999999999999
31/01/2025 4:40,0.276
31/01/2025 4:45,0.276
31/01/2025 4:50,0.204
31/01/2025 4:55,0.192
31/01/2025 5:00,0.24
31/01/2025 5:05,1.7999999999999998
31/01/2025 5:10,0.5880000000000001
31/01/2025 5:15,0.36
31/01/2025 5:20,0.72
31/01/2025 5:25,0.528
31/01/2025 5:30,0.612
31/01/2025 5:35,0.54
31/01/2025 5:40,0.4319999999999999
31/01/2025 5:45,0.4319999999999999
31/01/2025 5:50,0.324
31/01/2025 5:55,0.192
31/01/2025 6:00,0.2159999999999999
31/01/2025 6:05,0.192
31/01/2025 6:10,0.3
31/01/2025 6:15,0.312
31/01/2025 6:20,0.204
31/01/2025 6:25,0.276
31/01/2025 6:30,0.156
31/01/2025 6:35,0.396
31/01/2025 6:40,0.6000000000000001
31/01/2025 6:45,0.324
31/01/2025 6:50,0.0
31/01/2025 6:55,0.012
31/01/2025 7:00,0.0
31/01/2025 7:05,0.0
31/01/2025 7:10,0.0
31/01/2025 7:15,0.0
31/01/2025 7:20,0.0
31/01/2025 7:25,0.0
31/01/2025 7:30,0.0
31/01/2025 7:35,0.0
31/01/2025 7:40,0.036
31/01/2025 7:45,0.012
31/01/2025 7:50,0.0
31/01/2025 7:55,0.0
31/01/2025 8:00,0.0
31/01/2025 8:05,0.0
31/01/2025 8:10,0.0
31/01/2025 8:15,0.0
31/01/2025 8:20,0.0
31/01/2025 8:25,0.0
31/01/2025 8:30,0.0
31/01/2025 8:35,0.0
31/01/2025 8:40,0.0
31/01/2025 8:45,0.0
31/01/2025 8:50,0.0
31/01/2025 8:55,0.0
31/01/2025 9:00,0.0
31/01/2025 9:05,0.0
31/01/2025 9:10,0.0
31/01/2025 9:15,0.0
31/01/2025 9:20,0.0
31/01/2025 9:25,0.0
31/01/2025 9:30,0.0
31/01/2025 9:35,0.0
31/01/2025 9:40,0.0
31/01/2025 9:45,0.048
31/01/2025 9:50,0.372
31/01/2025 9:55,0.024
31/01/2025 10:00,0.012
31/01/2025 10:05,0.024
31/01/2025 10:10,0.012
31/01/2025 10:15,0.0
31/01/2025 10:20,0.0
31/01/2025 10:25,2.364
31/01/2025 10:30,2.82
31/01/2025 10:35,2.448
31/01/2025 10:40,3.3000000000000003
31/01/2025 10:45,4.0200000000000005
31/01/2025 10:50,4.284
31/01/2025 10:55,4.151999999999999
31/01/2025 11:00,3.768
31/01/2025 11:05,3.072
31/01/2025 11:10,2.82
31/01/2025 11:15,3.648
31/01/2025 11:20,3.3480000000000003
31/01/2025 11:25,3.3720000000000003
31/01/2025 11:30,3.396
31/01/2025 11:35,3.564
31/01/2025 11:40,4.08
31/01/2025 11:45,4.151999999999999
31/01/2025 11:50,4.0200000000000005
31/01/2025 11:55,4.247999999999999
31/01/2025 12:00,3.648
31/01/2025 12:05,3.168
31/01/2025 12:10,4.0920000000000005
31/01/2025 12:15,4.128
31/01/2025 12:20,3.696
31/01/2025 12:25,2.7960000000000003
31/01/2025 12:30,2.232
31/01/2025 12:35,0.0
31/01/2025 12:40,0.0
31/01/2025 12:45,0.0
31/01/2025 12:50,0.0
31/01/2025 12:55,0.0
31/01/2025 13:00,0.0
31/01/2025 13:05,0.0
31/01/2025 13:10,0.084
31/01/2025 13:15,0.024
31/01/2025 13:20,0.0
31/01/2025 13:25,0.0
31/01/2025 13:30,0.0
31/01/2025 13:35,0.0
31/01/2025 13:40,0.0
31/01/2025 13:45,0.048
31/01/2025 13:50,0.0
31/01/2025 13:55,0.0
31/01/2025 14:00,0.0
31/01/2025 14:05,0.0
31/01/2025 14:10,0.0
31/01/2025 14:15,0.0
31/01/2025 14:20,0.12
31/01/2025 14:25,0.012
31/01/2025 14:30,0.0
31/01/2025 14:35,0.0
31/01/2025 14:40,0.48
31/01/2025 14:45,0.96
31/01/2025 14:50,0.4559999999999999
31/01/2025 14:55,1.152
31/01/2025 15:00,0.372
31/01/2025 15:05,0.4679999999999999
31/01/2025 15:10,0.8280000000000001
31/01/2025 15:15,1.092
31/01/2025 15:20,0.78
31/01/2025 15:25,0.792
31/01/2025 15:30,0.504
31/01/2025 15:35,0.948
31/01/2025 15:40,0.516
31/01/2025 15:45,0.288
31/01/2025 15:50,0.372
31/01/2025 15:55,0.54
31/01/2025 16:00,0.66
31/01/2025 16:05,0.348
31/01/2025 16:10,0.372
31/01/2025 16:15,0.732
31/01/2025 16:20,0.504
31/01/2025 16:25,0.0
31/01/2025 16:30,0.0
31/01/2025 16:35,0.0
31/01/2025 16:40,0.0
31/01/2025 16:45,0.0
31/01/2025 16:50,0.12
31/01/2025 16:55,0.4679999999999999
31/01/2025 17:00,0.36
31/01/2025 17:05,0.732
31/01/2025 17:10,0.72
31/01/2025 17:15,0.972
31/01/2025 17:20,1.008
31/01/2025 17:25,0.8879999999999999
31/01/2025 17:30,2.712
31/01/2025 17:35,6.444000000000001
31/01/2025 17:40,4.776
31/01/2025 17:45,4.92
31/01/2025 17:50,6.876
31/01/2025 17:55,6.300000000000001
31/01/2025 18:00,6.504
31/01/2025 18:05,7.176
31/01/2025 18:10,0.948
31/01/2025 18:15,0.948
31/01/2025 18:20,0.408
31/01/2025 18:25,0.4679999999999999
31/01/2025 18:30,0.492
31/01/2025 18:35,0.396
31/01/2025 18:40,0.4319999999999999
31/01/2025 18:45,0.384
31/01/2025 18:50,0.48
31/01/2025 18:55,0.504
31/01/2025 19:00,0.4559999999999999
31/01/2025 19:05,0.4679999999999999
31/01/2025 19:10,0.4679999999999999
31/01/2025 19:15,0.492
31/01/2025 19:20,0.42
31/01/2025 19:25,0.492
31/01/2025 19:30,0.4559999999999999
31/01/2025 19:35,0.516
31/01/2025 19:40,0.492
31/01/2025 19:45,0.396
31/01/2025 19:50,0.396
31/01/2025 19:55,0.528
31/01/2025 20:00,0.528
31/01/2025 20:05,0.4559999999999999
31/01/2025 20:10,0.4439999999999999
31/01/2025 20:15,0.48
31/01/2025 20:20,0.516
31/01/2025 20:25,0.516
31/01/2025 20:30,0.396
31/01/2025 20:35,0.4319999999999999
31/01/2025 20:40,0.4559999999999999
31/01/2025 20:45,0.528
31/01/2025 20:50,0.48
31/01/2025 20:55,0.4319999999999999
31/01/2025 21:00,0.396
31/01/2025 21:05,0.528
31/01/2025 21:10,0.4559999999999999
31/01/2025 21:15,0.408
31/01/2025 21:20,0.396
31/01/2025 21:25,0.42
31/01/2025 21:30,0.54
31/01/2025 21:35,0.42
31/01/2025 21:40,0.204
31/01/2025 21:45,0.204
31/01/2025 21:50,0.2279999999999999
31/01/2025 21:55,0.36
31/01/2025 22:00,0.2159999999999999
31/01/2025 22:05,0.168
31/01/2025 22:10,0.24
31/01/2025 22:15,0.492
31/01/2025 22:20,0.5760000000000001
31/01/2025 22:25,0.408
31/01/2025 22:30,0.348
31/01/2025 22:35,0.18
31/01/2025 22:40,0.324
31/01/2025 22:45,0.36
31/01/2025 22:50,0.24
31/01/2025 22:55,0.24
31/01/2025 23:00,0.288
31/01/2025 23:05,0.324
31/01/2025 23:10,0.3
31/01/2025 23:15,0.2159999999999999
31/01/2025 23:20,0.2279999999999999
31/01/2025 23:25,0.3
31/01/2025 23:30,0.276
31/01/2025 23:35,0.288
31/01/2025 23:40,0.2159999999999999
31/01/2025 23:45,0.252
31/01/2025 23:50,0.3
31/01/2025 23:55,0.24
1/02/2025 0:00,0.276
