forecaster,step,price_mae,net_mae
perfect,0,0.0,0.0
perfect,1,0.0,0.0
perfect,2,0.0,0.0
perfect,3,0.0,0.0
perfect,4,0.0,0.0
perfect,5,0.0,0.0
perfect,6,0.0,0.0
perfect,7,0.0,0.0
perfect,8,0.0,0.0
perfect,9,0.0,0.0
perfect,10,0.0,0.0
perfect,11,0.0,0.0
perfect,12,0.0,0.0
perfect,13,0.0,0.0
perfect,14,0.0,0.0
perfect,15,0.0,0.0
perfect,16,0.0,0.0
perfect,17,0.0,0.0
perfect,18,0.0,0.0
perfect,19,0.0,0.0
perfect,20,0.0,0.0
perfect,21,0.0,0.0
perfect,22,0.0,0.0
perfect,23,0.0,0.0
perfect,24,0.0,0.0
perfect,25,0.0,0.0
perfect,26,0.0,0.0
perfect,27,0.0,0.0
perfect,28,0.0,0.0
perfect,29,0.0,0.0
perfect,30,0.0,0.0
perfect,31,0.0,0.0
perfect,32,0.0,0.0
perfect,33,0.0,0.0
perfect,34,0.0,0.0
perfect,35,0.0,0.0
perfect,36,0.0,0.0
perfect,37,0.0,0.0
perfect,38,0.0,0.0
perfect,39,0.0,0.0
perfect,40,0.0,0.0
perfect,41,0.0,0.0
perfect,42,0.0,0.0
perfect,43,0.0,0.0
perfect,44,0.0,0.0
perfect,45,0.0,0.0
perfect,46,0.0,0.0
perfect,47,0.0,0.0
perfect,48,0.0,0.0
perfect,49,0.0,0.0
perfect,50,0.0,0.0
perfect,51,0.0,0.0
perfect,52,0.0,0.0
perfect,53,0.0,0.0
perfect,54,0.0,0.0
perfect,55,0.0,0.0
perfect,56,0.0,0.0
perfect,57,0.0,0.0
perfect,58,0.0,0.0
perfect,59,0.0,0.0
perfect,60,0.0,0.0
perfect,61,0.0,0.0
perfect,62,0.0,0.0
perfect,63,0.0,0.0
perfect,64,0.0,0.0
perfect,65,0.0,0.0
perfect,66,0.0,0.0
perfect,67,0.0,0.0
perfect,68,0.0,0.0
perfect,69,0.0,0.0
perfect,70,0.0,0.0
perfect,71,0.0,0.0
perfect,72,0.0,0.0
perfect,73,0.0,0.0
perfect,74,0.0,0.0
perfect,75,0.0,0.0
perfect,76,0.0,0.0
perfect,77,0.0,0.0
perfect,78,0.0,0.0
perfect,79,0.0,0.0
perfect,80,0.0,0.0
perfect,81,0.0,0.0
perfect,82,0.0,0.0
perfect,83,0.0,0.0
perfect,84,0.0,0.0
perfect,85,0.0,0.0
perfect,86,0.0,0.0
perfect,87,0.0,0.0
perfect,88,0.0,0.0
perfect,89,0.0,0.0
perfect,90,0.0,0.0
perfect,91,0.0,0.0
perfect,92,0.0,0.0
perfect,93,0.0,0.0
perfect,94,0.0,0.0
perfect,95,0.0,0.0
perfect,96,0.0,0.0
perfect,97,0.0,0.0
perfect,98,0.0,0.0
perfect,99,0.0,0.0
perfect,100,0.0,0.0
perfect,101,0.0,0.0
perfect,102,0.0,0.0
perfect,103,0.0,0.0
perfect,104,0.0,0.0
perfect,105,0.0,0.0
perfect,106,0.0,0.0
perfect,107,0.0,0.0
perfect,108,0.0,0.0
perfect,109,0.0,0.0
perfect,110,0.0,0.0
perfect,111,0.0,0.0
perfect,112,0.0,0.0
perfect,113,0.0,0.0
perfect,114,0.0,0.0
perfect,115,0.0,0.0
perfect,116,0.0,0.0
perfect,117,0.0,0.0
perfect,118,0.0,0.0
perfect,119,0.0,0.0
perfect,120,0.0,0.0
perfect,121,0.0,0.0
perfect,122,0.0,0.0
perfect,123,0.0,0.0
perfect,124,0.0,0.0
perfect,125,0.0,0.0
perfect,126,0.0,0.0
perfect,127,0.0,0.0
perfect,128,0.0,0.0
perfect,129,0.0,0.0
perfect,130,0.0,0.0
perfect,131,0.0,0.0
perfect,132,0.0,0.0
perfect,133,0.0,0.0
perfect,134,0.0,0.0
perfect,135,0.0,0.0
perfect,136,0.0,0.0
perfect,137,0.0,0.0
perfect,138,0.0,0.0
perfect,139,0.0,0.0
perfect,140,0.0,0.0
perfect,141,0.0,0.0
perfect,142,0.0,0.0
perfect,143,0.0,0.0
perfect,144,0.0,0.0
perfect,145,0.0,0.0
perfect,146,0.0,0.0
perfect,147,0.0,0.0
perfect,148,0.0,0.0
perfect,149,0.0,0.0
perfect,150,0.0,0.0
perfect,151,0.0,0.0
perfect,152,0.0,0.0
perfect,153,0.0,0.0
perfect,154,0.0,0.0
perfect,155,0.0,0.0
perfect,156,0.0,0.0
perfect,157,0.0,0.0
perfect,158,0.0,0.0
perfect,159,0.0,0.0
perfect,160,0.0,0.0
perfect,161,0.0,0.0
perfect,162,0.0,0.0
perfect,163,0.0,0.0
perfect,164,0.0,0.0
perfect,165,0.0,0.0
perfect,166,0.0,0.0
perfect,167,0.0,0.0
perfect,168,0.0,0.0
perfect,169,0.0,0.0
perfect,170,0.0,0.0
perfect,171,0.0,0.0
perfect,172,0.0,0.0
perfect,173,0.0,0.0
perfect,174,0.0,0.0
perfect,175,0.0,0.0
perfect,176,0.0,0.0
perfect,177,0.0,0.0
perfect,178,0.0,0.0
perfect,179,0.0,0.0
perfect,180,0.0,0.0
perfect,181,0.0,0.0
perfect,182,0.0,0.0
perfect,183,0.0,0.0
perfect,184,0.0,0.0
perfect,185,0.0,0.0
perfect,186,0.0,0.0
perfect,187,0.0,0.0
perfect,188,0.0,0.0
perfect,189,0.0,0.0
perfect,190,0.0,0.0
perfect,191,0.0,0.0
perfect,192,0.0,0.0
perfect,193,0.0,0.0
perfect,194,0.0,0.0
perfect,195,0.0,0.0
perfect,196,0.0,0.0
perfect,197,0.0,0.0
perfect,198,0.0,0.0
perfect,199,0.0,0.0
perfect,200,0.0,0.0
perfect,201,0.0,0.0
perfect,202,0.0,0.0
perfect,203,0.0,0.0
perfect,204,0.0,0.0
perfect,205,0.0,0.0
perfect,206,0.0,0.0
perfect,207,0.0,0.0
perfect,208,0.0,0.0
perfect,209,0.0,0.0
perfect,210,0.0,0.0
perfect,211,0.0,0.0
perfect,212,0.0,0.0
perfect,213,0.0,0.0
perfect,214,0.0,0.0
perfect,215,0.0,0.0
perfect,216,0.0,0.0
perfect,217,0.0,0.0
perfect,218,0.0,0.0
perfect,219,0.0,0.0
perfect,220,0.0,0.0
perfect,221,0.0,0.0
perfect,222,0.0,0.0
perfect,223,0.0,0.0
perfect,224,0.0,0.0
perfect,225,0.0,0.0
perfect,226,0.0,0.0
perfect,227,0.0,0.0
perfect,228,0.0,0.0
perfect,229,0.0,0.0
perfect,230,0.0,0.0
perfect,231,0.0,0.0
perfect,232,0.0,0.0
perfect,233,0.0,0.0
perfect,234,0.0,0.0
perfect,235,0.0,0.0
perfect,236,0.0,0.0
perfect,237,0.0,0.0
perfect,238,0.0,0.0
perfect,239,0.0,0.0
perfect,240,0.0,0.0
perfect,241,0.0,0.0
perfect,242,0.0,0.0
perfect,243,0.0,0.0
perfect,244,0.0,0.0
perfect,245,0.0,0.0
perfect,246,0.0,0.0
perfect,247,0.0,0.0
perfect,248,0.0,0.0
perfect,249,0.0,0.0
perfect,250,0.0,0.0
perfect,251,0.0,0.0
perfect,252,0.0,0.0
perfect,253,0.0,0.0
perfect,254,0.0,0.0
perfect,255,0.0,0.0
perfect,256,0.0,0.0
perfect,257,0.0,0.0
perfect,258,0.0,0.0
perfect,259,0.0,0.0
perfect,260,0.0,0.0
perfect,261,0.0,0.0
perfect,262,0.0,0.0
perfect,263,0.0,0.0
perfect,264,0.0,0.0
perfect,265,0.0,0.0
perfect,266,0.0,0.0
perfect,267,0.0,0.0
perfect,268,0.0,0.0
perfect,269,0.0,0.0
perfect,270,0.0,0.0
perfect,271,0.0,0.0
perfect,272,0.0,0.0
perfect,273,0.0,0.0
perfect,274,0.0,0.0
perfect,275,0.0,0.0
perfect,276,0.0,0.0
perfect,277,0.0,0.0
perfect,278,0.0,0.0
perfect,279,0.0,0.0
perfect,280,0.0,0.0
perfect,281,0.0,0.0
perfect,282,0.0,0.0
perfect,283,0.0,0.0
perfect,284,0.0,0.0
perfect,285,0.0,0.0
perfect,286,0.0,0.0
perfect,287,0.0,0.0
noise_price_0.25,0,0.0,0.0
noise_price_0.25,1,2.525051879670932,0.0
noise_price_0.25,2,2.731409796933141,0.0
noise_price_0.25,3,3.2895840097616857,0.0
noise_price_0.25,4,3.603141601803121,0.0
noise_price_0.25,5,4.127024671217801,0.0
noise_price_0.25,6,5.351004049167431,0.0
noise_price_0.25,7,4.579587303339984,0.0
noise_price_0.25,8,4.603922067898996,0.0
noise_price_0.25,9,5.182159663780173,0.0
noise_price_0.25,10,5.163528032039316,0.0
noise_price_0.25,11,6.156795608372775,0.0
noise_price_0.25,12,7.470171446035567,0.0
noise_price_0.25,13,6.523086516874403,0.0
noise_price_0.25,14,6.064391937638265,0.0
noise_price_0.25,15,7.091103970322383,0.0
noise_price_0.25,16,6.770566159011027,0.0
noise_price_0.25,17,8.065652299771678,0.0
noise_price_0.25,18,9.20208727885679,0.0
noise_price_0.25,19,8.636671661553372,0.0
noise_price_0.25,20,7.402835989024746,0.0
noise_price_0.25,21,8.680783900670185,0.0
noise_price_0.25,22,8.070181353997558,0.0
noise_price_0.25,23,9.045174008692417,0.0
noise_price_0.25,24,10.752127465752377,0.0
noise_price_0.25,25,10.060357098309469,0.0
noise_price_0.25,26,8.3165514219834,0.0
noise_price_0.25,27,10.449106016833566,0.0
noise_price_0.25,28,9.453578060631486,0.0
noise_price_0.25,29,8.681166514201543,0.0
noise_price_0.25,30,9.63600395560492,0.0
noise_price_0.25,31,9.291066009116436,0.0
noise_price_0.25,32,9.062811554574944,0.0
noise_price_0.25,33,9.203915909693317,0.0
noise_price_0.25,34,9.30206988865858,0.0
noise_price_0.25,35,10.00764563242092,0.0
noise_price_0.25,36,12.047594533231598,0.0
noise_price_0.25,37,10.428714887971124,0.0
noise_price_0.25,38,9.993630959904316,0.0
noise_price_0.25,39,10.091559935050856,0.0
noise_price_0.25,40,10.12792861591258,0.0
noise_price_0.25,41,10.842003444089348,0.0
noise_price_0.25,42,13.486277609755456,0.0
noise_price_0.25,43,11.827147343205162,0.0
noise_price_0.25,44,10.80448219287287,0.0
noise_price_0.25,45,11.17508928612855,0.0
noise_price_0.25,46,10.905520982373917,0.0
noise_price_0.25,47,14.151677070589452,0.0
noise_price_0.25,48,18.73517000771237,0.0
noise_price_0.25,49,15.093592580621582,0.0
noise_price_0.25,50,11.624241542777895,0.0
noise_price_0.25,51,12.481725905986451,0.0
noise_price_0.25,52,12.111107463707194,0.0
noise_price_0.25,53,12.457189944020342,0.0
noise_price_0.25,54,13.630226803154368,0.0
noise_price_0.25,55,13.566248725980287,0.0
noise_price_0.25,56,12.059864119262832,0.0
noise_price_0.25,57,14.720326469205675,0.0
noise_price_0.25,58,13.311402135005135,0.0
noise_price_0.25,59,13.145931045478685,0.0
noise_price_0.25,60,16.276722802875813,0.0
noise_price_0.25,61,14.09981460982755,0.0
noise_price_0.25,62,12.546219197314056,0.0
noise_price_0.25,63,12.903548828850044,0.0
noise_price_0.25,64,12.52850639609258,0.0
noise_price_0.25,65,12.853452133083636,0.0
noise_price_0.25,66,19.06356646141735,0.0
noise_price_0.25,67,14.135089845944607,0.0
noise_price_0.25,68,13.01779368595637,0.0
noise_price_0.25,69,13.953005171731192,0.0
noise_price_0.25,70,13.444488441784674,0.0
noise_price_0.25,71,13.51240980833179,0.0
noise_price_0.25,72,14.651471067634349,0.0
noise_price_0.25,73,13.869718236780374,0.0
noise_price_0.25,74,13.68814863116622,0.0
noise_price_0.25,75,16.455817576022373,0.0
noise_price_0.25,76,15.700483004703027,0.0
noise_price_0.25,77,14.236319971189182,0.0
noise_price_0.25,78,17.613345699677648,0.0
noise_price_0.25,79,15.519448014160377,0.0
noise_price_0.25,80,14.426719125575993,0.0
noise_price_0.25,81,16.06243118141431,0.0
noise_price_0.25,82,15.030053428104392,0.0
noise_price_0.25,83,16.45639330853487,0.0
noise_price_0.25,84,18.14699385926393,0.0
noise_price_0.25,85,16.73505932626693,0.0
noise_price_0.25,86,15.049383213813066,0.0
noise_price_0.25,87,15.855441271754458,0.0
noise_price_0.25,88,15.120976878054073,0.0
noise_price_0.25,89,17.635974493296,0.0
noise_price_0.25,90,21.473643910726786,0.0
noise_price_0.25,91,18.84678226379899,0.0
noise_price_0.25,92,15.582134534424194,0.0
noise_price_0.25,93,15.966116526497965,0.0
noise_price_0.25,94,15.696430136007551,0.0
noise_price_0.25,95,15.994934111880296,0.0
noise_price_0.25,96,20.05208005177085,0.0
noise_price_0.25,97,17.384639704207494,0.0
noise_price_0.25,98,15.930569933374883,0.0
noise_price_0.25,99,16.019744375127466,0.0
noise_price_0.25,100,15.969137480319311,0.0
noise_price_0.25,101,16.99386746864947,0.0
noise_price_0.25,102,18.90595173617863,0.0
noise_price_0.25,103,17.696428257301335,0.0
noise_price_0.25,104,16.308862498464187,0.0
noise_price_0.25,105,17.990283402684316,0.0
noise_price_0.25,106,16.829691958325956,0.0
noise_price_0.25,107,17.047795079961514,0.0
noise_price_0.25,108,18.824837498160125,0.0
noise_price_0.25,109,18.555562209846823,0.0
noise_price_0.25,110,16.908406009317375,0.0
noise_price_0.25,111,17.134387016985674,0.0
noise_price_0.25,112,17.376443235379934,0.0
noise_price_0.25,113,19.300369042313672,0.0
noise_price_0.25,114,21.199773910272743,0.0
noise_price_0.25,115,20.68982786499385,0.0
noise_price_0.25,116,17.43047682051989,0.0
noise_price_0.25,117,21.19623375914651,0.0
noise_price_0.25,118,19.30120610833117,0.0
noise_price_0.25,119,18.016141375398536,0.0
noise_price_0.25,120,21.42622982245248,0.0
noise_price_0.25,121,20.4747643659354,0.0
noise_price_0.25,122,18.0150857555884,0.0
noise_price_0.25,123,18.67987521723653,0.0
noise_price_0.25,124,18.175146583888345,0.0
noise_price_0.25,125,19.007452441324038,0.0
noise_price_0.25,126,21.80137689709548,0.0
noise_price_0.25,127,19.89703448141894,0.0
noise_price_0.25,128,18.383416995709517,0.0
noise_price_0.25,129,22.40919119192066,0.0
noise_price_0.25,130,20.37019618978193,0.0
noise_price_0.25,131,18.78452163737909,0.0
noise_price_0.25,132,21.11255974898617,0.0
noise_price_0.25,133,20.17507249011509,0.0
noise_price_0.25,134,19.07142287648808,0.0
noise_price_0.25,135,20.113823659665005,0.0
noise_price_0.25,136,19.569186784877992,0.0
noise_price_0.25,137,20.452300037563557,0.0
noise_price_0.25,138,21.53661240917703,0.0
noise_price_0.25,139,20.90262698378581,0.0
noise_price_0.25,140,18.67602196411865,0.0
noise_price_0.25,141,18.95939488587821,0.0
noise_price_0.25,142,18.879732261304124,0.0
noise_price_0.25,143,22.158913922191807,0.0
noise_price_0.25,144,22.09870862901817,0.0
noise_price_0.25,145,23.21664006741058,0.0
noise_price_0.25,146,18.774787999420237,0.0
noise_price_0.25,147,20.925432144684702,0.0
noise_price_0.25,148,19.348088007584,0.0
noise_price_0.25,149,19.535151438227928,0.0
noise_price_0.25,150,22.35420633990969,0.0
noise_price_0.25,151,21.97878256683352,0.0
noise_price_0.25,152,19.871013614488344,0.0
noise_price_0.25,153,20.10093575548911,0.0
noise_price_0.25,154,19.46529437789472,0.0
noise_price_0.25,155,21.11252087175362,0.0
noise_price_0.25,156,23.39938890967252,0.0
noise_price_0.25,157,20.67298176445203,0.0
noise_price_0.25,158,20.13685498847277,0.0
noise_price_0.25,159,21.945181785890867,0.0
noise_price_0.25,160,20.288773520437445,0.0
noise_price_0.25,161,21.87556743398561,0.0
noise_price_0.25,162,22.047283775865612,0.0
noise_price_0.25,163,22.163603000785923,0.0
noise_price_0.25,164,20.7602890489878,0.0
noise_price_0.25,165,23.764794529168007,0.0
noise_price_0.25,166,22.26867967103818,0.0
noise_price_0.25,167,24.997663628911617,0.0
noise_price_0.25,168,25.60752211815567,0.0
noise_price_0.25,169,25.79360391466867,0.0
noise_price_0.25,170,20.777322657058964,0.0
noise_price_0.25,171,21.30003282809843,0.0
noise_price_0.25,172,20.915650203699307,0.0
noise_price_0.25,173,24.165949483103734,0.0
noise_price_0.25,174,25.52644781993544,0.0
noise_price_0.25,175,25.48511738338472,0.0
noise_price_0.25,176,22.01094231176938,0.0
noise_price_0.25,177,22.18861620998763,0.0
noise_price_0.25,178,22.110378544758703,0.0
noise_price_0.25,179,28.72405606715429,0.0
noise_price_0.25,180,31.596635168491435,0.0
noise_price_0.25,181,26.34833196328846,0.0
noise_price_0.25,182,22.23368981677845,0.0
noise_price_0.25,183,24.3320760672607,0.0
noise_price_0.25,184,23.02747017208593,0.0
noise_price_0.25,185,24.390054462753323,0.0
noise_price_0.25,186,28.919282851147912,0.0
noise_price_0.25,187,26.883134655899514,0.0
noise_price_0.25,188,22.96179504645161,0.0
noise_price_0.25,189,26.59867804556949,0.0
noise_price_0.25,190,24.109653482331936,0.0
noise_price_0.25,191,23.018983434289414,0.0
noise_price_0.25,192,24.834271370827576,0.0
noise_price_0.25,193,23.47239919002139,0.0
noise_price_0.25,194,21.87770276523253,0.0
noise_price_0.25,195,21.80460781432136,0.0
noise_price_0.25,196,21.71539777353541,0.0
noise_price_0.25,197,23.173057978562632,0.0
noise_price_0.25,198,26.49144264930855,0.0
noise_price_0.25,199,23.745442192950783,0.0
noise_price_0.25,200,22.45958455084074,0.0
noise_price_0.25,201,23.095786327356524,0.0
noise_price_0.25,202,22.915655988578354,0.0
noise_price_0.25,203,23.49983980589836,0.0
noise_price_0.25,204,25.65071533731666,0.0
noise_price_0.25,205,23.44885951970413,0.0
noise_price_0.25,206,22.740382202709505,0.0
noise_price_0.25,207,24.98443566769783,0.0
noise_price_0.25,208,24.118531636640743,0.0
noise_price_0.25,209,24.22861830626373,0.0
noise_price_0.25,210,30.703363161678784,0.0
noise_price_0.25,211,25.83499353079831,0.0
noise_price_0.25,212,22.88208721693652,0.0
noise_price_0.25,213,24.610838834931307,0.0
noise_price_0.25,214,23.428165263258485,0.0
noise_price_0.25,215,25.043467825402583,0.0
noise_price_0.25,216,30.18133359517117,0.0
noise_price_0.25,217,27.593656586910956,0.0
noise_price_0.25,218,23.84110330282011,0.0
noise_price_0.25,219,25.35277837192666,0.0
noise_price_0.25,220,24.228722469068707,0.0
noise_price_0.25,221,26.00211534081801,0.0
noise_price_0.25,222,28.382308263205044,0.0
noise_price_0.25,223,24.52622555918386,0.0
noise_price_0.25,224,24.13216876832962,0.0
noise_price_0.25,225,25.741500199112448,0.0
noise_price_0.25,226,25.834246146614767,0.0
noise_price_0.25,227,25.802542605760493,0.0
noise_price_0.25,228,28.34429145168932,0.0
noise_price_0.25,229,26.50210622085712,0.0
noise_price_0.25,230,24.107855002190632,0.0
noise_price_0.25,231,29.693330545723715,0.0
noise_price_0.25,232,27.063692961459186,0.0
noise_price_0.25,233,28.361832299105195,0.0
noise_price_0.25,234,34.23337290296997,0.0
noise_price_0.25,235,30.45462874690416,0.0
noise_price_0.25,236,24.591982238677357,0.0
noise_price_0.25,237,26.6730886312652,0.0
noise_price_0.25,238,24.966379330757047,0.0
noise_price_0.25,239,26.878948151359445,0.0
noise_price_0.25,240,28.38480614464282,0.0
noise_price_0.25,241,29.076168164145084,0.0
noise_price_0.25,242,25.0761332275388,0.0
noise_price_0.25,243,26.257057488185517,0.0
noise_price_0.25,244,25.74050818201647,0.0
noise_price_0.25,245,25.139462252461342,0.0
noise_price_0.25,246,28.75916727140264,0.0
noise_price_0.25,247,26.9727666207932,0.0
noise_price_0.25,248,25.37884805357079,0.0
noise_price_0.25,249,31.08331771153371,0.0
noise_price_0.25,250,28.685239113547397,0.0
noise_price_0.25,251,29.331698775192287,0.0
noise_price_0.25,252,34.36601634112307,0.0
noise_price_0.25,253,30.85318842848217,0.0
noise_price_0.25,254,25.634835067651995,0.0
noise_price_0.25,255,26.024458674208947,0.0
noise_price_0.25,256,25.482825749801293,0.0
noise_price_0.25,257,31.62179538986778,0.0
noise_price_0.25,258,34.68746483970515,0.0
noise_price_0.25,259,31.685940469333385,0.0
noise_price_0.25,260,25.56223551825338,0.0
noise_price_0.25,261,25.9623394523662,0.0
noise_price_0.25,262,26.056258873286826,0.0
noise_price_0.25,263,33.14163794233007,0.0
noise_price_0.25,264,32.83317076937343,0.0
noise_price_0.25,265,32.586801345915404,0.0
noise_price_0.25,266,25.593625809461965,0.0
noise_price_0.25,267,26.135491433465315,0.0
noise_price_0.25,268,26.025490396281032,0.0
noise_price_0.25,269,27.656474798538213,0.0
noise_price_0.25,270,27.776133285394984,0.0
noise_price_0.25,271,28.328088737448518,0.0
noise_price_0.25,272,25.80361483997168,0.0
noise_price_0.25,273,26.29043720266205,0.0
noise_price_0.25,274,26.36796593495903,0.0
noise_price_0.25,275,27.77749845262216,0.0
noise_price_0.25,276,29.762815666785205,0.0
noise_price_0.25,277,27.46351994341622,0.0
noise_price_0.25,278,25.981953468225093,0.0
noise_price_0.25,279,26.14107622505103,0.0
noise_price_0.25,280,26.90799363444921,0.0
noise_price_0.25,281,28.32573027174785,0.0
noise_price_0.25,282,32.00767087628856,0.0
noise_price_0.25,283,30.28191835089793,0.0
noise_price_0.25,284,27.256164945406496,0.0
noise_price_0.25,285,30.195469695164523,0.0
noise_price_0.25,286,27.65356157520947,0.0
noise_price_0.25,287,32.06661535184469,0.0
noise_price_0.5,0,0.0,0.0
noise_price_0.5,1,5.055092760223125,0.0
noise_price_0.5,2,5.470882479564988,0.0
noise_price_0.5,3,6.587113300195881,0.0
noise_price_0.5,4,7.215461905423201,0.0
noise_price_0.5,5,8.277815018033412,0.0
noise_price_0.5,6,10.792064109906416,0.0
noise_price_0.5,7,9.18227024707781,0.0
noise_price_0.5,8,9.235501215700811,0.0
noise_price_0.5,9,10.387707404821938,0.0
noise_price_0.5,10,10.361802794718,0.0
noise_price_0.5,11,12.304388586912149,0.0
noise_price_0.5,12,14.843633878629335,0.0
noise_price_0.5,13,13.083012548526083,0.0
noise_price_0.5,14,12.181934534028418,0.0
noise_price_0.5,15,14.164439821923118,0.0
noise_price_0.5,16,13.56861050510676,0.0
noise_price_0.5,17,16.02843623067359,0.0
noise_price_0.5,18,18.24166683693791,0.0
noise_price_0.5,19,17.198183549654615,0.0
noise_price_0.5,20,14.915292002681184,0.0
noise_price_0.5,21,17.320278702144634,0.0
noise_price_0.5,22,16.18633430208817,0.0
noise_price_0.5,23,18.034274835194957,0.0
noise_price_0.5,24,21.375071453495007,0.0
noise_price_0.5,25,20.008334530372693,0.0
noise_price_0.5,26,16.737106846324735,0.0
noise_price_0.5,27,21.38302624915366,0.0
noise_price_0.5,28,19.14056184993809,0.0
noise_price_0.5,29,17.4486159683217,0.0
noise_price_0.5,30,19.351503197804764,0.0
noise_price_0.5,31,18.686426588042508,0.0
noise_price_0.5,32,18.234500083853817,0.0
noise_price_0.5,33,18.526375117139423,0.0
noise_price_0.5,34,18.72342392894964,0.0
noise_price_0.5,35,20.180327871750507,0.0
noise_price_0.5,36,24.14620276446368,0.0
noise_price_0.5,37,21.074496400712384,0.0
noise_price_0.5,38,20.165727181489757,0.0
noise_price_0.5,39,20.34922747201129,0.0
noise_price_0.5,40,20.393160567868964,0.0
noise_price_0.5,41,21.845368498007957,0.0
noise_price_0.5,42,26.77760517302142,0.0
noise_price_0.5,43,23.918484458074285,0.0
noise_price_0.5,44,21.873420000363957,0.0
noise_price_0.5,45,22.586244564581943,0.0
noise_price_0.5,46,22.019479868469997,0.0
noise_price_0.5,47,29.45733707435853,0.0
noise_price_0.5,48,39.67060568969808,0.0
noise_price_0.5,49,31.222157537660067,0.0
noise_price_0.5,50,23.41271597004498,0.0
noise_price_0.5,51,25.19775755617332,0.0
noise_price_0.5,52,24.48859267652577,0.0
noise_price_0.5,53,25.224483964340436,0.0
noise_price_0.5,54,27.53723444811185,0.0
noise_price_0.5,55,27.45037428464831,0.0
noise_price_0.5,56,24.393980565860257,0.0
noise_price_0.5,57,30.35290041986987,0.0
noise_price_0.5,58,27.24130667421852,0.0
noise_price_0.5,59,26.669549345994447,0.0
noise_price_0.5,60,33.40091988334631,0.0
noise_price_0.5,61,29.128071413315947,0.0
noise_price_0.5,62,25.514582058034,0.0
noise_price_0.5,63,26.19416435766111,0.0
noise_price_0.5,64,25.439718830788195,0.0
noise_price_0.5,65,26.07946121730652,0.0
noise_price_0.5,66,40.26891744927327,0.0
noise_price_0.5,67,28.6780346246958,0.0
noise_price_0.5,68,26.416775960516645,0.0
noise_price_0.5,69,28.257071959784103,0.0
noise_price_0.5,70,27.2872992923354,0.0
noise_price_0.5,71,27.492029910319907,0.0
noise_price_0.5,72,29.91022676445896,0.0
noise_price_0.5,73,28.18337865262308,0.0
noise_price_0.5,74,27.884349506086497,0.0
noise_price_0.5,75,34.10358016444983,0.0
noise_price_0.5,76,32.56911184936378,0.0
noise_price_0.5,77,28.83361911526969,0.0
noise_price_0.5,78,36.22286191296308,0.0
noise_price_0.5,79,31.456176185885564,0.0
noise_price_0.5,80,29.272896293869785,0.0
noise_price_0.5,81,32.30793651841194,0.0
noise_price_0.5,82,30.35971798421528,0.0
noise_price_0.5,83,33.76075491246459,0.0
noise_price_0.5,84,37.35086381801306,0.0
noise_price_0.5,85,34.15305923912226,0.0
noise_price_0.5,86,30.61051964385497,0.0
noise_price_0.5,87,32.249067643920895,0.0
noise_price_0.5,88,30.753178689033348,0.0
noise_price_0.5,89,35.22075436582006,0.0
noise_price_0.5,90,42.31296178203189,0.0
noise_price_0.5,91,37.7461332308914,0.0
noise_price_0.5,92,31.891437433049617,0.0
noise_price_0.5,93,32.69065766860196,0.0
noise_price_0.5,94,32.17137185856065,0.0
noise_price_0.5,95,32.74172353306712,0.0
noise_price_0.5,96,42.46771828767431,0.0
noise_price_0.5,97,35.87154213839456,0.0
noise_price_0.5,98,32.64520202967905,0.0
noise_price_0.5,99,32.81349388322333,0.0
noise_price_0.5,100,32.640147747616766,0.0
noise_price_0.5,101,34.63580561493364,0.0
noise_price_0.5,102,38.98465497376046,0.0
noise_price_0.5,103,36.16432438089072,0.0
noise_price_0.5,104,33.22507664483128,0.0
noise_price_0.5,105,36.37901864566064,0.0
noise_price_0.5,106,34.237823057835264,0.0
noise_price_0.5,107,34.818768983583915,0.0
noise_price_0.5,108,38.17676764688128,0.0
noise_price_0.5,109,37.654262706709424,0.0
noise_price_0.5,110,34.42078594842001,0.0
noise_price_0.5,111,34.93387220847583,0.0
noise_price_0.5,112,35.50316182887982,0.0
noise_price_0.5,113,38.98902873903128,0.0
noise_price_0.5,114,42.85200835811705,0.0
noise_price_0.5,115,41.436180600246765,0.0
noise_price_0.5,116,35.60759553978616,0.0
noise_price_0.5,117,44.504394629496616,0.0
noise_price_0.5,118,39.99973625368769,0.0
noise_price_0.5,119,36.980011203304606,0.0
noise_price_0.5,120,44.56093698604306,0.0
noise_price_0.5,121,42.38603547867515,0.0
noise_price_0.5,122,37.06758442107269,0.0
noise_price_0.5,123,38.29726371272605,0.0
noise_price_0.5,124,37.271481891704,0.0
noise_price_0.5,125,38.79798080744396,0.0
noise_price_0.5,126,44.2546758850272,0.0
noise_price_0.5,127,40.47876564073503,0.0
noise_price_0.5,128,37.84492298084424,0.0
noise_price_0.5,129,44.56093368901365,0.0
noise_price_0.5,130,41.31073122567793,0.0
noise_price_0.5,131,38.574778457723326,0.0
noise_price_0.5,132,43.14285864447916,0.0
noise_price_0.5,133,41.692323323144,0.0
noise_price_0.5,134,39.43325928914236,0.0
noise_price_0.5,135,41.288596709879336,0.0
noise_price_0.5,136,40.07539979651288,0.0
noise_price_0.5,137,41.55373358767196,0.0
noise_price_0.5,138,43.87653682370455,0.0
noise_price_0.5,139,42.91635351009505,0.0
noise_price_0.5,140,38.47280971962371,0.0
noise_price_0.5,141,39.0346126429184,0.0
noise_price_0.5,142,38.84492681021652,0.0
noise_price_0.5,143,46.294489083289164,0.0
noise_price_0.5,144,45.73751694328126,0.0
noise_price_0.5,145,48.04021057963489,0.0
noise_price_0.5,146,38.71842683240708,0.0
noise_price_0.5,147,43.63529526816004,0.0
noise_price_0.5,148,40.07684912565456,0.0
noise_price_0.5,149,40.45645562891421,0.0
noise_price_0.5,150,46.06489475639164,0.0
noise_price_0.5,151,45.67221088982202,0.0
noise_price_0.5,152,41.08065677350298,0.0
noise_price_0.5,153,41.52443579314311,0.0
noise_price_0.5,154,40.23665608490615,0.0
noise_price_0.5,155,43.75083961053387,0.0
noise_price_0.5,156,47.341855645403086,0.0
noise_price_0.5,157,42.75814064597948,0.0
noise_price_0.5,158,41.650198023804265,0.0
noise_price_0.5,159,45.6962250108416,0.0
noise_price_0.5,160,42.119646662992174,0.0
noise_price_0.5,161,45.04546061134314,0.0
noise_price_0.5,162,45.50303129786799,0.0
noise_price_0.5,163,46.46258786448013,0.0
noise_price_0.5,164,43.09304883570521,0.0
noise_price_0.5,165,48.599331405994,0.0
noise_price_0.5,166,45.94462355992644,0.0
noise_price_0.5,167,50.25217507476384,0.0
noise_price_0.5,168,51.63681487728171,0.0
noise_price_0.5,169,51.84421797601468,0.0
noise_price_0.5,170,43.15966025908844,0.0
noise_price_0.5,171,44.299609063061126,0.0
noise_price_0.5,172,43.53893924982738,0.0
noise_price_0.5,173,50.74699788886256,0.0
noise_price_0.5,174,53.28210045392101,0.0
noise_price_0.5,175,53.99887577879994,0.0
noise_price_0.5,176,46.04994096885649,0.0
noise_price_0.5,177,46.39336667144862,0.0
noise_price_0.5,178,46.158732716905,0.0
noise_price_0.5,179,63.38206223137658,0.0
noise_price_0.5,180,68.49063106032101,0.0
noise_price_0.5,181,55.78118706872392,0.0
noise_price_0.5,182,46.40095748332799,0.0
noise_price_0.5,183,50.23542526294039,0.0
noise_price_0.5,184,48.160554177502505,0.0
noise_price_0.5,185,50.45362867407479,0.0
noise_price_0.5,186,58.02277577148335,0.0
noise_price_0.5,187,54.98491404162976,0.0
noise_price_0.5,188,48.404801676294674,0.0
noise_price_0.5,189,56.93853762466774,0.0
noise_price_0.5,190,50.66577929880307,0.0
noise_price_0.5,191,47.89350421088394,0.0
noise_price_0.5,192,51.27535646135068,0.0
noise_price_0.5,193,48.77358144293514,0.0
noise_price_0.5,194,45.45062220969909,0.0
noise_price_0.5,195,45.34936837991901,0.0
noise_price_0.5,196,45.10957671187834,0.0
noise_price_0.5,197,48.00616508529715,0.0
noise_price_0.5,198,55.33423935718252,0.0
noise_price_0.5,199,49.27597996632253,0.0
noise_price_0.5,200,46.85431422737621,0.0
noise_price_0.5,201,48.1235596447998,0.0
noise_price_0.5,202,47.79962724527871,0.0
noise_price_0.5,203,48.82250375269154,0.0
noise_price_0.5,204,53.61461635992959,0.0
noise_price_0.5,205,49.18068583540455,0.0
noise_price_0.5,206,47.67943626217378,0.0
noise_price_0.5,207,51.71444574181451,0.0
noise_price_0.5,208,50.16337886346607,0.0
noise_price_0.5,209,50.98576715774209,0.0
noise_price_0.5,210,62.149415840989775,0.0
noise_price_0.5,211,54.38469589167124,0.0
noise_price_0.5,212,47.65371165692281,0.0
noise_price_0.5,213,50.95266215761338,0.0
noise_price_0.5,214,48.95171480885373,0.0
noise_price_0.5,215,52.40456544814119,0.0
noise_price_0.5,216,63.15131737246335,0.0
noise_price_0.5,217,56.5450397536703,0.0
noise_price_0.5,218,49.994018857616666,0.0
noise_price_0.5,219,52.989159020687744,0.0
noise_price_0.5,220,51.04739344490685,0.0
noise_price_0.5,221,54.86138408996109,0.0
noise_price_0.5,222,59.660011665832656,0.0
noise_price_0.5,223,51.394697157481154,0.0
noise_price_0.5,224,50.53436172396012,0.0
noise_price_0.5,225,54.03523584979872,0.0
noise_price_0.5,226,54.432028975765576,0.0
noise_price_0.5,227,54.07352729321703,0.0
noise_price_0.5,228,59.63392083728812,0.0
noise_price_0.5,229,55.5920358213344,0.0
noise_price_0.5,230,50.40257005983376,0.0
noise_price_0.5,231,64.45602857048354,0.0
noise_price_0.5,232,57.93647537748018,0.0
noise_price_0.5,233,57.10566169074907,0.0
noise_price_0.5,234,67.09024898058622,0.0
noise_price_0.5,235,61.117007875882514,0.0
noise_price_0.5,236,51.542370540518654,0.0
noise_price_0.5,237,56.26842222519028,0.0
noise_price_0.5,238,52.24803492378371,0.0
noise_price_0.5,239,55.735202166758015,0.0
noise_price_0.5,240,58.66005721229013,0.0
noise_price_0.5,241,60.09542085728603,0.0
noise_price_0.5,242,52.781337471204445,0.0
noise_price_0.5,243,55.44360324693079,0.0
noise_price_0.5,244,54.27036922463595,0.0
noise_price_0.5,245,52.97682422688564,0.0
noise_price_0.5,246,59.75357949651088,0.0
noise_price_0.5,247,56.28869356345881,0.0
noise_price_0.5,248,53.50106531994852,0.0
noise_price_0.5,249,68.48909702299089,0.0
noise_price_0.5,250,62.97493465713282,0.0
noise_price_0.5,251,60.36669087349129,0.0
noise_price_0.5,252,69.83140550630326,0.0
noise_price_0.5,253,62.8851527058749,0.0
noise_price_0.5,254,54.05119953557859,0.0
noise_price_0.5,255,54.50435613032471,0.0
noise_price_0.5,256,53.40724543856256,0.0
noise_price_0.5,257,69.95093978957105,0.0
noise_price_0.5,258,75.69559845890778,0.0
noise_price_0.5,259,68.33283372995005,0.0
noise_price_0.5,260,53.92133327548195,0.0
noise_price_0.5,261,54.94575251466495,0.0
noise_price_0.5,262,55.3637496803656,0.0
noise_price_0.5,263,74.11062013852231,0.0
noise_price_0.5,264,71.64009680169376,0.0
noise_price_0.5,265,70.93197368082744,0.0
noise_price_0.5,266,54.19904705694685,0.0
noise_price_0.5,267,55.33497862698268,0.0
noise_price_0.5,268,55.480344160127615,0.0
noise_price_0.5,269,58.97969415192947,0.0
noise_price_0.5,270,58.79481026165224,0.0
noise_price_0.5,271,60.56194813964825,0.0
noise_price_0.5,272,54.92396920352476,0.0
noise_price_0.5,273,55.90338170566569,0.0
noise_price_0.5,274,56.11129347243214,0.0
noise_price_0.5,275,58.25684110686255,0.0
noise_price_0.5,276,62.49097314078443,0.0
noise_price_0.5,277,57.904596033054986,0.0
noise_price_0.5,278,54.98218731455427,0.0
noise_price_0.5,279,55.54675654495058,0.0
noise_price_0.5,280,57.09938358819931,0.0
noise_price_0.5,281,60.33760183308127,0.0
noise_price_0.5,282,67.20854426212198,0.0
noise_price_0.5,283,64.77790524842632,0.0
noise_price_0.5,284,58.01430259881336,0.0
noise_price_0.5,285,63.35429835846252,0.0
noise_price_0.5,286,58.93237287063822,0.0
noise_price_0.5,287,66.45093485814915,0.0
noise_price_1,0,0.0,0.0
noise_price_1,1,10.137523804857974,0.0
noise_price_1,2,10.987564984349662,0.0
noise_price_1,3,13.226426625838211,0.0
noise_price_1,4,14.495863957496091,0.0
noise_price_1,5,16.688186974381694,0.0
noise_price_1,6,22.014100553093712,0.0
noise_price_1,7,18.513562095531928,0.0
noise_price_1,8,18.64914483323112,0.0
noise_price_1,9,20.950415266266223,0.0
noise_price_1,10,20.954692653307013,0.0
noise_price_1,11,24.6956700331646,0.0
noise_price_1,12,29.46647508393677,0.0
noise_price_1,13,26.462226565242883,0.0
noise_price_1,14,24.73826098533799,0.0
noise_price_1,15,28.45436773729935,0.0
noise_price_1,16,27.44581483090952,0.0
noise_price_1,17,31.941899816861117,0.0
noise_price_1,18,36.19295784436797,0.0
noise_price_1,19,34.441227234468016,0.0
noise_price_1,20,30.57249017688652,0.0
noise_price_1,21,34.842399900382254,0.0
noise_price_1,22,32.90382079280245,0.0
noise_price_1,23,36.24428489356314,0.0
noise_price_1,24,42.705378509359946,0.0
noise_price_1,25,40.04937865984049,0.0
noise_price_1,26,34.2946030666164,0.0
noise_price_1,27,45.41437443878682,0.0
noise_price_1,28,39.7624296639404,0.0
noise_price_1,29,35.71608181433701,0.0
noise_price_1,30,39.52352609010033,0.0
noise_price_1,31,38.29719662271061,0.0
noise_price_1,32,37.44244132794316,0.0
noise_price_1,33,38.049679769566175,0.0
noise_price_1,34,38.46473581126812,0.0
noise_price_1,35,41.60823355343777,0.0
noise_price_1,36,49.262412852535554,0.0
noise_price_1,37,43.72353159065369,0.0
noise_price_1,38,41.76852994699341,0.0
noise_price_1,39,42.08303865162033,0.0
noise_price_1,40,42.072382824460185,0.0
noise_price_1,41,45.13070370945889,0.0
noise_price_1,42,53.85091524972334,0.0
noise_price_1,43,49.84788613796756,0.0
noise_price_1,44,45.79165763291616,0.0
noise_price_1,45,47.11564678442767,0.0
noise_price_1,46,45.87844961532161,0.0
noise_price_1,47,65.66067116704244,0.0
noise_price_1,48,91.40898274917834,0.0
noise_price_1,49,68.52126723657332,0.0
noise_price_1,50,48.63888490181856,0.0
noise_price_1,51,52.47555830930877,0.0
noise_price_1,52,51.178423710261626,0.0
noise_price_1,53,52.841072542484376,0.0
noise_price_1,54,57.36073676750826,0.0
noise_price_1,55,57.38742734906669,0.0
noise_price_1,56,51.09019777724493,0.0
noise_price_1,57,66.21648224942926,0.0
noise_price_1,58,58.5163160841912,0.0
noise_price_1,59,56.30259558945638,0.0
noise_price_1,60,72.28257324417798,0.0
noise_price_1,61,64.2733968293394,0.0
noise_price_1,62,54.17117183046516,0.0
noise_price_1,63,55.34364952653879,0.0
noise_price_1,64,53.80388355344387,0.0
noise_price_1,65,55.0758059067684,0.0
noise_price_1,66,93.08451335992508,0.0
noise_price_1,67,60.594052833075146,0.0
noise_price_1,68,55.99170916792624,0.0
noise_price_1,69,59.71405457000498,0.0
noise_price_1,70,57.97282898065499,0.0
noise_price_1,71,58.68975200223743,0.0
noise_price_1,72,64.32523638787242,0.0
noise_price_1,73,60.12851438912304,0.0
noise_price_1,74,59.94064110522844,0.0
noise_price_1,75,75.81634828781878,0.0
noise_price_1,76,72.9721941371319,0.0
noise_price_1,77,61.099176773936776,0.0
noise_price_1,78,79.18947402682508,0.0
noise_price_1,79,66.6962552356819,0.0
noise_price_1,80,62.34693472732263,0.0
noise_price_1,81,67.67044856479349,0.0
noise_price_1,82,64.13845188444712,0.0
noise_price_1,83,73.53622258832802,0.0
noise_price_1,84,81.8343756365258,0.0
noise_price_1,85,73.54938472375471,0.0
noise_price_1,86,65.87444162763421,0.0
noise_price_1,87,69.28798661553586,0.0
noise_price_1,88,66.17082788757943,0.0
noise_price_1,89,73.47414065988012,0.0
noise_price_1,90,86.01963204831785,0.0
noise_price_1,91,79.27721156858283,0.0
noise_price_1,92,69.7236960393954,0.0
noise_price_1,93,71.64343326147363,0.0
noise_price_1,94,70.86802612083157,0.0
noise_price_1,95,71.77290837591886,0.0
noise_price_1,96,100.57219241543602,0.0
noise_price_1,97,80.06306788292925,0.0
noise_price_1,98,72.09377555447186,0.0
noise_price_1,99,72.21505299008264,0.0
noise_price_1,100,71.3763065452397,0.0
noise_price_1,101,74.92522906728358,0.0
noise_price_1,102,86.37247297845124,0.0
noise_price_1,103,78.94620318926027,0.0
noise_price_1,104,72.26957088497701,0.0
noise_price_1,105,77.92662272163182,0.0
noise_price_1,106,74.2413698134812,0.0
noise_price_1,107,76.11371254269689,0.0
noise_price_1,108,82.167025523265,0.0
noise_price_1,109,81.11276177514699,0.0
noise_price_1,110,74.75922190009102,0.0
noise_price_1,111,76.0847454070403,0.0
noise_price_1,112,77.76662887239085,0.0
noise_price_1,113,83.58446945639321,0.0
noise_price_1,114,91.83431478330432,0.0
noise_price_1,115,87.53448753158797,0.0
noise_price_1,116,78.20980965712707,0.0
noise_price_1,117,103.4598389799732,0.0
noise_price_1,118,90.48842744919185,0.0
noise_price_1,119,82.08732312355392,0.0
noise_price_1,120,101.019484129309,0.0
noise_price_1,121,95.28695631675528,0.0
noise_price_1,122,82.90888612412411,0.0
noise_price_1,123,84.74288502197139,0.0
noise_price_1,124,82.71163301077044,0.0
noise_price_1,125,85.18772892536713,0.0
noise_price_1,126,95.9258054106639,0.0
noise_price_1,127,88.33190905766455,0.0
noise_price_1,128,85.04526301075617,0.0
noise_price_1,129,95.04290713949622,0.0
noise_price_1,130,90.84260352341047,0.0
noise_price_1,131,86.54296762694815,0.0
noise_price_1,132,95.75148481149562,0.0
noise_price_1,133,94.6070657204666,0.0
noise_price_1,134,89.94906311297494,0.0
noise_price_1,135,92.49167300563224,0.0
noise_price_1,136,89.39372521210407,0.0
noise_price_1,137,90.90134738656442,0.0
noise_price_1,138,96.5388794367738,0.0
noise_price_1,139,95.74949099657022,0.0
noise_price_1,140,86.78966394872288,0.0
noise_price_1,141,87.90875968073672,0.0
noise_price_1,142,87.58764474374865,0.0
noise_price_1,143,107.1648043789743,0.0
noise_price_1,144,103.971023915411,0.0
noise_price_1,145,109.69057364929748,0.0
noise_price_1,146,87.80877492682433,0.0
noise_price_1,147,100.9469709401261,0.0
noise_price_1,148,91.63364764556354,0.0
noise_price_1,149,92.59827618744046,0.0
noise_price_1,150,104.13910594618648,0.0
noise_price_1,151,105.00487940035632,0.0
noise_price_1,152,93.92367124354588,0.0
noise_price_1,153,94.67681180568697,0.0
noise_price_1,154,91.95753563791804,0.0
noise_price_1,155,100.59355254283795,0.0
noise_price_1,156,104.7816342724033,0.0
noise_price_1,157,97.87463802190388,0.0
noise_price_1,158,95.1342201466582,0.0
noise_price_1,159,105.37256740520496,0.0
noise_price_1,160,97.20116780089786,0.0
noise_price_1,161,102.27601820132654,0.0
noise_price_1,162,103.25734497309053,0.0
noise_price_1,163,110.08388401036832,0.0
noise_price_1,164,99.73414715257438,0.0
noise_price_1,165,110.21131030610704,0.0
noise_price_1,166,105.69051267724046,0.0
noise_price_1,167,111.26186847705496,0.0
noise_price_1,168,114.78359059531113,0.0
noise_price_1,169,114.77063592862888,0.0
noise_price_1,170,100.20212972518536,0.0
noise_price_1,171,103.25430160503848,0.0
noise_price_1,172,101.74625772139076,0.0
noise_price_1,173,120.19331741239156,0.0
noise_price_1,174,124.5016703291962,0.0
noise_price_1,175,131.5790844982788,0.0
noise_price_1,176,109.90228932842808,0.0
noise_price_1,177,110.18991270163194,0.0
noise_price_1,178,109.5262227550485,0.0
noise_price_1,179,170.28697635200618,0.0
noise_price_1,180,174.37712215210092,0.0
noise_price_1,181,135.14485646239237,0.0
noise_price_1,182,110.0865156322674,0.0
noise_price_1,183,116.92416059998176,0.0
noise_price_1,184,114.65639029397778,0.0
noise_price_1,185,117.63276200047468,0.0
noise_price_1,186,128.25180312775066,0.0
noise_price_1,187,126.05582954576192,0.0
noise_price_1,188,118.11397295749518,0.0
noise_price_1,189,141.83287010550217,0.0
noise_price_1,190,121.64112713334,0.0
noise_price_1,191,112.75672988270377,0.0
noise_price_1,192,118.67445453213476,0.0
noise_price_1,193,114.43803690379018,0.0
noise_price_1,194,107.12572581114652,0.0
noise_price_1,195,106.72270745055656,0.0
noise_price_1,196,106.0096979123317,0.0
noise_price_1,197,112.74379043875004,0.0
noise_price_1,198,131.22567756967447,0.0
noise_price_1,199,115.99946112523628,0.0
noise_price_1,200,111.55941721287412,0.0
noise_price_1,201,114.1705684069251,0.0
noise_price_1,202,113.9410571955594,0.0
noise_price_1,203,115.21324260997208,0.0
noise_price_1,204,127.513568697488,0.0
noise_price_1,205,119.05683100341314,0.0
noise_price_1,206,115.23877413181376,0.0
noise_price_1,207,121.77030318128104,0.0
noise_price_1,208,119.34357105663916,0.0
noise_price_1,209,124.0061940915436,0.0
noise_price_1,210,141.2999998231333,0.0
noise_price_1,211,130.88399333864874,0.0
noise_price_1,212,113.070124095946,0.0
noise_price_1,213,119.49696962026236,0.0
noise_price_1,214,117.20513337398704,0.0
noise_price_1,215,126.45999826442495,0.0
noise_price_1,216,151.52981335807274,0.0
noise_price_1,217,130.92207959613702,0.0
noise_price_1,218,121.24948334154972,0.0
noise_price_1,219,127.5097834812133,0.0
noise_price_1,220,125.20043190064604,0.0
noise_price_1,221,133.41002437599315,0.0
noise_price_1,222,143.48406182046153,0.0
noise_price_1,223,123.88895315744529,0.0
noise_price_1,224,121.78528251045934,0.0
noise_price_1,225,129.84063724377407,0.0
noise_price_1,226,132.2772945512599,0.0
noise_price_1,227,130.31624515092471,0.0
noise_price_1,228,144.04718828745118,0.0
noise_price_1,229,134.42227896413254,0.0
noise_price_1,230,121.8196970314443,0.0
noise_price_1,231,168.8745645045971,0.0
noise_price_1,232,147.55403704604342,0.0
noise_price_1,233,129.03465879182357,0.0
noise_price_1,234,144.90091628076866,0.0
noise_price_1,235,138.46532106337264,0.0
noise_price_1,236,125.03368315434643,0.0
noise_price_1,237,137.51055852096442,0.0
noise_price_1,238,126.87959009025442,0.0
noise_price_1,239,133.16901337042663,0.0
noise_price_1,240,138.93760785568574,0.0
noise_price_1,241,142.59859207475796,0.0
noise_price_1,242,129.55321613822449,0.0
noise_price_1,243,136.57003587551907,0.0
noise_price_1,244,133.44259599622353,0.0
noise_price_1,245,130.15000608316262,0.0
noise_price_1,246,143.11175585401762,0.0
noise_price_1,247,136.26257780833774,0.0
noise_price_1,248,132.6822756293848,0.0
noise_price_1,249,186.70946608349607,0.0
noise_price_1,250,173.30444090493603,0.0
noise_price_1,251,146.57721438233455,0.0
noise_price_1,252,165.10086747162478,0.0
noise_price_1,253,149.3742200405,0.0
noise_price_1,254,134.78770389189847,0.0
noise_price_1,255,133.58490504780767,0.0
noise_price_1,256,131.64224449891637,0.0
noise_price_1,257,192.7279301990724,0.0
noise_price_1,258,203.61557307704288,0.0
noise_price_1,259,177.22555458821722,0.0
noise_price_1,260,134.8971877585357,0.0
noise_price_1,261,138.52473565043482,0.0
noise_price_1,262,141.5439351555888,0.0
noise_price_1,263,210.82100676360724,0.0
noise_price_1,264,191.2540135022635,0.0
noise_price_1,265,188.8716608037342,0.0
noise_price_1,266,137.50130363771822,0.0
noise_price_1,267,140.0285756026181,0.0
noise_price_1,268,144.78635758063822,0.0
noise_price_1,269,152.96176365017556,0.0
noise_price_1,270,147.88199339552742,0.0
noise_price_1,271,154.84377503875493,0.0
noise_price_1,272,141.06599196523663,0.0
noise_price_1,273,142.57939773666078,0.0
noise_price_1,274,142.69118460743,0.0
noise_price_1,275,144.14390144212408,0.0
noise_price_1,276,153.58136167287154,0.0
noise_price_1,277,144.74220740455004,0.0
noise_price_1,278,138.94537720817155,0.0
noise_price_1,279,141.8807107001739,0.0
noise_price_1,280,144.75797342255967,0.0
noise_price_1,281,153.87554351647103,0.0
noise_price_1,282,166.8708750684845,0.0
noise_price_1,283,165.68094696743273,0.0
noise_price_1,284,148.68233581993258,0.0
noise_price_1,285,158.6016721762343,0.0
noise_price_1,286,152.3958480184042,0.0
noise_price_1,287,165.22847849271443,0.0
noise_price_2,0,0.0,0.0
noise_price_2,1,20.44389228057821,0.0
noise_price_2,2,22.26871162347787,0.0
noise_price_2,3,26.82825641069772,0.0
noise_price_2,4,29.48222670949818,0.0
noise_price_2,5,34.21516970083712,0.0
noise_price_2,6,46.3469221988457,0.0
noise_price_2,7,38.09177068631831,0.0
noise_price_2,8,38.57477587722239,0.0
noise_price_2,9,43.28241468638674,0.0
noise_price_2,10,43.608967970962425,0.0
noise_price_2,11,50.768929448749866,0.0
noise_price_2,12,59.38013993466991,0.0
noise_price_2,13,55.37674288735424,0.0
noise_price_2,14,52.36386972365312,0.0
noise_price_2,15,59.063187883894976,0.0
noise_price_2,16,57.83442443283368,0.0
noise_price_2,17,65.84345601445422,0.0
noise_price_2,18,74.13620511996382,0.0
noise_price_2,19,71.97458803103196,0.0
noise_price_2,20,66.88037076672077,0.0
noise_price_2,21,73.63541130013206,0.0
noise_price_2,22,71.04024356174398,0.0
noise_price_2,23,76.62053049468658,0.0
noise_price_2,24,89.19568435589429,0.0
noise_price_2,25,84.36075967620592,0.0
noise_price_2,26,75.56498036081726,0.0
noise_price_2,27,108.4281418004903,0.0
noise_price_2,28,90.56411615517251,0.0
noise_price_2,29,79.0411760162344,0.0
noise_price_2,30,86.94630432859547,0.0
noise_price_2,31,84.94903126708141,0.0
noise_price_2,32,83.78077793986436,0.0
noise_price_2,33,84.86502240701839,0.0
noise_price_2,34,85.91935207803694,0.0
noise_price_2,35,93.5525738461214,0.0
noise_price_2,36,109.18291407332993,0.0
noise_price_2,37,100.39981703869572,0.0
noise_price_2,38,96.05592463063022,0.0
noise_price_2,39,96.53754642189686,0.0
noise_price_2,40,96.15268888074658,0.0
noise_price_2,41,103.62106956858112,0.0
noise_price_2,42,118.4377042710506,0.0
noise_price_2,43,117.09905615405688,0.0
noise_price_2,44,109.6856375266351,0.0
noise_price_2,45,112.16707023938844,0.0
noise_price_2,46,109.14320075469092,0.0
noise_price_2,47,182.71912640908167,0.0
noise_price_2,48,269.3678940982322,0.0
noise_price_2,49,182.28230277691463,0.0
noise_price_2,50,115.834277592396,0.0
noise_price_2,51,124.34205911754636,0.0
noise_price_2,52,122.35205040321355,0.0
noise_price_2,53,126.69489211539464,0.0
noise_price_2,54,135.30354224006442,0.0
noise_price_2,55,136.5122292451944,0.0
noise_price_2,56,123.29716281619864,0.0
noise_price_2,57,174.22339005401616,0.0
noise_price_2,58,149.4884664883241,0.0
noise_price_2,59,139.88340624701473,0.0
noise_price_2,60,189.9698846074344,0.0
noise_price_2,61,180.37044533389115,0.0
noise_price_2,62,135.81781909553015,0.0
noise_price_2,63,136.70503378710026,0.0
noise_price_2,64,133.4954697894314,0.0
noise_price_2,65,136.3767899039755,0.0
noise_price_2,66,287.36019538157257,0.0
noise_price_2,67,150.48360701291085,0.0
noise_price_2,68,141.5177869743033,0.0
noise_price_2,69,151.31012935690228,0.0
noise_price_2,70,149.2647863075647,0.0
noise_price_2,71,152.4028338083498,0.0
noise_price_2,72,170.59832911078635,0.0
noise_price_2,73,157.9538408648562,0.0
noise_price_2,74,161.62824560540224,0.0
noise_price_2,75,214.74966588935152,0.0
noise_price_2,76,216.28885489482943,0.0
noise_price_2,77,156.9573955641945,0.0
noise_price_2,78,216.06329027079232,0.0
noise_price_2,79,170.61699408979183,0.0
noise_price_2,80,162.31720178696867,0.0
noise_price_2,81,171.39752830448344,0.0
noise_price_2,82,165.5423031314584,0.0
noise_price_2,83,200.72921391555496,0.0
noise_price_2,84,225.4395253740846,0.0
noise_price_2,85,196.0971817139109,0.0
noise_price_2,86,180.99640162877387,0.0
noise_price_2,87,188.5162750106972,0.0
noise_price_2,88,180.5478013562644,0.0
noise_price_2,89,193.24341947360676,0.0
noise_price_2,90,217.6263780370253,0.0
noise_price_2,91,214.03639461216787,0.0
noise_price_2,92,200.01108714351832,0.0
noise_price_2,93,208.85014991754403,0.0
noise_price_2,94,214.05544810365603,0.0
noise_price_2,95,210.8907923719573,0.0
noise_price_2,96,354.7835121838643,0.0
noise_price_2,97,246.7760796638657,0.0
noise_price_2,98,226.3718361965611,0.0
noise_price_2,99,219.2198009520138,0.0
noise_price_2,100,210.9580314171748,0.0
noise_price_2,101,208.6538419304749,0.0
noise_price_2,102,251.7973903875344,0.0
noise_price_2,103,226.9052126806889,0.0
noise_price_2,104,208.02927910741676,0.0
noise_price_2,105,219.43315764281303,0.0
noise_price_2,106,213.43193651818493,0.0
noise_price_2,107,221.78181088346352,0.0
noise_price_2,108,231.2789895371204,0.0
noise_price_2,109,228.9157370418617,0.0
noise_price_2,110,214.7350248290541,0.0
noise_price_2,111,220.30350955580943,0.0
noise_price_2,112,227.96880614673384,0.0
noise_price_2,113,238.35314708441223,0.0
noise_price_2,114,259.1592931469136,0.0
noise_price_2,115,245.4209713527105,0.0
noise_price_2,116,233.69007012917564,0.0
noise_price_2,117,343.8687384572419,0.0
noise_price_2,118,284.82782957790374,0.0
noise_price_2,119,252.18986231428008,0.0
noise_price_2,120,313.62807504455907,0.0
noise_price_2,121,292.3231574214051,0.0
noise_price_2,122,262.6016329369441,0.0
noise_price_2,123,257.39260723428094,0.0
noise_price_2,124,256.4805206136095,0.0
noise_price_2,125,257.39812102797526,0.0
noise_price_2,126,281.13339497881253,0.0
noise_price_2,127,262.68131143179136,0.0
noise_price_2,128,274.35341696413417,0.0
noise_price_2,129,289.5713187457821,0.0
noise_price_2,130,289.0839072686783,0.0
noise_price_2,131,283.5490178865334,0.0
noise_price_2,132,308.36504107782577,0.0
noise_price_2,133,316.33818098781694,0.0
noise_price_2,134,309.8436255943768,0.0
noise_price_2,135,304.3952599760253,0.0
noise_price_2,136,292.7078768019928,0.0
noise_price_2,137,281.7793170503599,0.0
noise_price_2,138,304.2049332737976,0.0
noise_price_2,139,304.9248237231997,0.0
noise_price_2,140,286.9470146876464,0.0
noise_price_2,141,288.0858909188265,0.0
noise_price_2,142,295.9494948996814,0.0
noise_price_2,143,371.5080871653933,0.0
noise_price_2,144,358.8840878191261,0.0
noise_price_2,145,386.9733014320345,0.0
noise_price_2,146,305.7560949934883,0.0
noise_price_2,147,357.6239223325597,0.0
noise_price_2,148,318.813388890694,0.0
noise_price_2,149,323.20041811525806,0.0
noise_price_2,150,356.8205787221234,0.0
noise_price_2,151,366.90523157646334,0.0
noise_price_2,152,327.81012157491426,0.0
noise_price_2,153,331.05286828590465,0.0
noise_price_2,154,320.0741019733582,0.0
noise_price_2,155,360.9088656134166,0.0
noise_price_2,156,360.4375454994649,0.0
noise_price_2,157,343.9643452331829,0.0
noise_price_2,158,326.4824973189265,0.0
noise_price_2,159,364.28140611297,0.0
noise_price_2,160,346.76266477305194,0.0
noise_price_2,161,354.5878055614037,0.0
noise_price_2,162,350.14005824336937,0.0
noise_price_2,163,428.4930785519011,0.0
noise_price_2,164,359.6611161646068,0.0
noise_price_2,165,403.27218643140657,0.0
noise_price_2,166,392.31645473301865,0.0
noise_price_2,167,398.3413510245399,0.0
noise_price_2,168,419.3182897584513,0.0
noise_price_2,169,416.8045231561087,0.0
noise_price_2,170,371.7137132119575,0.0
noise_price_2,171,393.9621592240172,0.0
noise_price_2,172,384.3321588269502,0.0
noise_price_2,173,460.1041179558992,0.0
noise_price_2,174,461.6336191003677,0.0
noise_price_2,175,554.9518660658384,0.0
noise_price_2,176,459.15519081486696,0.0
noise_price_2,177,441.3707697741905,0.0
noise_price_2,178,447.9952970575872,0.0
noise_price_2,179,883.3584772445886,0.0
noise_price_2,180,772.0698878465157,0.0
noise_price_2,181,555.3602149176761,0.0
noise_price_2,182,447.002153808928,0.0
noise_price_2,183,467.1624274208965,0.0
noise_price_2,184,467.6269871909655,0.0
noise_price_2,185,469.0945558671317,0.0
noise_price_2,186,477.1274752806263,0.0
noise_price_2,187,490.1413004154793,0.0
noise_price_2,188,528.9738273108236,0.0
noise_price_2,189,616.3442130937464,0.0
noise_price_2,190,497.95526473900736,0.0
noise_price_2,191,446.3301023925328,0.0
noise_price_2,192,459.0646085950304,0.0
noise_price_2,193,455.3721047284134,0.0
noise_price_2,194,440.8188805573375,0.0
noise_price_2,195,428.36993724656367,0.0
noise_price_2,196,432.69776253708574,0.0
noise_price_2,197,480.51653585963766,0.0
noise_price_2,198,553.9389693102482,0.0
noise_price_2,199,487.9705469569356,0.0
noise_price_2,200,464.5777704913373,0.0
noise_price_2,201,478.5485466856032,0.0
noise_price_2,202,485.9656849809232,0.0
noise_price_2,203,478.47197054326784,0.0
noise_price_2,204,546.6255980052711,0.0
noise_price_2,205,562.9793346547508,0.0
noise_price_2,206,540.2982241136492,0.0
noise_price_2,207,531.1549351941011,0.0
noise_price_2,208,522.608134706535,0.0
noise_price_2,209,583.7853855696268,0.0
noise_price_2,210,563.3422849153807,0.0
noise_price_2,211,546.4452528764388,0.0
noise_price_2,212,475.9304470834148,0.0
noise_price_2,213,491.62333732488094,0.0
noise_price_2,214,503.5665065550748,0.0
noise_price_2,215,567.4229624604217,0.0
noise_price_2,216,649.485378420123,0.0
noise_price_2,217,534.9815944435991,0.0
noise_price_2,218,542.276709847292,0.0
noise_price_2,219,559.8432757019534,0.0
noise_price_2,220,577.307941993843,0.0
noise_price_2,221,565.8089771508706,0.0
noise_price_2,222,592.2183285987714,0.0
noise_price_2,223,526.7890813460402,0.0
noise_price_2,224,525.3671745280008,0.0
noise_price_2,225,540.4187812390625,0.0
noise_price_2,226,568.1983649342177,0.0
noise_price_2,227,561.8311828263908,0.0
noise_price_2,228,609.6020359721451,0.0
noise_price_2,229,602.2425808889724,0.0
noise_price_2,230,551.1876098619828,0.0
noise_price_2,231,869.0170764229495,0.0
noise_price_2,232,721.0846037229653,0.0
noise_price_2,233,515.0832486939628,0.0
noise_price_2,234,561.3077967270747,0.0
noise_price_2,235,554.3793842638481,0.0
noise_price_2,236,552.7529655192772,0.0
noise_price_2,237,610.7149692424678,0.0
noise_price_2,238,587.9222721202087,0.0
noise_price_2,239,605.1566725610166,0.0
noise_price_2,240,610.6644885386702,0.0
noise_price_2,241,625.4516121337797,0.0
noise_price_2,242,591.8879528344274,0.0
noise_price_2,243,646.3075833622928,0.0
noise_price_2,244,618.9424089645138,0.0
noise_price_2,245,609.1543763105909,0.0
noise_price_2,246,664.2005461556688,0.0
noise_price_2,247,637.0880900828507,0.0
noise_price_2,248,651.326460032061,0.0
noise_price_2,249,1057.1790782147432,0.0
noise_price_2,250,1103.3928238267235,0.0
noise_price_2,251,902.54557607126,0.0
noise_price_2,252,910.2987288738576,0.0
noise_price_2,253,791.829752599468,0.0
noise_price_2,254,699.4476537510421,0.0
noise_price_2,255,671.5741232333021,0.0
noise_price_2,256,703.9742277292876,0.0
noise_price_2,257,1173.4978751756898,0.0
noise_price_2,258,1170.743424487955,0.0
noise_price_2,259,947.559834181424,0.0
noise_price_2,260,716.1639219909331,0.0
noise_price_2,261,753.46631463904,0.0
noise_price_2,262,814.1200295109318,0.0
noise_price_2,263,1391.9559525778382,0.0
noise_price_2,264,1157.8173571978748,0.0
noise_price_2,265,1119.2824574481806,0.0
noise_price_2,266,782.0328487159835,0.0
noise_price_2,267,790.5563080882707,0.0
noise_price_2,268,1081.8857669548868,0.0
noise_price_2,269,1118.7510183041877,0.0
noise_price_2,270,848.4963970657045,0.0
noise_price_2,271,891.5997197935591,0.0
noise_price_2,272,834.531219249976,0.0
noise_price_2,273,810.2525140355123,0.0
noise_price_2,274,769.1192855533444,0.0
noise_price_2,275,758.922823150537,0.0
noise_price_2,276,763.1625819446549,0.0
noise_price_2,277,767.4836254296766,0.0
noise_price_2,278,749.4544321854651,0.0
noise_price_2,279,820.838844795673,0.0
noise_price_2,280,785.1113143991867,0.0
noise_price_2,281,848.5280699899944,0.0
noise_price_2,282,892.4973655122741,0.0
noise_price_2,283,880.7815791951581,0.0
noise_price_2,284,829.8583755034476,0.0
noise_price_2,285,880.6873325531012,0.0
noise_price_2,286,900.6444506225096,0.0
noise_price_2,287,950.1952384666524,0.0
noise_net_0.5,0,0.0,0.023866530228041
noise_net_0.5,1,0.0,0.0335220665150296
noise_net_0.5,2,0.0,0.0407586462597457
noise_net_0.5,3,0.0,0.0469297969148643
noise_net_0.5,4,0.0,0.0527377508818735
noise_net_0.5,5,0.0,0.0574990164353226
noise_net_0.5,6,0.0,0.0624697403262755
noise_net_0.5,7,0.0,0.0677269731241303
noise_net_0.5,8,0.0,0.0718832809459494
noise_net_0.5,9,0.0,0.0756850132782009
noise_net_0.5,10,0.0,0.0783586878725909
noise_net_0.5,11,0.0,0.0834137819167045
noise_net_0.5,12,0.0,0.0860531362255852
noise_net_0.5,13,0.0,0.090250403536975
noise_net_0.5,14,0.0,0.0936732096602813
noise_net_0.5,15,0.0,0.0942123514706839
noise_net_0.5,16,0.0,0.0977128741580075
noise_net_0.5,17,0.0,0.1019124241290119
noise_net_0.5,18,0.0,0.1049341893809309
noise_net_0.5,19,0.0,0.105833480196351
noise_net_0.5,20,0.0,0.1088627564190901
noise_net_0.5,21,0.0,0.1099090454354455
noise_net_0.5,22,0.0,0.1124515162405259
noise_net_0.5,23,0.0,0.1155825448069464
noise_net_0.5,24,0.0,0.1178307934679883
noise_net_0.5,25,0.0,0.1210797550868758
noise_net_0.5,26,0.0,0.1238368946173174
noise_net_0.5,27,0.0,0.125202431081586
noise_net_0.5,28,0.0,0.1273553719528302
noise_net_0.5,29,0.0,0.1291215789390585
noise_net_0.5,30,0.0,0.1298314041687215
noise_net_0.5,31,0.0,0.1314968940557318
noise_net_0.5,32,0.0,0.1368659161546657
noise_net_0.5,33,0.0,0.1393176705706972
noise_net_0.5,34,0.0,0.1404886901154637
noise_net_0.5,35,0.0,0.1415218726736085
noise_net_0.5,36,0.0,0.1420090652887643
noise_net_0.5,37,0.0,0.1432140345005525
noise_net_0.5,38,0.0,0.1444869685813386
noise_net_0.5,39,0.0,0.1449308506642546
noise_net_0.5,40,0.0,0.1468404129176738
noise_net_0.5,41,0.0,0.1450379052153022
noise_net_0.5,42,0.0,0.1476617580123232
noise_net_0.5,43,0.0,0.1484890766438509
noise_net_0.5,44,0.0,0.1514219532275905
noise_net_0.5,45,0.0,0.1548138923739962
noise_net_0.5,46,0.0,0.1579396448584703
noise_net_0.5,47,0.0,0.1608449210365099
noise_net_0.5,48,0.0,0.1610634759786844
noise_net_0.5,49,0.0,0.1597899848441734
noise_net_0.5,50,0.0,0.1607264180689858
noise_net_0.5,51,0.0,0.1625539938978739
noise_net_0.5,52,0.0,0.1641582780479017
noise_net_0.5,53,0.0,0.1684780822574794
noise_net_0.5,54,0.0,0.1689552266752555
noise_net_0.5,55,0.0,0.1692368611953871
noise_net_0.5,56,0.0,0.1711297935409569
noise_net_0.5,57,0.0,0.1741323310548032
noise_net_0.5,58,0.0,0.1750409665050551
noise_net_0.5,59,0.0,0.1796586034391577
noise_net_0.5,60,0.0,0.1811289121623325
noise_net_0.5,61,0.0,0.1845726501405011
noise_net_0.5,62,0.0,0.1850738062748536
noise_net_0.5,63,0.0,0.1858224727509246
noise_net_0.5,64,0.0,0.1860798203987683
noise_net_0.5,65,0.0,0.1866937010804405
noise_net_0.5,66,0.0,0.1858886862484848
noise_net_0.5,67,0.0,0.186537504862333
noise_net_0.5,68,0.0,0.1849990198685125
noise_net_0.5,69,0.0,0.1882920788937086
noise_net_0.5,70,0.0,0.1902152184718251
noise_net_0.5,71,0.0,0.1945719829338048
noise_net_0.5,72,0.0,0.1953310658805929
noise_net_0.5,73,0.0,0.1947461073189896
noise_net_0.5,74,0.0,0.1990622456526239
noise_net_0.5,75,0.0,0.2021436192042215
noise_net_0.5,76,0.0,0.2055827171843902
noise_net_0.5,77,0.0,0.2034320512617922
noise_net_0.5,78,0.0,0.2044312388821675
noise_net_0.5,79,0.0,0.2071234652043223
noise_net_0.5,80,0.0,0.2094181183614631
noise_net_0.5,81,0.0,0.2136844916476578
noise_net_0.5,82,0.0,0.217138608925599
noise_net_0.5,83,0.0,0.219013173529782
noise_net_0.5,84,0.0,0.218075965028505
noise_net_0.5,85,0.0,0.2221807539939876
noise_net_0.5,86,0.0,0.2232128802530828
noise_net_0.5,87,0.0,0.222010565412689
noise_net_0.5,88,0.0,0.2225680344222118
noise_net_0.5,89,0.0,0.2269718934228065
noise_net_0.5,90,0.0,0.2278461858431576
noise_net_0.5,91,0.0,0.2272733649864549
noise_net_0.5,92,0.0,0.2279583913958595
noise_net_0.5,93,0.0,0.2259964363836616
noise_net_0.5,94,0.0,0.2243520118020413
noise_net_0.5,95,0.0,0.2250771082940527
noise_net_0.5,96,0.0,0.2250865678960907
noise_net_0.5,97,0.0,0.2258626433849177
noise_net_0.5,98,0.0,0.2246893609546854
noise_net_0.5,99,0.0,0.2267828365203463
noise_net_0.5,100,0.0,0.2323075024007888
noise_net_0.5,101,0.0,0.2298458830775253
noise_net_0.5,102,0.0,0.2297565345285803
noise_net_0.5,103,0.0,0.2357285529455718
noise_net_0.5,104,0.0,0.240028489851092
noise_net_0.5,105,0.0,0.2384740961590872
noise_net_0.5,106,0.0,0.2401315295613059
noise_net_0.5,107,0.0,0.2451858586583328
noise_net_0.5,108,0.0,0.2489249684283946
noise_net_0.5,109,0.0,0.2484349717907658
noise_net_0.5,110,0.0,0.248410469735252
noise_net_0.5,111,0.0,0.2476838547894977
noise_net_0.5,112,0.0,0.2470730522404591
noise_net_0.5,113,0.0,0.2469984005897917
noise_net_0.5,114,0.0,0.2512081030141485
noise_net_0.5,115,0.0,0.2547524927609039
noise_net_0.5,116,0.0,0.2522731677237048
noise_net_0.5,117,0.0,0.254166059206957
noise_net_0.5,118,0.0,0.2566208781201423
noise_net_0.5,119,0.0,0.2598634984884202
noise_net_0.5,120,0.0,0.2562454390159157
noise_net_0.5,121,0.0,0.2542025756058243
noise_net_0.5,122,0.0,0.2562874004952822
noise_net_0.5,123,0.0,0.2555158061975593
noise_net_0.5,124,0.0,0.2584862605455941
noise_net_0.5,125,0.0,0.2608943441420457
noise_net_0.5,126,0.0,0.2674714231735731
noise_net_0.5,127,0.0,0.2695850417475446
noise_net_0.5,128,0.0,0.2725554020705735
noise_net_0.5,129,0.0,0.2727935447327896
noise_net_0.5,130,0.0,0.274115304776322
noise_net_0.5,131,0.0,0.2729224939767853
noise_net_0.5,132,0.0,0.2799314314981825
noise_net_0.5,133,0.0,0.2807720657425593
noise_net_0.5,134,0.0,0.2789322433948658
noise_net_0.5,135,0.0,0.276302735916199
noise_net_0.5,136,0.0,0.2728256921352858
noise_net_0.5,137,0.0,0.2760623088023796
noise_net_0.5,138,0.0,0.2772326521385311
noise_net_0.5,139,0.0,0.2760139682162421
noise_net_0.5,140,0.0,0.279380487372771
noise_net_0.5,141,0.0,0.2752624192601641
noise_net_0.5,142,0.0,0.2806749419639319
noise_net_0.5,143,0.0,0.2800105475340166
noise_net_0.5,144,0.0,0.2857804694734212
noise_net_0.5,145,0.0,0.2840592854827017
noise_net_0.5,146,0.0,0.2820696501435848
noise_net_0.5,147,0.0,0.2846955594958148
noise_net_0.5,148,0.0,0.2872400942477944
noise_net_0.5,149,0.0,0.2868074911168404
noise_net_0.5,150,0.0,0.2852919995169142
noise_net_0.5,151,0.0,0.2865247132908357
noise_net_0.5,152,0.0,0.2892280092963457
noise_net_0.5,153,0.0,0.2900940363251129
noise_net_0.5,154,0.0,0.2945925647219757
noise_net_0.5,155,0.0,0.2953587858365812
noise_net_0.5,156,0.0,0.2981528818961894
noise_net_0.5,157,0.0,0.2983321632103997
noise_net_0.5,158,0.0,0.2974908945206048
noise_net_0.5,159,0.0,0.2986318656072037
noise_net_0.5,160,0.0,0.3004090794182298
noise_net_0.5,161,0.0,0.3026395021492997
noise_net_0.5,162,0.0,0.3038401690440442
noise_net_0.5,163,0.0,0.3068455962949365
noise_net_0.5,164,0.0,0.3072563520076786
noise_net_0.5,165,0.0,0.3091182557527409
noise_net_0.5,166,0.0,0.3130114120245498
noise_net_0.5,167,0.0,0.3173677872187206
noise_net_0.5,168,0.0,0.3169280030762997
noise_net_0.5,169,0.0,0.3146373872202609
noise_net_0.5,170,0.0,0.3181843577009799
noise_net_0.5,171,0.0,0.3159346249926538
noise_net_0.5,172,0.0,0.3190751513269278
noise_net_0.5,173,0.0,0.3179548261183809
noise_net_0.5,174,0.0,0.3133958669678454
noise_net_0.5,175,0.0,0.3099697828039493
noise_net_0.5,176,0.0,0.3123336527689702
noise_net_0.5,177,0.0,0.313435488568037
noise_net_0.5,178,0.0,0.3109176154424922
noise_net_0.5,179,0.0,0.3123588803709429
noise_net_0.5,180,0.0,0.3140332063936699
noise_net_0.5,181,0.0,0.3224755501708075
noise_net_0.5,182,0.0,0.327482803453627
noise_net_0.5,183,0.0,0.3291388538563168
noise_net_0.5,184,0.0,0.3285319076912327
noise_net_0.5,185,0.0,0.3285945152855642
noise_net_0.5,186,0.0,0.328281174820839
noise_net_0.5,187,0.0,0.3277942658467851
noise_net_0.5,188,0.0,0.3230645797758479
noise_net_0.5,189,0.0,0.327018542619518
noise_net_0.5,190,0.0,0.3229342265046931
noise_net_0.5,191,0.0,0.3249391150132387
noise_net_0.5,192,0.0,0.3234688819902944
noise_net_0.5,193,0.0,0.326799213251124
noise_net_0.5,194,0.0,0.3258694068223963
noise_net_0.5,195,0.0,0.3264192830094022
noise_net_0.5,196,0.0,0.3277766571547631
noise_net_0.5,197,0.0,0.327450258856846
noise_net_0.5,198,0.0,0.3274177678505122
noise_net_0.5,199,0.0,0.3288179497413152
noise_net_0.5,200,0.0,0.3344407288906923
noise_net_0.5,201,0.0,0.329699133658864
noise_net_0.5,202,0.0,0.3263769333534351
noise_net_0.5,203,0.0,0.3308884654484139
noise_net_0.5,204,0.0,0.3332430960466222
noise_net_0.5,205,0.0,0.329564778449636
noise_net_0.5,206,0.0,0.3298668207704596
noise_net_0.5,207,0.0,0.3316658140570089
noise_net_0.5,208,0.0,0.3355343104651953
noise_net_0.5,209,0.0,0.3380105748393086
noise_net_0.5,210,0.0,0.3404462216133063
noise_net_0.5,211,0.0,0.3383506950831412
noise_net_0.5,212,0.0,0.3339552329644288
noise_net_0.5,213,0.0,0.3331657974231476
noise_net_0.5,214,0.0,0.3367071063166239
noise_net_0.5,215,0.0,0.3374082426545181
noise_net_0.5,216,0.0,0.3424812600427469
noise_net_0.5,217,0.0,0.3450800416238055
noise_net_0.5,218,0.0,0.3475516397674592
noise_net_0.5,219,0.0,0.3520463293515182
noise_net_0.5,220,0.0,0.349885972787205
noise_net_0.5,221,0.0,0.3484395414934337
noise_net_0.5,222,0.0,0.3508970850319032
noise_net_0.5,223,0.0,0.3558734420325585
noise_net_0.5,224,0.0,0.3541649221964071
noise_net_0.5,225,0.0,0.3455541149292177
noise_net_0.5,226,0.0,0.3407648327000916
noise_net_0.5,227,0.0,0.3457308488230529
noise_net_0.5,228,0.0,0.3438176875629112
noise_net_0.5,229,0.0,0.3428258261390378
noise_net_0.5,230,0.0,0.3483754637439085
noise_net_0.5,231,0.0,0.3522831347270624
noise_net_0.5,232,0.0,0.3532909701753853
noise_net_0.5,233,0.0,0.3536236279310837
noise_net_0.5,234,0.0,0.3545978334165974
noise_net_0.5,235,0.0,0.3557304260310776
noise_net_0.5,236,0.0,0.3617182868045356
noise_net_0.5,237,0.0,0.3600516384122283
noise_net_0.5,238,0.0,0.3606046137022621
noise_net_0.5,239,0.0,0.3604812034175166
noise_net_0.5,240,0.0,0.3653671221805561
noise_net_0.5,241,0.0,0.3636105779092222
noise_net_0.5,242,0.0,0.3659501047090329
noise_net_0.5,243,0.0,0.370589488203402
noise_net_0.5,244,0.0,0.3752076691718335
noise_net_0.5,245,0.0,0.3737860632349377
noise_net_0.5,246,0.0,0.3771701085857397
noise_net_0.5,247,0.0,0.37430294712744
noise_net_0.5,248,0.0,0.3744037637136477
noise_net_0.5,249,0.0,0.3701674270487377
noise_net_0.5,250,0.0,0.3670837881478677
noise_net_0.5,251,0.0,0.3738939875450743
noise_net_0.5,252,0.0,0.3748523919622249
noise_net_0.5,253,0.0,0.3710075268510416
noise_net_0.5,254,0.0,0.3725017249757476
noise_net_0.5,255,0.0,0.3726548004916757
noise_net_0.5,256,0.0,0.3686008944837322
noise_net_0.5,257,0.0,0.3704163423482307
noise_net_0.5,258,0.0,0.3730987905513664
noise_net_0.5,259,0.0,0.3738604576034106
noise_net_0.5,260,0.0,0.3802740486950861
noise_net_0.5,261,0.0,0.3877418479624797
noise_net_0.5,262,0.0,0.3851760492789223
noise_net_0.5,263,0.0,0.382102958845533
noise_net_0.5,264,0.0,0.3846712148330488
noise_net_0.5,265,0.0,0.3940540133765992
noise_net_0.5,266,0.0,0.39376543123297
noise_net_0.5,267,0.0,0.3936311936470585
noise_net_0.5,268,0.0,0.3967243662237988
noise_net_0.5,269,0.0,0.3977441239552253
noise_net_0.5,270,0.0,0.3941518168150791
noise_net_0.5,271,0.0,0.3945555078293954
noise_net_0.5,272,0.0,0.3991291614014526
noise_net_0.5,273,0.0,0.4007341305899024
noise_net_0.5,274,0.0,0.398107065819348
noise_net_0.5,275,0.0,0.3995206520068836
noise_net_0.5,276,0.0,0.3974933094755551
noise_net_0.5,277,0.0,0.3937556191872254
noise_net_0.5,278,0.0,0.3914411427338111
noise_net_0.5,279,0.0,0.3932742788229862
noise_net_0.5,280,0.0,0.3955137125624876
noise_net_0.5,281,0.0,0.3990826876196074
noise_net_0.5,282,0.0,0.3994176670936385
noise_net_0.5,283,0.0,0.3935681774148801
noise_net_0.5,284,0.0,0.3954226030653965
noise_net_0.5,285,0.0,0.4008096753632436
noise_net_0.5,286,0.0,0.399575950207699
noise_net_0.5,287,0.0,0.4052069981342203
noise_net_1,0,0.0,0.047733060456082
noise_net_1,1,0.0,0.0670441330300591
noise_net_1,2,0.0,0.0815172925194914
noise_net_1,3,0.0,0.0938595938297287
noise_net_1,4,0.0,0.1054755017637469
noise_net_1,5,0.0,0.1149980328706452
noise_net_1,6,0.0,0.1249394806525511
noise_net_1,7,0.0,0.1354539462482606
noise_net_1,8,0.0,0.1437665618918988
noise_net_1,9,0.0,0.1513700265564019
noise_net_1,10,0.0,0.156717375745182
noise_net_1,11,0.0,0.166827563833409
noise_net_1,12,0.0,0.1721062724511706
noise_net_1,13,0.0,0.1805008070739501
noise_net_1,14,0.0,0.1873464193205627
noise_net_1,15,0.0,0.1884247029413679
noise_net_1,16,0.0,0.195425748316015
noise_net_1,17,0.0,0.2038248482580239
noise_net_1,18,0.0,0.2098683787618619
noise_net_1,19,0.0,0.211666960392702
noise_net_1,20,0.0,0.2177255128381802
noise_net_1,21,0.0,0.2198180908708912
noise_net_1,22,0.0,0.2249030324810518
noise_net_1,23,0.0,0.2311650896138929
noise_net_1,24,0.0,0.2356615869359766
noise_net_1,25,0.0,0.2421595101737516
noise_net_1,26,0.0,0.2476737892346349
noise_net_1,27,0.0,0.2504048621631721
noise_net_1,28,0.0,0.2547107439056603
noise_net_1,29,0.0,0.2582431578781171
noise_net_1,30,0.0,0.259662808337443
noise_net_1,31,0.0,0.2629937881114637
noise_net_1,32,0.0,0.2737318323093313
noise_net_1,33,0.0,0.2786353411413945
noise_net_1,34,0.0,0.2809773802309274
noise_net_1,35,0.0,0.283043745347217
noise_net_1,36,0.0,0.2840181305775286
noise_net_1,37,0.0,0.286428069001105
noise_net_1,38,0.0,0.2889739371626774
noise_net_1,39,0.0,0.2898617013285093
noise_net_1,40,0.0,0.2936808258353477
noise_net_1,41,0.0,0.2900758104306046
noise_net_1,42,0.0,0.2953235160246466
noise_net_1,43,0.0,0.2969781532877018
noise_net_1,44,0.0,0.302843906455181
noise_net_1,45,0.0,0.3096277847479926
noise_net_1,46,0.0,0.3158792897169406
noise_net_1,47,0.0,0.3216898420730198
noise_net_1,48,0.0,0.3221269519573688
noise_net_1,49,0.0,0.3195799696883469
noise_net_1,50,0.0,0.3214528361379716
noise_net_1,51,0.0,0.3251079877957478
noise_net_1,52,0.0,0.3283165560958035
noise_net_1,53,0.0,0.3369561645149588
noise_net_1,54,0.0,0.337910453350511
noise_net_1,55,0.0,0.3384737223907743
noise_net_1,56,0.0,0.3422595870819138
noise_net_1,57,0.0,0.3482646621096065
noise_net_1,58,0.0,0.3500819330101101
noise_net_1,59,0.0,0.3593172068783155
noise_net_1,60,0.0,0.3622578243246651
noise_net_1,61,0.0,0.3691453002810023
noise_net_1,62,0.0,0.370147612549707
noise_net_1,63,0.0,0.3716449455018492
noise_net_1,64,0.0,0.3721596407975366
noise_net_1,65,0.0,0.3733874021608811
noise_net_1,66,0.0,0.3717773724969697
noise_net_1,67,0.0,0.3730750097246662
noise_net_1,68,0.0,0.369998039737025
noise_net_1,69,0.0,0.3765841577874173
noise_net_1,70,0.0,0.3804304369436503
noise_net_1,71,0.0,0.3891439658676096
noise_net_1,72,0.0,0.3906621317611859
noise_net_1,73,0.0,0.3894922146379793
noise_net_1,74,0.0,0.3981244913052478
noise_net_1,75,0.0,0.4042872384084429
noise_net_1,76,0.0,0.4111654343687804
noise_net_1,77,0.0,0.4068641025235844
noise_net_1,78,0.0,0.4088624777643348
noise_net_1,79,0.0,0.4142469304086446
noise_net_1,80,0.0,0.4188362367229263
noise_net_1,81,0.0,0.4273689832953156
noise_net_1,82,0.0,0.434277217851198
noise_net_1,83,0.0,0.438026347059564
noise_net_1,84,0.0,0.4361519300570099
noise_net_1,85,0.0,0.4443615079879752
noise_net_1,86,0.0,0.4464257605061656
noise_net_1,87,0.0,0.444021130825378
noise_net_1,88,0.0,0.4451360688444236
noise_net_1,89,0.0,0.4539437868456131
noise_net_1,90,0.0,0.4556923716863152
noise_net_1,91,0.0,0.4545467299729098
noise_net_1,92,0.0,0.455916782791719
noise_net_1,93,0.0,0.4519928727673232
noise_net_1,94,0.0,0.4487040236040825
noise_net_1,95,0.0,0.4501542165881056
noise_net_1,96,0.0,0.4501731357921815
noise_net_1,97,0.0,0.4517252867698356
noise_net_1,98,0.0,0.4493787219093708
noise_net_1,99,0.0,0.4535656730406927
noise_net_1,100,0.0,0.4646150048015777
noise_net_1,101,0.0,0.4596917661550506
noise_net_1,102,0.0,0.4595130690571607
noise_net_1,103,0.0,0.4714571058911436
noise_net_1,104,0.0,0.4800569797021841
noise_net_1,105,0.0,0.4769481923181745
noise_net_1,106,0.0,0.4802630591226118
noise_net_1,107,0.0,0.4903717173166657
noise_net_1,108,0.0,0.4978499368567893
noise_net_1,109,0.0,0.4968699435815316
noise_net_1,110,0.0,0.496820939470504
noise_net_1,111,0.0,0.4953677095789954
noise_net_1,112,0.0,0.4941461044809183
noise_net_1,113,0.0,0.4939968011795834
noise_net_1,114,0.0,0.5024162060282968
noise_net_1,115,0.0,0.5095049855218077
noise_net_1,116,0.0,0.5045463354474097
noise_net_1,117,0.0,0.5083321184139139
noise_net_1,118,0.0,0.5132417562402848
noise_net_1,119,0.0,0.5197269969768403
noise_net_1,120,0.0,0.5124908780318315
noise_net_1,121,0.0,0.5084051512116489
noise_net_1,122,0.0,0.5125748009905646
noise_net_1,123,0.0,0.5110316123951186
noise_net_1,124,0.0,0.516972521091188
noise_net_1,125,0.0,0.5217886882840914
noise_net_1,126,0.0,0.5349428463471463
noise_net_1,127,0.0,0.5391700834950892
noise_net_1,128,0.0,0.5451108041411473
noise_net_1,129,0.0,0.5455870894655792
noise_net_1,130,0.0,0.5482306095526441
noise_net_1,131,0.0,0.5458449879535706
noise_net_1,132,0.0,0.5598628629963649
noise_net_1,133,0.0,0.5615441314851186
noise_net_1,134,0.0,0.5578644867897317
noise_net_1,135,0.0,0.552605471832398
noise_net_1,136,0.0,0.5456513842705715
noise_net_1,137,0.0,0.5521246176047592
noise_net_1,138,0.0,0.5544653042770623
noise_net_1,139,0.0,0.5520279364324839
noise_net_1,140,0.0,0.5587609747455421
noise_net_1,141,0.0,0.550524838520328
noise_net_1,142,0.0,0.5613498839278639
noise_net_1,143,0.0,0.5600210950680334
noise_net_1,144,0.0,0.5715609389468423
noise_net_1,145,0.0,0.5681185709654034
noise_net_1,146,0.0,0.5641393002871696
noise_net_1,147,0.0,0.5693911189916298
noise_net_1,148,0.0,0.5744801884955888
noise_net_1,149,0.0,0.5736149822336809
noise_net_1,150,0.0,0.5705839990338286
noise_net_1,151,0.0,0.5730494265816715
noise_net_1,152,0.0,0.5784560185926915
noise_net_1,153,0.0,0.5801880726502259
noise_net_1,154,0.0,0.5891851294439512
noise_net_1,155,0.0,0.5907175716731624
noise_net_1,156,0.0,0.5963057637923788
noise_net_1,157,0.0,0.5966643264207994
noise_net_1,158,0.0,0.5949817890412096
noise_net_1,159,0.0,0.5972637312144076
noise_net_1,160,0.0,0.6008181588364597
noise_net_1,161,0.0,0.6052790042985996
noise_net_1,162,0.0,0.6076803380880883
noise_net_1,163,0.0,0.613691192589873
noise_net_1,164,0.0,0.6145127040153572
noise_net_1,165,0.0,0.6182365115054818
noise_net_1,166,0.0,0.6260228240490996
noise_net_1,167,0.0,0.6347355744374413
noise_net_1,168,0.0,0.6338560061525995
noise_net_1,169,0.0,0.629274774440522
noise_net_1,170,0.0,0.6363687154019598
noise_net_1,171,0.0,0.6318692499853075
noise_net_1,172,0.0,0.6381503026538555
noise_net_1,173,0.0,0.6359096522367618
noise_net_1,174,0.0,0.6267917339356908
noise_net_1,175,0.0,0.6199395656078986
noise_net_1,176,0.0,0.6246673055379403
noise_net_1,177,0.0,0.6268709771360743
noise_net_1,178,0.0,0.6218352308849844
noise_net_1,179,0.0,0.6247177607418859
noise_net_1,180,0.0,0.6280664127873398
noise_net_1,181,0.0,0.6449511003416152
noise_net_1,182,0.0,0.6549656069072541
noise_net_1,183,0.0,0.6582777077126337
noise_net_1,184,0.0,0.6570638153824655
noise_net_1,185,0.0,0.6571890305711285
noise_net_1,186,0.0,0.6565623496416779
noise_net_1,187,0.0,0.6555885316935702
noise_net_1,188,0.0,0.6461291595516959
noise_net_1,189,0.0,0.6540370852390361
noise_net_1,190,0.0,0.6458684530093863
noise_net_1,191,0.0,0.6498782300264776
noise_net_1,192,0.0,0.6469377639805889
noise_net_1,193,0.0,0.6535984265022481
noise_net_1,194,0.0,0.6517388136447928
noise_net_1,195,0.0,0.6528385660188045
noise_net_1,196,0.0,0.6555533143095262
noise_net_1,197,0.0,0.6549005177136921
noise_net_1,198,0.0,0.6548355357010244
noise_net_1,199,0.0,0.6576358994826303
noise_net_1,200,0.0,0.6688814577813847
noise_net_1,201,0.0,0.6593982673177279
noise_net_1,202,0.0,0.6527538667068702
noise_net_1,203,0.0,0.6617769308968279
noise_net_1,204,0.0,0.6664861920932446
noise_net_1,205,0.0,0.6591295568992723
noise_net_1,206,0.0,0.6597336415409193
noise_net_1,207,0.0,0.6633316281140178
noise_net_1,208,0.0,0.6710686209303907
noise_net_1,209,0.0,0.6760211496786172
noise_net_1,210,0.0,0.6808924432266127
noise_net_1,211,0.0,0.6767013901662825
noise_net_1,212,0.0,0.6679104659288577
noise_net_1,213,0.0,0.6663315948462953
noise_net_1,214,0.0,0.6734142126332479
noise_net_1,215,0.0,0.6748164853090362
noise_net_1,216,0.0,0.684962520085494
noise_net_1,217,0.0,0.6901600832476109
noise_net_1,218,0.0,0.6951032795349184
noise_net_1,219,0.0,0.7040926587030366
noise_net_1,220,0.0,0.6997719455744099
noise_net_1,221,0.0,0.6968790829868676
noise_net_1,222,0.0,0.7017941700638064
noise_net_1,223,0.0,0.711746884065117
noise_net_1,224,0.0,0.7083298443928142
noise_net_1,225,0.0,0.6911082298584353
noise_net_1,226,0.0,0.6815296654001832
noise_net_1,227,0.0,0.6914616976461059
noise_net_1,228,0.0,0.6876353751258224
noise_net_1,229,0.0,0.6856516522780756
noise_net_1,230,0.0,0.6967509274878171
noise_net_1,231,0.0,0.704566269454125
noise_net_1,232,0.0,0.7065819403507705
noise_net_1,233,0.0,0.7072472558621675
noise_net_1,234,0.0,0.7091956668331949
noise_net_1,235,0.0,0.7114608520621553
noise_net_1,236,0.0,0.7234365736090713
noise_net_1,237,0.0,0.7201032768244563
noise_net_1,238,0.0,0.7212092274045243
noise_net_1,239,0.0,0.7209624068350333
noise_net_1,240,0.0,0.7307342443611123
noise_net_1,241,0.0,0.7272211558184445
noise_net_1,242,0.0,0.7319002094180657
noise_net_1,243,0.0,0.7411789764068041
noise_net_1,244,0.0,0.7504153383436669
noise_net_1,245,0.0,0.7475721264698753
noise_net_1,246,0.0,0.7543402171714793
noise_net_1,247,0.0,0.7486058942548801
noise_net_1,248,0.0,0.7488075274272957
noise_net_1,249,0.0,0.7403348540974755
noise_net_1,250,0.0,0.7341675762957353
noise_net_1,251,0.0,0.7477879750901485
noise_net_1,252,0.0,0.7497047839244498
noise_net_1,253,0.0,0.7420150537020834
noise_net_1,254,0.0,0.745003449951495
noise_net_1,255,0.0,0.7453096009833514
noise_net_1,256,0.0,0.7372017889674642
noise_net_1,257,0.0,0.7408326846964615
noise_net_1,258,0.0,0.7461975811027328
noise_net_1,259,0.0,0.7477209152068214
noise_net_1,260,0.0,0.760548097390172
noise_net_1,261,0.0,0.7754836959249596
noise_net_1,262,0.0,0.7703520985578446
noise_net_1,263,0.0,0.764205917691066
noise_net_1,264,0.0,0.7693424296660973
noise_net_1,265,0.0,0.788108026753198
noise_net_1,266,0.0,0.78753086246594
noise_net_1,267,0.0,0.7872623872941171
noise_net_1,268,0.0,0.7934487324475976
noise_net_1,269,0.0,0.7954882479104505
noise_net_1,270,0.0,0.7883036336301582
noise_net_1,271,0.0,0.7891110156587909
noise_net_1,272,0.0,0.7982583228029053
noise_net_1,273,0.0,0.8014682611798049
noise_net_1,274,0.0,0.7962141316386963
noise_net_1,275,0.0,0.7990413040137673
noise_net_1,276,0.0,0.7949866189511104
noise_net_1,277,0.0,0.7875112383744509
noise_net_1,278,0.0,0.7828822854676223
noise_net_1,279,0.0,0.7865485576459725
noise_net_1,280,0.0,0.7910274251249753
noise_net_1,281,0.0,0.7981653752392148
noise_net_1,282,0.0,0.798835334187277
noise_net_1,283,0.0,0.7871363548297602
noise_net_1,284,0.0,0.7908452061307931
noise_net_1,285,0.0,0.8016193507264873
noise_net_1,286,0.0,0.7991519004153981
noise_net_1,287,0.0,0.8104139962684407
noise_net_2,0,0.0,0.0954661209121641
noise_net_2,1,0.0,0.1340882660601184
noise_net_2,2,0.0,0.1630345850389828
noise_net_2,3,0.0,0.1877191876594576
noise_net_2,4,0.0,0.210951003527494
noise_net_2,5,0.0,0.2299960657412904
noise_net_2,6,0.0,0.2498789613051023
noise_net_2,7,0.0,0.2709078924965213
noise_net_2,8,0.0,0.2875331237837976
noise_net_2,9,0.0,0.3027400531128039
noise_net_2,10,0.0,0.3134347514903641
noise_net_2,11,0.0,0.333655127666818
noise_net_2,12,0.0,0.3442125449023412
noise_net_2,13,0.0,0.3610016141479003
noise_net_2,14,0.0,0.3746928386411257
noise_net_2,15,0.0,0.3768494058827358
noise_net_2,16,0.0,0.39085149663203
noise_net_2,17,0.0,0.4076496965160479
noise_net_2,18,0.0,0.4197367575237237
noise_net_2,19,0.0,0.423333920785404
noise_net_2,20,0.0,0.4354510256763605
noise_net_2,21,0.0,0.4396361817417823
noise_net_2,22,0.0,0.4498060649621037
noise_net_2,23,0.0,0.4623301792277858
noise_net_2,24,0.0,0.4713231738719534
noise_net_2,25,0.0,0.4843190203475032
noise_net_2,26,0.0,0.4953475784692699
noise_net_2,27,0.0,0.5008097243263442
noise_net_2,28,0.0,0.5094214878113207
noise_net_2,29,0.0,0.5164863157562343
noise_net_2,30,0.0,0.5193256166748861
noise_net_2,31,0.0,0.5259875762229274
noise_net_2,32,0.0,0.5474636646186627
noise_net_2,33,0.0,0.5572706822827891
noise_net_2,34,0.0,0.561954760461855
noise_net_2,35,0.0,0.5660874906944341
noise_net_2,36,0.0,0.5680362611550572
noise_net_2,37,0.0,0.5728561380022102
noise_net_2,38,0.0,0.5779478743253547
noise_net_2,39,0.0,0.5797234026570186
noise_net_2,40,0.0,0.5873616516706952
noise_net_2,41,0.0,0.5801516208612092
noise_net_2,42,0.0,0.5906470320492933
noise_net_2,43,0.0,0.5939563065754037
noise_net_2,44,0.0,0.605687812910362
noise_net_2,45,0.0,0.6192555694959851
noise_net_2,46,0.0,0.6317585794338813
noise_net_2,47,0.0,0.6433796841460401
noise_net_2,48,0.0,0.6442539039147377
noise_net_2,49,0.0,0.6391599393766938
noise_net_2,50,0.0,0.6429056722759432
noise_net_2,51,0.0,0.6502159755914956
noise_net_2,52,0.0,0.656633112191607
noise_net_2,53,0.0,0.6739123290299177
noise_net_2,54,0.0,0.6758209067010219
noise_net_2,55,0.0,0.6769474447815483
noise_net_2,56,0.0,0.6845191741638277
noise_net_2,57,0.0,0.6965293242192131
noise_net_2,58,0.0,0.7001638660202205
noise_net_2,59,0.0,0.7186344137566314
noise_net_2,60,0.0,0.7245156486493303
noise_net_2,61,0.0,0.7382906005620047
noise_net_2,62,0.0,0.740295225099414
noise_net_2,63,0.0,0.7432898910036982
noise_net_2,64,0.0,0.7443192815950732
noise_net_2,65,0.0,0.7467748043217622
noise_net_2,66,0.0,0.7435547449939395
noise_net_2,67,0.0,0.7461500194493323
noise_net_2,68,0.0,0.7399960794740502
noise_net_2,69,0.0,0.7531683155748348
noise_net_2,70,0.0,0.760860873887301
noise_net_2,71,0.0,0.7782879317352192
noise_net_2,72,0.0,0.7813242635223717
noise_net_2,73,0.0,0.7789844292759587
noise_net_2,74,0.0,0.7962489826104956
noise_net_2,75,0.0,0.8085744768168858
noise_net_2,76,0.0,0.8223308687375611
noise_net_2,77,0.0,0.8137282050471689
noise_net_2,78,0.0,0.8177249555286699
noise_net_2,79,0.0,0.8284938608172893
noise_net_2,80,0.0,0.8376724734458526
noise_net_2,81,0.0,0.8547379665906315
noise_net_2,82,0.0,0.8685544357023959
noise_net_2,83,0.0,0.8760526941191281
noise_net_2,84,0.0,0.8723038601140198
noise_net_2,85,0.0,0.8887230159759504
noise_net_2,86,0.0,0.8928515210123312
noise_net_2,87,0.0,0.888042261650756
noise_net_2,88,0.0,0.8902721376888472
noise_net_2,89,0.0,0.9078875736912264
noise_net_2,90,0.0,0.9113847433726304
noise_net_2,91,0.0,0.9090934599458198
noise_net_2,92,0.0,0.911833565583438
noise_net_2,93,0.0,0.9039857455346464
noise_net_2,94,0.0,0.8974080472081651
noise_net_2,95,0.0,0.9003084331762112
noise_net_2,96,0.0,0.900346271584363
noise_net_2,97,0.0,0.9034505735396712
noise_net_2,98,0.0,0.898757443818742
noise_net_2,99,0.0,0.9071313460813852
noise_net_2,100,0.0,0.9292300096031552
noise_net_2,101,0.0,0.9193835323101012
noise_net_2,102,0.0,0.9190261381143214
noise_net_2,103,0.0,0.9429142117822872
noise_net_2,104,0.0,0.9601139594043684
noise_net_2,105,0.0,0.9538963846363492
noise_net_2,106,0.0,0.9605261182452236
noise_net_2,107,0.0,0.9807434346333316
noise_net_2,108,0.0,0.9956998737135788
noise_net_2,109,0.0,0.9937398871630632
noise_net_2,110,0.0,0.9936418789410084
noise_net_2,111,0.0,0.9907354191579908
noise_net_2,112,0.0,0.9882922089618368
noise_net_2,113,0.0,0.9879936023591668
noise_net_2,114,0.0,1.0048324120565937
noise_net_2,115,0.0,1.0190099710436156
noise_net_2,116,0.0,1.0090926708948196
noise_net_2,117,0.0,1.0166642368278278
noise_net_2,118,0.0,1.0264835124805696
noise_net_2,119,0.0,1.0394539939536804
noise_net_2,120,0.0,1.024981756063663
noise_net_2,121,0.0,1.0168103024232975
noise_net_2,122,0.0,1.0251496019811293
noise_net_2,123,0.0,1.0220632247902373
noise_net_2,124,0.0,1.0339450421823762
noise_net_2,125,0.0,1.0435773765681828
noise_net_2,126,0.0,1.0698856926942926
noise_net_2,127,0.0,1.0783401669901784
noise_net_2,128,0.0,1.0902216082822946
noise_net_2,129,0.0,1.0911741789311584
noise_net_2,130,0.0,1.0964612191052885
noise_net_2,131,0.0,1.0916899759071412
noise_net_2,132,0.0,1.1197257259927298
noise_net_2,133,0.0,1.1230882629702366
noise_net_2,134,0.0,1.115728973579463
noise_net_2,135,0.0,1.105210943664796
noise_net_2,136,0.0,1.0913027685411434
noise_net_2,137,0.0,1.1042492352095183
noise_net_2,138,0.0,1.1089306085541246
noise_net_2,139,0.0,1.1040558728649683
noise_net_2,140,0.0,1.1175219494910842
noise_net_2,141,0.0,1.101049677040656
noise_net_2,142,0.0,1.1226997678557278
noise_net_2,143,0.0,1.1200421901360669
noise_net_2,144,0.0,1.143121877893685
noise_net_2,145,0.0,1.1362371419308068
noise_net_2,146,0.0,1.1282786005743393
noise_net_2,147,0.0,1.1387822379832595
noise_net_2,148,0.0,1.1489603769911774
noise_net_2,149,0.0,1.1472299644673618
noise_net_2,150,0.0,1.1411679980676572
noise_net_2,151,0.0,1.146098853163343
noise_net_2,152,0.0,1.156912037185383
noise_net_2,153,0.0,1.1603761453004515
noise_net_2,154,0.0,1.1783702588879024
noise_net_2,155,0.0,1.1814351433463248
noise_net_2,156,0.0,1.192611527584758
noise_net_2,157,0.0,1.1933286528415985
noise_net_2,158,0.0,1.1899635780824191
noise_net_2,159,0.0,1.1945274624288151
noise_net_2,160,0.0,1.2016363176729197
noise_net_2,161,0.0,1.2105580085971992
noise_net_2,162,0.0,1.2153606761761762
noise_net_2,163,0.0,1.227382385179746
noise_net_2,164,0.0,1.2290254080307144
noise_net_2,165,0.0,1.2364730230109635
noise_net_2,166,0.0,1.2520456480981992
noise_net_2,167,0.0,1.2694711488748822
noise_net_2,168,0.0,1.2677120123051988
noise_net_2,169,0.0,1.258549548881044
noise_net_2,170,0.0,1.2727374308039197
noise_net_2,171,0.0,1.2637384999706154
noise_net_2,172,0.0,1.276300605307711
noise_net_2,173,0.0,1.2718193044735235
noise_net_2,174,0.0,1.2535834678713815
noise_net_2,175,0.0,1.2398791312157973
noise_net_2,176,0.0,1.2493346110758805
noise_net_2,177,0.0,1.2537419542721486
noise_net_2,178,0.0,1.2436704617699688
noise_net_2,179,0.0,1.2494355214837718
noise_net_2,180,0.0,1.2561328255746795
noise_net_2,181,0.0,1.2899022006832304
noise_net_2,182,0.0,1.3099312138145085
noise_net_2,183,0.0,1.3165554154252674
noise_net_2,184,0.0,1.3141276307649312
noise_net_2,185,0.0,1.314378061142257
noise_net_2,186,0.0,1.3131246992833558
noise_net_2,187,0.0,1.311177063387141
noise_net_2,188,0.0,1.2922583191033918
noise_net_2,189,0.0,1.3080741704780725
noise_net_2,190,0.0,1.2917369060187731
noise_net_2,191,0.0,1.2997564600529552
noise_net_2,192,0.0,1.293875527961178
noise_net_2,193,0.0,1.307196853004496
noise_net_2,194,0.0,1.3034776272895854
noise_net_2,195,0.0,1.3056771320376088
noise_net_2,196,0.0,1.3111066286190525
noise_net_2,197,0.0,1.3098010354273844
noise_net_2,198,0.0,1.3096710714020487
noise_net_2,199,0.0,1.3152717989652607
noise_net_2,200,0.0,1.3377629155627695
noise_net_2,201,0.0,1.3187965346354555
noise_net_2,202,0.0,1.3055077334137406
noise_net_2,203,0.0,1.3235538617936558
noise_net_2,204,0.0,1.3329723841864891
noise_net_2,205,0.0,1.3182591137985449
noise_net_2,206,0.0,1.3194672830818386
noise_net_2,207,0.0,1.3266632562280356
noise_net_2,208,0.0,1.342137241860781
noise_net_2,209,0.0,1.3520422993572343
noise_net_2,210,0.0,1.3617848864532256
noise_net_2,211,0.0,1.353402780332565
noise_net_2,212,0.0,1.3358209318577154
noise_net_2,213,0.0,1.332663189692591
noise_net_2,214,0.0,1.3468284252664957
noise_net_2,215,0.0,1.3496329706180723
noise_net_2,216,0.0,1.369925040170988
noise_net_2,217,0.0,1.380320166495222
noise_net_2,218,0.0,1.3902065590698367
noise_net_2,219,0.0,1.408185317406073
noise_net_2,220,0.0,1.3995438911488194
noise_net_2,221,0.0,1.3937581659737353
noise_net_2,222,0.0,1.4035883401276128
noise_net_2,223,0.0,1.423493768130234
noise_net_2,224,0.0,1.4166596887856284
noise_net_2,225,0.0,1.382216459716871
noise_net_2,226,0.0,1.363059330800367
noise_net_2,227,0.0,1.3829233952922118
noise_net_2,228,0.0,1.3752707502516446
noise_net_2,229,0.0,1.3713033045561511
noise_net_2,230,0.0,1.393501854975634
noise_net_2,231,0.0,1.4091325389082503
noise_net_2,232,0.0,1.413163880701541
noise_net_2,233,0.0,1.414494511724335
noise_net_2,234,0.0,1.4183913336663898
noise_net_2,235,0.0,1.4229217041243107
noise_net_2,236,0.0,1.4468731472181429
noise_net_2,237,0.0,1.4402065536489126
noise_net_2,238,0.0,1.4424184548090486
noise_net_2,239,0.0,1.4419248136700664
noise_net_2,240,0.0,1.461468488722225
noise_net_2,241,0.0,1.454442311636889
noise_net_2,242,0.0,1.463800418836131
noise_net_2,243,0.0,1.4823579528136082
noise_net_2,244,0.0,1.5008306766873338
noise_net_2,245,0.0,1.4951442529397505
noise_net_2,246,0.0,1.5086804343429587
noise_net_2,247,0.0,1.4972117885097602
noise_net_2,248,0.0,1.4976150548545917
noise_net_2,249,0.0,1.4806697081949514
noise_net_2,250,0.0,1.4683351525914703
noise_net_2,251,0.0,1.495575950180297
noise_net_2,252,0.0,1.4994095678488997
noise_net_2,253,0.0,1.4840301074041669
noise_net_2,254,0.0,1.4900068999029903
noise_net_2,255,0.0,1.490619201966703
noise_net_2,256,0.0,1.4744035779349285
noise_net_2,257,0.0,1.481665369392923
noise_net_2,258,0.0,1.4923951622054656
noise_net_2,259,0.0,1.4954418304136423
noise_net_2,260,0.0,1.521096194780344
noise_net_2,261,0.0,1.5509673918499187
noise_net_2,262,0.0,1.5407041971156892
noise_net_2,263,0.0,1.528411835382132
noise_net_2,264,0.0,1.538684859332195
noise_net_2,265,0.0,1.576216053506396
noise_net_2,266,0.0,1.57506172493188
noise_net_2,267,0.0,1.5745247745882345
noise_net_2,268,0.0,1.5868974648951952
noise_net_2,269,0.0,1.590976495820901
noise_net_2,270,0.0,1.5766072672603164
noise_net_2,271,0.0,1.578222031317582
noise_net_2,272,0.0,1.5965166456058106
noise_net_2,273,0.0,1.6029365223596097
noise_net_2,274,0.0,1.5924282632773925
noise_net_2,275,0.0,1.5980826080275343
noise_net_2,276,0.0,1.589973237902221
noise_net_2,277,0.0,1.5750224767489018
noise_net_2,278,0.0,1.5657645709352446
noise_net_2,279,0.0,1.573097115291945
noise_net_2,280,0.0,1.5820548502499503
noise_net_2,281,0.0,1.5963307504784296
noise_net_2,282,0.0,1.5976706683745534
noise_net_2,283,0.0,1.574272709659521
noise_net_2,284,0.0,1.5816904122615865
noise_net_2,285,0.0,1.6032387014529743
noise_net_2,286,0.0,1.5983038008307962
noise_net_2,287,0.0,1.6208279925368814
noise_net_3,0,0.0,0.1431991813682461
noise_net_3,1,0.0,0.2011323990901774
noise_net_3,2,0.0,0.2445518775584746
noise_net_3,3,0.0,0.2815787814891858
noise_net_3,4,0.0,0.3164265052912413
noise_net_3,5,0.0,0.3449940986119356
noise_net_3,6,0.0,0.3748184419576536
noise_net_3,7,0.0,0.4063618387447817
noise_net_3,8,0.0,0.4312996856756966
noise_net_3,9,0.0,0.4541100796692064
noise_net_3,10,0.0,0.4701521272355451
noise_net_3,11,0.0,0.5004826915002273
noise_net_3,12,0.0,0.5163188173535103
noise_net_3,13,0.0,0.5415024212218504
noise_net_3,14,0.0,0.5620392579616871
noise_net_3,15,0.0,0.5652741088241023
noise_net_3,16,0.0,0.5862772449480452
noise_net_3,17,0.0,0.61147454477407
noise_net_3,18,0.0,0.6296051362855857
noise_net_3,19,0.0,0.6350008811781052
noise_net_3,20,0.0,0.6531765385145423
noise_net_3,21,0.0,0.6594542726126753
noise_net_3,22,0.0,0.6747090974431539
noise_net_3,23,0.0,0.6934952688416807
noise_net_3,24,0.0,0.7069847608079298
noise_net_3,25,0.0,0.7264785305212549
noise_net_3,26,0.0,0.743021367703905
noise_net_3,27,0.0,0.7512145864895174
noise_net_3,28,0.0,0.7641322317169822
noise_net_3,29,0.0,0.7747294736343516
noise_net_3,30,0.0,0.7789884250123285
noise_net_3,31,0.0,0.7889813643343929
noise_net_3,32,0.0,0.8211954969279935
noise_net_3,33,0.0,0.8359060234241843
noise_net_3,34,0.0,0.8429321406927861
noise_net_3,35,0.0,0.8491312360416516
noise_net_3,36,0.0,0.8520543917325824
noise_net_3,37,0.0,0.8592842070033159
noise_net_3,38,0.0,0.866921811488034
noise_net_3,39,0.0,0.8695851039855267
noise_net_3,40,0.0,0.8810424775060426
noise_net_3,41,0.0,0.8702274312918119
noise_net_3,42,0.0,0.8859705480739405
noise_net_3,43,0.0,0.8909344598631046
noise_net_3,44,0.0,0.9085317193655432
noise_net_3,45,0.0,0.928883354243976
noise_net_3,46,0.0,0.9476378691508226
noise_net_3,47,0.0,0.9650695262190604
noise_net_3,48,0.0,0.966380855872106
noise_net_3,49,0.0,0.958739909065042
noise_net_3,50,0.0,0.9643585084139144
noise_net_3,51,0.0,0.975323963387242
noise_net_3,52,0.0,0.98494966828741
noise_net_3,53,0.0,1.0108684935448775
noise_net_3,54,0.0,1.013731360051536
noise_net_3,55,0.0,1.0154211671723232
noise_net_3,56,0.0,1.0267787612457406
noise_net_3,57,0.0,1.0447939863288198
noise_net_3,58,0.0,1.0502457990303302
noise_net_3,59,0.0,1.0779516206349469
noise_net_3,60,0.0,1.086773472973994
noise_net_3,61,0.0,1.1074359008430057
noise_net_3,62,0.0,1.1104428376491229
noise_net_3,63,0.0,1.114934836505549
noise_net_3,64,0.0,1.1164789223926113
noise_net_3,65,0.0,1.120162206482644
noise_net_3,66,0.0,1.1153321174909094
noise_net_3,67,0.0,1.1192250291740014
noise_net_3,68,0.0,1.1099941192110745
noise_net_3,69,0.0,1.1297524733622504
noise_net_3,70,0.0,1.141291310830952
noise_net_3,71,0.0,1.1674318976028293
noise_net_3,72,0.0,1.171986395283557
noise_net_3,73,0.0,1.1684766439139374
noise_net_3,74,0.0,1.1943734739157457
noise_net_3,75,0.0,1.2128617152253298
noise_net_3,76,0.0,1.2334963031063395
noise_net_3,77,0.0,1.22059230757075
noise_net_3,78,0.0,1.2265874332930031
noise_net_3,79,0.0,1.2427407912259325
noise_net_3,80,0.0,1.2565087101687809
noise_net_3,81,0.0,1.2821069498859463
noise_net_3,82,0.0,1.302831653553595
noise_net_3,83,0.0,1.3140790411786911
noise_net_3,84,0.0,1.3084557901710292
noise_net_3,85,0.0,1.3330845239639288
noise_net_3,86,0.0,1.3392772815184986
noise_net_3,87,0.0,1.3320633924761325
noise_net_3,88,0.0,1.3354082065332684
noise_net_3,89,0.0,1.3618313605368388
noise_net_3,90,0.0,1.367077115058946
noise_net_3,91,0.0,1.3636401899187287
noise_net_3,92,0.0,1.3677503483751574
noise_net_3,93,0.0,1.3559786183019698
noise_net_3,94,0.0,1.3461120708122474
noise_net_3,95,0.0,1.3504626497643142
noise_net_3,96,0.0,1.3505194073765456
noise_net_3,97,0.0,1.355175860309507
noise_net_3,98,0.0,1.348136165728113
noise_net_3,99,0.0,1.3606970191220746
noise_net_3,100,0.0,1.393845014404731
noise_net_3,101,0.0,1.3790752984651529
noise_net_3,102,0.0,1.3785392071714797
noise_net_3,103,0.0,1.4143713176734336
noise_net_3,104,0.0,1.440170939106553
noise_net_3,105,0.0,1.4308445769545246
noise_net_3,106,0.0,1.440789177367834
noise_net_3,107,0.0,1.4711151519500028
noise_net_3,108,0.0,1.4935498105703688
noise_net_3,109,0.0,1.4906098307445936
noise_net_3,110,0.0,1.4904628184115143
noise_net_3,111,0.0,1.4861031287369866
noise_net_3,112,0.0,1.482438313442756
noise_net_3,113,0.0,1.4819904035387526
noise_net_3,114,0.0,1.507248618084894
noise_net_3,115,0.0,1.5285149565654252
noise_net_3,116,0.0,1.513639006342228
noise_net_3,117,0.0,1.5249963552417387
noise_net_3,118,0.0,1.5397252687208556
noise_net_3,119,0.0,1.5591809909305194
noise_net_3,120,0.0,1.5374726340954956
noise_net_3,121,0.0,1.525215453634947
noise_net_3,122,0.0,1.5377244029716948
noise_net_3,123,0.0,1.5330948371853543
noise_net_3,124,0.0,1.550917563273564
noise_net_3,125,0.0,1.5653660648522727
noise_net_3,126,0.0,1.604828539041438
noise_net_3,127,0.0,1.6175102504852696
noise_net_3,128,0.0,1.6353324124234427
noise_net_3,129,0.0,1.6367612683967432
noise_net_3,130,0.0,1.644691828657929
noise_net_3,131,0.0,1.6375349638607133
noise_net_3,132,0.0,1.679588588989095
noise_net_3,133,0.0,1.6846323944553525
noise_net_3,134,0.0,1.673593460369195
noise_net_3,135,0.0,1.6578164154971933
noise_net_3,136,0.0,1.6369541528117169
noise_net_3,137,0.0,1.656373852814276
noise_net_3,138,0.0,1.6633959128311842
noise_net_3,139,0.0,1.6560838092974484
noise_net_3,140,0.0,1.6762829242366286
noise_net_3,141,0.0,1.651574515560983
noise_net_3,142,0.0,1.6840496517836006
noise_net_3,143,0.0,1.6800632852040975
noise_net_3,144,0.0,1.714682816840528
noise_net_3,145,0.0,1.7043557128962057
noise_net_3,146,0.0,1.6924179008615103
noise_net_3,147,0.0,1.708173356974889
noise_net_3,148,0.0,1.7234405654867688
noise_net_3,149,0.0,1.7208449467010412
noise_net_3,150,0.0,1.7117519971014843
noise_net_3,151,0.0,1.719148279745017
noise_net_3,152,0.0,1.7353680557780766
noise_net_3,153,0.0,1.7405642179506733
noise_net_3,154,0.0,1.7675553883318562
noise_net_3,155,0.0,1.77215271501949
noise_net_3,156,0.0,1.7889172913771367
noise_net_3,157,0.0,1.7899929792623948
noise_net_3,158,0.0,1.784945367123631
noise_net_3,159,0.0,1.7917911936432225
noise_net_3,160,0.0,1.8024544765093768
noise_net_3,161,0.0,1.815837012895797
noise_net_3,162,0.0,1.8230410142642643
noise_net_3,163,0.0,1.841073577769618
noise_net_3,164,0.0,1.843538112046069
noise_net_3,165,0.0,1.8547095345164464
noise_net_3,166,0.0,1.8780684721473075
noise_net_3,167,0.0,1.9042067233123248
noise_net_3,168,0.0,1.9015680184578
noise_net_3,169,0.0,1.8878243233215608
noise_net_3,170,0.0,1.9091061462058776
noise_net_3,171,0.0,1.8956077499559216
noise_net_3,172,0.0,1.9144509079615697
noise_net_3,173,0.0,1.907728956710282
noise_net_3,174,0.0,1.880375201807074
noise_net_3,175,0.0,1.8598186968237032
noise_net_3,176,0.0,1.8740019166138224
noise_net_3,177,0.0,1.8806129314082216
noise_net_3,178,0.0,1.8655056926549545
noise_net_3,179,0.0,1.874153282225664
noise_net_3,180,0.0,1.8841992383620216
noise_net_3,181,0.0,1.9348533010248437
noise_net_3,182,0.0,1.9648968207217583
noise_net_3,183,0.0,1.9748331231379028
noise_net_3,184,0.0,1.971191446147396
noise_net_3,185,0.0,1.9715670917133936
noise_net_3,186,0.0,1.9696870489250324
noise_net_3,187,0.0,1.966765595080708
noise_net_3,188,0.0,1.93838747865509
noise_net_3,189,0.0,1.96211125571711
noise_net_3,190,0.0,1.93760535902816
noise_net_3,191,0.0,1.949634690079428
noise_net_3,192,0.0,1.9408132919417649
noise_net_3,193,0.0,1.9607952795067456
noise_net_3,194,0.0,1.955216440934382
noise_net_3,195,0.0,1.958515698056412
noise_net_3,196,0.0,1.9666599429285825
noise_net_3,197,0.0,1.964701553141076
noise_net_3,198,0.0,1.964506607103071
noise_net_3,199,0.0,1.972907698447892
noise_net_3,200,0.0,2.006644373344153
noise_net_3,201,0.0,1.9781948019531816
noise_net_3,202,0.0,1.9582616001206097
noise_net_3,203,0.0,1.9853307926904844
noise_net_3,204,0.0,1.9994585762797392
noise_net_3,205,0.0,1.977388670697819
noise_net_3,206,0.0,1.979200924622761
noise_net_3,207,0.0,1.9899948843420567
noise_net_3,208,0.0,2.0132058627911738
noise_net_3,209,0.0,2.028063449035852
noise_net_3,210,0.0,2.042677329679837
noise_net_3,211,0.0,2.030104170498851
noise_net_3,212,0.0,2.003731397786571
noise_net_3,213,0.0,1.998994784538889
noise_net_3,214,0.0,2.020242637899746
noise_net_3,215,0.0,2.024449455927112
noise_net_3,216,0.0,2.0548875602564856
noise_net_3,217,0.0,2.0704802497428334
noise_net_3,218,0.0,2.085309838604758
noise_net_3,219,0.0,2.1122779761091106
noise_net_3,220,0.0,2.099315836723236
noise_net_3,221,0.0,2.090637248960596
noise_net_3,222,0.0,2.105382510191421
noise_net_3,223,0.0,2.1352406521953498
noise_net_3,224,0.0,2.1249895331784425
noise_net_3,225,0.0,2.0733246895753066
noise_net_3,226,0.0,2.0445889962005506
noise_net_3,227,0.0,2.0743850929383214
noise_net_3,228,0.0,2.062906125377466
noise_net_3,229,0.0,2.056954956834225
noise_net_3,230,0.0,2.090252782463451
noise_net_3,231,0.0,2.1136988083623764
noise_net_3,232,0.0,2.1197458210523124
noise_net_3,233,0.0,2.1217417675865016
noise_net_3,234,0.0,2.127587000499586
noise_net_3,235,0.0,2.1343825561864658
noise_net_3,236,0.0,2.170309720827212
noise_net_3,237,0.0,2.160309830473367
noise_net_3,238,0.0,2.1636276822135736
noise_net_3,239,0.0,2.1628872205051053
noise_net_3,240,0.0,2.1922027330833416
noise_net_3,241,0.0,2.181663467455328
noise_net_3,242,0.0,2.195700628254197
noise_net_3,243,0.0,2.22353692922041
noise_net_3,244,0.0,2.251246015030999
noise_net_3,245,0.0,2.242716379409626
noise_net_3,246,0.0,2.2630206515144384
noise_net_3,247,0.0,2.245817682764636
noise_net_3,248,0.0,2.2464225822818875
noise_net_3,249,0.0,2.2210045622924337
noise_net_3,250,0.0,2.202502728887202
noise_net_3,251,0.0,2.243363925270445
noise_net_3,252,0.0,2.249114351773349
noise_net_3,253,0.0,2.226045161106254
noise_net_3,254,0.0,2.2350103498544827
noise_net_3,255,0.0,2.235928802950058
noise_net_3,256,0.0,2.211605366902392
noise_net_3,257,0.0,2.2224980540893804
noise_net_3,258,0.0,2.2385927433082027
noise_net_3,259,0.0,2.2431627456204626
noise_net_3,260,0.0,2.28164429217052
noise_net_3,261,0.0,2.326451087774879
noise_net_3,262,0.0,2.311056295673534
noise_net_3,263,0.0,2.292617753073195
noise_net_3,264,0.0,2.30802728899829
noise_net_3,265,0.0,2.364324080259598
noise_net_3,266,0.0,2.3625925873978253
noise_net_3,267,0.0,2.361787161882348
noise_net_3,268,0.0,2.380346197342793
noise_net_3,269,0.0,2.386464743731345
noise_net_3,270,0.0,2.364910900890473
noise_net_3,271,0.0,2.367333046976376
noise_net_3,272,0.0,2.3947749684087096
noise_net_3,273,0.0,2.404404783539417
noise_net_3,274,0.0,2.388642394916093
noise_net_3,275,0.0,2.397123912041304
noise_net_3,276,0.0,2.384959856853333
noise_net_3,277,0.0,2.362533715123356
noise_net_3,278,0.0,2.348646856402866
noise_net_3,279,0.0,2.3596456729379183
noise_net_3,280,0.0,2.3730822753749297
noise_net_3,281,0.0,2.3944961257176374
noise_net_3,282,0.0,2.396506002561828
noise_net_3,283,0.0,2.3614090644892767
noise_net_3,284,0.0,2.372535618392382
noise_net_3,285,0.0,2.404858052179461
noise_net_3,286,0.0,2.3974557012461952
noise_net_3,287,0.0,2.431241988805323
perfect_price,0,0.0,1.1792560721720968
perfect_price,1,0.0,1.183441261029041
perfect_price,2,0.0,1.1617610786160355
perfect_price,3,0.0,1.1672536928720074
perfect_price,4,0.0,1.165769009616333
perfect_price,5,0.0,1.1698899573708674
perfect_price,6,0.0,1.1795296916823577
perfect_price,7,0.0,1.1810786160404418
perfect_price,8,0.0,1.1592295033211015
perfect_price,9,0.0,1.164571032021408
perfect_price,10,0.0,1.163012590462967
perfect_price,11,0.0,1.1673655199762016
perfect_price,12,0.0,1.177052840289476
perfect_price,13,0.0,1.178345989887969
perfect_price,14,0.0,1.1562292059085904
perfect_price,15,0.0,1.1616064241102353
perfect_price,16,0.0,1.1600325171012145
perfect_price,17,0.0,1.1644342222662778
perfect_price,18,0.0,1.1740418360265632
perfect_price,19,0.0,1.1753742440765285
perfect_price,20,0.0,1.1533205115495144
perfect_price,21,0.0,1.1587310399524084
perfect_price,22,0.0,1.157085753940711
perfect_price,23,0.0,1.1615255279072016
perfect_price,24,0.0,1.1711914345196734
perfect_price,25,0.0,1.1724726876177198
perfect_price,26,0.0,1.1504391791414643
perfect_price,27,0.0,1.1557818974918157
perfect_price,28,0.0,1.1542520075344451
perfect_price,29,0.0,1.158673936750267
perfect_price,30,0.0,1.168590859522152
perfect_price,31,0.0,1.1724893427183445
perfect_price,32,0.0,1.150418955090706
perfect_price,33,0.0,1.1557533458907443
perfect_price,34,0.0,1.1542865073857391
perfect_price,35,0.0,1.1586929711509806
perfect_price,36,0.0,1.1685420838703229
perfect_price,37,0.0,1.1724786358679429
perfect_price,38,0.0,1.150428472291063
perfect_price,39,0.0,1.1557688113413245
perfect_price,40,0.0,1.1542912659859177
perfect_price,41,0.0,1.1586584712996868
perfect_price,42,0.0,1.1685408942202782
perfect_price,43,0.0,1.1725083771190583
perfect_price,44,0.0,1.1504641617924012
perfect_price,45,0.0,1.155755725190834
perfect_price,46,0.0,1.1542817487855606
perfect_price,47,0.0,1.1586465747992405
perfect_price,48,0.0,1.1685753940715715
perfect_price,49,0.0,1.172548825220575
perfect_price,50,0.0,1.1504344205412858
perfect_price,51,0.0,1.155773569941503
perfect_price,52,0.0,1.1542876970357836
perfect_price,53,0.0,1.1586810746505345
perfect_price,54,0.0,1.1685551700208134
perfect_price,55,0.0,1.172533359769995
perfect_price,56,0.0,1.1504296619411074
perfect_price,57,0.0,1.1557961732923503
perfect_price,58,0.0,1.1542995935362297
perfect_price,59,0.0,1.1586501437493746
perfect_price,60,0.0,1.1687704966788883
perfect_price,61,0.0,1.1725250322196827
perfect_price,62,0.0,1.1504510756419102
perfect_price,63,0.0,1.1559603449985068
perfect_price,64,0.0,1.1543543174382815
perfect_price,65,0.0,1.1587453157529437
perfect_price,66,0.0,1.168832358481208
perfect_price,67,0.0,1.1725642906711549
perfect_price,68,0.0,1.1504772479428915
perfect_price,69,0.0,1.15595082779815
perfect_price,70,0.0,1.154401903440066
perfect_price,71,0.0,1.158804798255174
perfect_price,72,0.0,1.168847823931788
perfect_price,73,0.0,1.172566669971244
perfect_price,74,0.0,1.1505272132447657
perfect_price,75,0.0,1.1559413105977931
perfect_price,76,0.0,1.15443640329136
perfect_price,77,0.0,1.1588749876078062
perfect_price,78,0.0,1.1686777039754084
perfect_price,79,0.0,1.1725214632695486
perfect_price,80,0.0,1.1505676613462823
perfect_price,81,0.0,1.15639456726479
perfect_price,82,0.0,1.1547385744026912
perfect_price,83,0.0,1.1591866759194946
perfect_price,84,0.0,1.168757410528397
perfect_price,85,0.0,1.1725868940220023
perfect_price,86,0.0,1.1503868345395012
perfect_price,87,0.0,1.1568073758302704
perfect_price,88,0.0,1.1546255576484532
perfect_price,89,0.0,1.159090314265881
perfect_price,90,0.0,1.1687907207296466
perfect_price,91,0.0,1.17236442946366
perfect_price,92,0.0,1.1503904034896353
perfect_price,93,0.0,1.1565444631704112
perfect_price,94,0.0,1.1547897293546097
perfect_price,95,0.0,1.1593520372756956
perfect_price,96,0.0,1.1686562902746056
perfect_price,97,0.0,1.1723537226132583
perfect_price,98,0.0,1.1502309903836572
perfect_price,99,0.0,1.1561518786556892
perfect_price,100,0.0,1.154199662932482
perfect_price,101,0.0,1.1590260731634718
perfect_price,102,0.0,1.168256567859616
perfect_price,103,0.0,1.1715459502329668
perfect_price,104,0.0,1.1505212649945424
perfect_price,105,0.0,1.1556534152869966
perfect_price,106,0.0,1.1538082680678048
perfect_price,107,0.0,1.1578899573708676
perfect_price,108,0.0,1.1658855953207046
perfect_price,109,0.0,1.1693224942995877
perfect_price,110,0.0,1.1490342024387776
perfect_price,111,0.0,1.153694061663521
perfect_price,112,0.0,1.1522331714087386
perfect_price,113,0.0,1.1556641221373989
perfect_price,114,0.0,1.1638096559928568
perfect_price,115,0.0,1.1678294834935994
perfect_price,116,0.0,1.14749479528105
perfect_price,117,0.0,1.1527863586794822
perfect_price,118,0.0,1.1497717854664369
perfect_price,119,0.0,1.1534382869039304
perfect_price,120,0.0,1.1637454148904476
perfect_price,121,0.0,1.167085952215717
perfect_price,122,0.0,1.147706552988991
perfect_price,123,0.0,1.152910082284122
perfect_price,124,0.0,1.1516978288886637
perfect_price,125,0.0,1.1558592247447153
perfect_price,126,0.0,1.1656012689600423
perfect_price,127,0.0,1.169309408149097
perfect_price,128,0.0,1.1504879547932936
perfect_price,129,0.0,1.1557902250421273
perfect_price,130,0.0,1.154478041042921
perfect_price,131,0.0,1.158201645682556
perfect_price,132,0.0,1.1675784673341871
perfect_price,133,0.0,1.1706525230494635
perfect_price,134,0.0,1.1526031525726137
perfect_price,135,0.0,1.1574081491027997
perfect_price,136,0.0,1.1559294140973475
perfect_price,137,0.0,1.1593306235748928
perfect_price,138,0.0,1.168888272033305
perfect_price,139,0.0,1.1725321701199505
perfect_price,140,0.0,1.1542793694854716
perfect_price,141,0.0,1.1593817785268106
perfect_price,142,0.0,1.1576032517101165
perfect_price,143,0.0,1.1605464459204864
perfect_price,144,0.0,1.1699898879746156
perfect_price,145,0.0,1.1748210568057835
perfect_price,146,0.0,1.156263705759884
perfect_price,147,0.0,1.1611936155447546
perfect_price,148,0.0,1.1585728164964753
perfect_price,149,0.0,1.161651630811931
perfect_price,150,0.0,1.1691987706949485
perfect_price,151,0.0,1.1735564588083611
perfect_price,152,0.0,1.15514305541786
perfect_price,153,0.0,1.1604964806186122
perfect_price,154,0.0,1.15716308119361
perfect_price,155,0.0,1.160767720828784
perfect_price,156,0.0,1.1686967383761226
perfect_price,157,0.0,1.1736492515118409
perfect_price,158,0.0,1.1547469019530046
perfect_price,159,0.0,1.1600812927530428
perfect_price,160,0.0,1.156727669277282
perfect_price,161,0.0,1.1601015168038014
perfect_price,162,0.0,1.1675927431347226
perfect_price,163,0.0,1.1728533756319954
perfect_price,164,0.0,1.1541889560820815
perfect_price,165,0.0,1.159528105482298
perfect_price,166,0.0,1.155702190938827
perfect_price,167,0.0,1.1584728858927278
perfect_price,168,0.0,1.16574759591553
perfect_price,169,0.0,1.1712628135223495
perfect_price,170,0.0,1.1524711014176618
perfect_price,171,0.0,1.1575699415088678
perfect_price,172,0.0,1.1541663527312334
perfect_price,173,0.0,1.1571154951918254
perfect_price,174,0.0,1.164143947655393
perfect_price,175,0.0,1.1698197680182352
perfect_price,176,0.0,1.1518988797462038
perfect_price,177,0.0,1.1557033805888717
perfect_price,178,0.0,1.1534109249529048
perfect_price,179,0.0,1.1552096758203574
perfect_price,180,0.0,1.1619311985724143
perfect_price,181,0.0,1.1683422226628275
perfect_price,182,0.0,1.1507687122038226
perfect_price,183,0.0,1.1545767819966242
perfect_price,184,0.0,1.1524615842173045
perfect_price,185,0.0,1.1533395459502276
perfect_price,186,0.0,1.1589677803112868
perfect_price,187,0.0,1.1654133042529933
perfect_price,188,0.0,1.1484013086150449
perfect_price,189,0.0,1.1523295330623518
perfect_price,190,0.0,1.1490044611876624
perfect_price,191,0.0,1.149552889858228
perfect_price,192,0.0,1.1556236740358827
perfect_price,193,0.0,1.1624522652919544
perfect_price,194,0.0,1.1456080103102964
perfect_price,195,0.0,1.1497230098146072
perfect_price,196,0.0,1.146503816793888
perfect_price,197,0.0,1.147173589769004
perfect_price,198,0.0,1.1539260434222216
perfect_price,199,0.0,1.1616421136115735
perfect_price,200,0.0,1.1441364132051113
perfect_price,201,0.0,1.148130068404872
perfect_price,202,0.0,1.1445135322692523
perfect_price,203,0.0,1.145254684247045
perfect_price,204,0.0,1.151950034698121
perfect_price,205,0.0,1.1594638643798891
perfect_price,206,0.0,1.141821354218297
perfect_price,207,0.0,1.1456805789630162
perfect_price,208,0.0,1.1423317140874345
perfect_price,209,0.0,1.1429848319619256
perfect_price,210,0.0,1.1522617230098091
perfect_price,211,0.0,1.1578340438187709
perfect_price,212,0.0,1.140179637156732
perfect_price,213,0.0,1.1455175969069042
perfect_price,214,0.0,1.141702389213835
perfect_price,215,0.0,1.1422139387330172
perfect_price,216,0.0,1.1520618618023146
perfect_price,217,0.0,1.1557497769406109
perfect_price,218,0.0,1.137899078021211
perfect_price,219,0.0,1.143072866065227
perfect_price,220,0.0,1.1392326757212208
perfect_price,221,0.0,1.1398738970952655
perfect_price,222,0.0,1.1498776643204072
perfect_price,223,0.0,1.1534525627044654
perfect_price,224,0.0,1.1352068999702545
perfect_price,225,0.0,1.1390340041637694
perfect_price,226,0.0,1.1361027064538465
perfect_price,227,0.0,1.136873599682754
perfect_price,228,0.0,1.145829285218593
perfect_price,229,0.0,1.1494493903043463
perfect_price,230,0.0,1.1314904332308868
perfect_price,231,0.0,1.135206899970253
perfect_price,232,0.0,1.1326836522256325
perfect_price,233,0.0,1.1332653910974464
perfect_price,234,0.0,1.142840884306528
perfect_price,235,0.0,1.1465204718945117
perfect_price,236,0.0,1.1287173589768964
perfect_price,237,0.0,1.1347417468028098
perfect_price,238,0.0,1.1329513234856696
perfect_price,239,0.0,1.1333308218499
perfect_price,240,0.0,1.1431478140180378
perfect_price,241,0.0,1.1469392287102151
perfect_price,242,0.0,1.1292681669475515
perfect_price,243,0.0,1.135424605928417
perfect_price,244,0.0,1.1338352334688162
perfect_price,245,0.0,1.1343586794884448
perfect_price,246,0.0,1.1441292753048424
perfect_price,247,0.0,1.1479183106969308
perfect_price,248,0.0,1.129846336869233
perfect_price,249,0.0,1.1360348964013027
perfect_price,250,0.0,1.134388420739561
perfect_price,251,0.0,1.1347560226033453
perfect_price,252,0.0,1.144587290572018
perfect_price,253,0.0,1.148466739367497
perfect_price,254,0.0,1.130542282145331
perfect_price,255,0.0,1.1372685634975652
perfect_price,256,0.0,1.1351652622186923
perfect_price,257,0.0,1.1354852780806923
perfect_price,258,0.0,1.1455770794091351
perfect_price,259,0.0,1.1496932685634915
perfect_price,260,0.0,1.131681966888069
perfect_price,261,0.0,1.1384118171904374
perfect_price,262,0.0,1.136147913155542
perfect_price,263,0.0,1.136338257162679
perfect_price,264,0.0,1.145981560424303
perfect_price,265,0.0,1.149818181818176
perfect_price,266,0.0,1.1314690195300836
perfect_price,267,0.0,1.1376195102607258
perfect_price,268,0.0,1.1353199167244918
perfect_price,269,0.0,1.135549519183101
perfect_price,270,0.0,1.1456436998116333
perfect_price,271,0.0,1.1494945970060415
perfect_price,272,0.0,1.131455933379593
perfect_price,273,0.0,1.1376088034103242
perfect_price,274,0.0,1.1353389511252057
perfect_price,275,0.0,1.1356232774858672
perfect_price,276,0.0,1.145893526321002
perfect_price,277,0.0,1.1480027758500986
perfect_price,278,0.0,1.129052840289477
perfect_price,279,0.0,1.1350129870129813
perfect_price,280,0.0,1.1326491523743385
perfect_price,281,0.0,1.1329667889362487
perfect_price,282,0.0,1.1429122633092044
perfect_price,283,0.0,1.145006047387721
perfect_price,284,0.0,1.126031129176163
perfect_price,285,0.0,1.1320114999504252
perfect_price,286,0.0,1.1297345097650395
perfect_price,287,0.0,1.1300426291265928
naive,0,0.0,1.1792560721720968
naive,1,66.37375318066154,1.183441261029041
naive,2,50.02264515382833,1.1617610786160355
naive,3,59.70795859356925,1.1672536928720074
naive,4,53.47473166782323,1.165769009616333
naive,5,61.51085704371968,1.1698899573708674
naive,6,79.72558061531346,1.1795296916823577
naive,7,66.37263821420306,1.1810786160404418
naive,8,50.02759541984731,1.1592295033211015
naive,9,59.70409553550772,1.164571032021408
naive,10,53.46784987277351,1.163012590462967
naive,11,61.49900647698362,1.1673655199762016
naive,12,79.71114850798058,1.177052840289476
naive,13,66.36334142956277,1.178345989887969
naive,14,50.01860397871845,1.1562292059085904
naive,15,59.6932165163081,1.1616064241102353
naive,16,53.47879597501731,1.1600325171012145
naive,17,61.48859241267643,1.1644342222662778
naive,18,79.71256650474209,1.1740418360265632
naive,19,66.35717210270643,1.1753742440765285
naive,20,50.01097733055746,1.1533205115495144
naive,21,59.69214781401803,1.1587310399524084
naive,22,53.47813902382602,1.157085753940711
naive,23,61.48214550080967,1.1615255279072016
naive,24,79.71521050196624,1.1711914345196734
naive,25,66.36274693499881,1.1724726876177198
naive,26,50.010019662271546,1.1504391791414643
naive,27,59.69038514920192,1.1557818974918157
naive,28,53.4768690724034,1.1542520075344451
naive,29,61.48064191533661,1.158673936750267
naive,30,79.70773305574834,1.168590859522152
naive,31,66.35633819107099,1.1724893427183445
naive,32,50.00296553319452,1.150418955090706
naive,33,59.6831367106176,1.1557533458907443
naive,34,53.48252139717786,1.1542865073857391
naive,35,61.4730950728661,1.1586929711509806
naive,36,79.71592875318068,1.1685420838703229
naive,37,66.35029377746932,1.1724786358679429
naive,38,49.99772611612304,1.150428472291063
naive,39,59.67736988202635,1.1557688113413245
naive,40,53.47672681008556,1.1542912659859177
naive,41,61.46675919500351,1.1586584712996868
naive,42,79.70796090677771,1.1685408942202782
naive,43,66.33637867221833,1.1725083771190583
naive,44,49.9856014341892,1.1504641617924012
naive,45,59.66309391626183,1.155755725190834
naive,46,53.46348484848482,1.1542817487855606
naive,47,61.45845824658806,1.1586465747992405
naive,48,79.70329169558178,1.1685753940715715
naive,49,66.33274346518618,1.172548825220575
naive,50,49.98152903076565,1.1504344205412858
naive,51,59.65297709923662,1.155773569941503
naive,52,53.45688642146655,1.1542876970357836
naive,53,61.4477376821652,1.1586810746505345
naive,54,79.70836109183439,1.1685551700208134
naive,55,66.32863173721951,1.172533359769995
naive,56,49.98487739995371,1.1504296619411074
naive,57,59.65672796668978,1.1557961732923503
naive,58,53.45298288225767,1.1542995935362297
naive,59,61.4409403192228,1.1586501437493746
naive,60,79.73100740226695,1.1687704966788883
naive,61,66.35070899838072,1.1725250322196827
naive,62,49.99819685403652,1.1504510756419102
naive,63,59.65679736294238,1.1559603449985068
naive,64,53.45509252833677,1.1543543174382815
naive,65,61.44518043025682,1.1587453157529437
naive,66,79.73784640296093,1.168832358481208
naive,67,66.3573883876937,1.1725642906711549
naive,68,49.99346055979641,1.1504772479428915
naive,69,59.65539208882719,1.15595082779815
naive,70,53.464783715012686,1.154401903440066
naive,71,61.46501040943794,1.158804798255174
naive,72,79.73788688410826,1.168847823931788
naive,73,66.36404927133931,1.172566669971244
naive,74,49.99031575294931,1.1505272132447657
naive,75,59.65781286143879,1.1559413105977931
naive,76,53.46022322461251,1.15443640329136
naive,77,61.46115776081429,1.1588749876078062
naive,78,79.71532037936619,1.1686777039754084
naive,79,66.35174647235714,1.1725214632695486
naive,80,49.95636826278045,1.1505676613462823
naive,81,59.60782095766825,1.15639456726479
naive,82,53.4077677538746,1.1547385744026912
naive,83,61.41328938237339,1.1591866759194946
naive,84,79.69157992135092,1.168757410528397
naive,85,66.32811010872076,1.1725868940220023
naive,86,49.95983807541056,1.1503868345395012
naive,87,59.58006245662732,1.1568073758302704
naive,88,53.37867684478368,1.1546255576484532
naive,89,61.38712005551704,1.159090314265881
naive,90,79.67221374045803,1.1687907207296466
naive,91,66.31740458015264,1.17236442946366
naive,92,49.93895905621092,1.1503904034896353
naive,93,59.55191764978022,1.1565444631704112
naive,94,53.36094841545219,1.1547897293546097
naive,95,61.36882257691422,1.1593520372756956
naive,96,79.6587196391395,1.1686562902746056
naive,97,66.30070899838073,1.1723537226132583
naive,98,49.91785681239876,1.1502309903836572
naive,99,59.53519662271568,1.1561518786556892
naive,100,53.34394980337724,1.154199662932482
naive,101,61.3521154291002,1.1590260731634718
naive,102,79.659443673375,1.168256567859616
naive,103,66.29901110340037,1.1715459502329668
naive,104,49.88905505436036,1.1505212649945424
naive,105,59.50808119361552,1.1556534152869966
naive,106,53.34740804996527,1.1538082680678048
naive,107,61.32508327550317,1.1578899573708676
naive,108,79.65911635438356,1.1658855953207046
naive,109,66.29893361091831,1.1693224942995877
naive,110,49.88004626416837,1.1490342024387776
naive,111,59.49563034929445,1.153694061663521
naive,112,53.33842007864905,1.1522331714087386
naive,113,61.31980800370117,1.1556641221373989
naive,114,79.62779551237568,1.1638096559928568
naive,115,66.28800832755029,1.1678294834935994
naive,116,49.8497293546148,1.14749479528105
naive,117,59.4595419847328,1.1527863586794822
naive,118,53.30351839000691,1.1497717854664369
naive,119,61.283946333564685,1.1534382869039304
naive,120,79.53550196622717,1.1637454148904476
naive,121,66.19810201249132,1.167085952215717
naive,122,49.76051931529026,1.147706552988991
naive,123,59.381421466574125,1.152910082284122
naive,124,53.21378093916258,1.1516978288886637
naive,125,61.19323733518392,1.1558592247447153
naive,126,79.53332176729126,1.1656012689600423
naive,127,66.20980106407586,1.169309408149097
naive,128,49.77287069164927,1.1504879547932936
naive,129,59.39947027527179,1.1557902250421273
naive,130,53.228339116354334,1.154478041042921
naive,131,61.209363867684495,1.158201645682556
naive,132,79.53971084894751,1.1675784673341871
naive,133,66.22014573213045,1.1706525230494635
naive,134,49.77534582465875,1.1526031525726137
naive,135,59.423916261855176,1.1574081491027997
naive,136,53.25407587323613,1.1559294140973475
naive,137,61.22875086745317,1.1593306235748928
naive,138,79.56573097386077,1.168888272033305
naive,139,66.2456592643997,1.1725321701199505
naive,140,49.80419037705292,1.1542793694854716
naive,141,59.430241730279874,1.1593817785268106
naive,142,53.26024173027984,1.1576032517101165
naive,143,61.230778394633376,1.1605464459204864
naive,144,79.56812514457555,1.1699898879746156
naive,145,66.26022322461252,1.1748210568057835
naive,146,49.80895558639829,1.156263705759884
naive,147,59.42757691417995,1.1611936155447546
naive,148,53.264787184825295,1.1585728164964753
naive,149,61.23553203793663,1.161651630811931
naive,150,79.56784177654409,1.1691987706949485
naive,151,66.26013416608835,1.1735564588083611
naive,152,49.80690261392546,1.15514305541786
naive,153,59.46533888503352,1.1604964806186122
naive,154,53.27582465880171,1.15716308119361
naive,155,61.23886652787418,1.160767720828784
naive,156,79.58563497571133,1.1686967383761226
naive,157,66.25111727966689,1.1736492515118409
naive,158,49.79058524173024,1.1547469019530046
naive,159,59.468723108952105,1.1600812927530428
naive,160,53.2899722414989,1.156727669277282
naive,161,61.22696275734445,1.1601015168038014
naive,162,79.43135900994682,1.1675927431347226
naive,163,66.11800023132082,1.1728533756319954
naive,164,49.666663196854,1.1541889560820815
naive,165,59.37536548693036,1.159528105482298
naive,166,53.1822426555632,1.155702190938827
naive,167,61.134611380985454,1.1584728858927278
naive,168,79.40353573907011,1.16574759591553
naive,169,66.08946911866757,1.1712628135223495
naive,170,49.65336687485538,1.1524711014176618
naive,171,59.36933957899604,1.1575699415088678
naive,172,53.16162965533188,1.1541663527312334
naive,173,61.11900879019202,1.1571154951918254
naive,174,79.43319801064078,1.164143947655393
naive,175,66.12420425630346,1.1698197680182352
naive,176,49.69577955123752,1.1518988797462038
naive,177,59.39180777238026,1.1557033805888717
naive,178,53.15910131852873,1.1534109249529048
naive,179,61.15815984270185,1.1552096758203574
naive,180,79.47448184131392,1.1619311985724143
naive,181,66.1214561647004,1.1683422226628275
naive,182,49.71289266712926,1.1507687122038226
naive,183,59.43460444136014,1.1545767819966242
naive,184,53.17524751330088,1.1524615842173045
naive,185,61.18654753643305,1.1533395459502276
naive,186,79.50665394402037,1.1589677803112868
naive,187,66.1389787184825,1.1654133042529933
naive,188,49.73715359703905,1.1484013086150449
naive,189,59.4367418459403,1.1523295330623518
naive,190,53.17258963682621,1.1490044611876624
naive,191,61.18332061068705,1.149552889858228
naive,192,79.51113115891744,1.1556236740358827
naive,193,66.14961832061066,1.1624522652919544
naive,194,49.73124913254681,1.1456080103102964
naive,195,59.43651399491092,1.1497230098146072
naive,196,53.19463104325693,1.146503816793888
naive,197,61.21647929678466,1.147173589769004
naive,198,79.54753527642842,1.1539260434222216
naive,199,66.18189567430022,1.1616421136115735
naive,200,49.71684131390234,1.1441364132051113
naive,201,59.454794124450586,1.148130068404872
naive,202,53.24751908396941,1.1445135322692523
naive,203,61.26790076335881,1.145254684247045
naive,204,79.54765093684941,1.151950034698121
naive,205,66.21872889197314,1.1594638643798891
naive,206,49.71563150589864,1.141821354218297
naive,207,59.49136594957203,1.1456805789630162
naive,208,53.2851457321304,1.1423317140874345
naive,209,61.27873351839003,1.1429848319619256
naive,210,79.5722681008559,1.1522617230098091
naive,211,66.23334605597961,1.1578340438187709
naive,212,49.73407240342351,1.140179637156732
naive,213,59.49848137867218,1.1455175969069042
naive,214,53.29408628267401,1.141702389213835
naive,215,61.286771917649794,1.1422139387330172
naive,216,79.59380869766366,1.1520618618023146
naive,217,66.2066284987277,1.1557497769406109
naive,218,49.70875665047417,1.137899078021211
naive,219,59.44914064307192,1.143072866065227
naive,220,53.26345246356691,1.1392326757212208
naive,221,61.24749363867686,1.1398738970952655
naive,222,79.62122600046264,1.1498776643204072
naive,223,66.19571131158915,1.1534525627044654
naive,224,49.71289845015033,1.1352068999702545
naive,225,59.420964607911145,1.1390340041637694
naive,226,53.232535276428365,1.1361027064538465
naive,227,61.19489937543374,1.136873599682754
naive,228,79.60973860744853,1.145829285218593
naive,229,66.14250983113575,1.1494493903043463
naive,230,49.64416608836454,1.1314904332308868
naive,231,59.419789498033744,1.135206899970253
naive,232,53.177022900763305,1.1326836522256325
naive,233,61.17934536201713,1.1332653910974464
naive,234,79.58691880638446,1.142840884306528
naive,235,66.14059218135552,1.1465204718945117
naive,236,49.62828591256069,1.1287173589768964
naive,237,59.41698820263703,1.1347417468028098
naive,238,53.19016886421461,1.1329513234856696
naive,239,61.18068702290078,1.1333308218499
naive,240,79.60070437196391,1.1431478140180378
naive,241,66.14416030534349,1.1469392287102151
naive,242,49.62939972241496,1.1292681669475515
naive,243,59.40749595188524,1.135424605928417
naive,244,53.1949375433726,1.1338352334688162
naive,245,61.19010062456629,1.1343586794884448
naive,246,79.59592643997225,1.1441292753048424
naive,247,66.14868147120053,1.1479183106969308
naive,248,49.6314434420541,1.129846336869233
naive,249,59.41155678926668,1.1360348964013027
naive,250,53.19541753411977,1.134388420739561
naive,251,61.194133703446695,1.1347560226033453
naive,252,79.59004395095998,1.144587290572018
naive,253,66.150578302105,1.148466739367497
naive,254,49.63590099467959,1.130542282145331
naive,255,59.40781170483457,1.1372685634975652
naive,256,53.19268563497565,1.1351652622186923
naive,257,61.19156835530882,1.1354852780806923
naive,258,79.59713624797594,1.1455770794091351
naive,259,66.1586768447837,1.1496932685634915
naive,260,49.64227157066849,1.131681966888069
naive,261,59.41517464723568,1.1384118171904374
naive,262,53.19805690492707,1.136147913155542
naive,263,61.190478834142965,1.136338257162679
naive,264,79.5857032153597,1.145981560424303
naive,265,66.15729007633585,1.149818181818176
naive,266,49.62922623178345,1.1314690195300836
naive,267,59.40594610224378,1.1376195102607258
naive,268,53.1768251214434,1.1353199167244918
naive,269,61.16674878556558,1.135549519183101
naive,270,79.55828128614387,1.1456436998116333
naive,271,65.1847258848022,1.1494945970060415
naive,272,49.6099930603747,1.131455933379593
naive,273,59.408926671293045,1.1376088034103242
naive,274,53.18269257460093,1.1353389511252057
naive,275,61.17444829979181,1.1356232774858672
naive,276,79.54859472588478,1.145893526321002
naive,277,65.18428290538975,1.1480027758500986
naive,278,49.59057020587552,1.129052840289477
naive,279,59.39774809160302,1.1350129870129813
naive,280,53.168335646541706,1.1326491523743385
naive,281,61.14973051121906,1.1329667889362487
naive,282,79.5299664584779,1.1429122633092044
naive,283,65.17598542678694,1.145006047387721
naive,284,49.5757864908628,1.126031129176163
naive,285,59.38195813092757,1.1320114999504252
naive,286,53.15565463798284,1.1297345097650395
naive,287,61.1344124450613,1.1300426291265928
aemo,0,0.0,1.1792560721720968
aemo,1,82.97572615544765,1.183441261029041
aemo,2,67.37122337959741,1.1617610786160355
aemo,3,77.36880922276195,1.1672536928720074
aemo,4,74.22695578764741,1.165769009616333
aemo,5,82.65833277585016,1.1698899573708674
aemo,6,99.99328629424028,1.1795296916823577
aemo,7,103.78499786953536,1.1810786160404418
aemo,8,86.72195374739776,1.1592295033211015
aemo,9,97.30077788341453,1.164571032021408
aemo,10,92.61938843164464,1.163012590462967
aemo,11,100.93576975017348,1.1673655199762016
aemo,12,112.8167692505206,1.177052840289476
aemo,13,116.36966301873714,1.178345989887969
aemo,14,99.74918088133262,1.1562292059085904
aemo,15,109.49576555863987,1.1616064241102353
aemo,16,104.31544800138796,1.1600325171012145
aemo,17,112.67093094378907,1.1644342222662778
aemo,18,125.78201588480208,1.1740418360265632
aemo,19,122.55267310895236,1.1753742440765285
aemo,20,113.14644603053456,1.1533205115495144
aemo,21,123.46785852185988,1.1587310399524084
aemo,22,118.16670435114514,1.157085753940711
aemo,23,126.6488926092992,1.1615255279072016
aemo,24,92.334790298404,1.1711914345196734
aemo,25,88.89504065232475,1.1724726876177198
aemo,26,80.03167393476757,1.1504391791414643
aemo,27,90.28703557251907,1.1557818974918157
aemo,28,84.71282444136011,1.1542520075344451
aemo,29,92.97618506592644,1.158673936750267
aemo,30,95.37479117973643,1.168590859522152
aemo,31,98.9924173560028,1.1724893427183445
aemo,32,82.36284489243589,1.150418955090706
aemo,33,92.64962329632202,1.1557533458907443
aemo,34,86.9380346079112,1.1542865073857391
aemo,35,94.89263873004852,1.1586929711509806
aemo,36,106.15069315059004,1.1685420838703229
aemo,37,109.91298551700208,1.1724786358679429
aemo,38,93.415606557946,1.150428472291063
aemo,39,103.4444776613464,1.1557688113413245
aemo,40,97.9138802567663,1.1542912659859177
aemo,41,105.63891270645384,1.1586584712996868
aemo,42,120.2094838445526,1.1685408942202782
aemo,43,123.82976692574614,1.1725083771190583
aemo,44,106.93568327550334,1.1504641617924012
aemo,45,117.10694480222078,1.155755725190834
aemo,46,111.50685115891744,1.1542817487855606
aemo,47,119.53644824427477,1.1586465747992405
aemo,48,117.85798411519788,1.1685753940715715
aemo,49,121.52422367106168,1.172548825220575
aemo,50,104.80419781401824,1.1504344205412858
aemo,51,115.28548909784882,1.155773569941503
aemo,52,109.45820830673148,1.1542876970357836
aemo,53,117.06426758501036,1.1586810746505345
aemo,54,126.71882166551012,1.1685551700208134
aemo,55,130.20983830673129,1.172533359769995
aemo,56,113.59341521165884,1.1504296619411074
aemo,57,124.50594467730758,1.1557961732923503
aemo,58,118.71131422623196,1.1542995935362297
aemo,59,126.50252048577384,1.1586501437493746
aemo,60,119.54166729354624,1.1687704966788883
aemo,61,122.8039107494794,1.1725250322196827
aemo,62,106.17191083275522,1.1504510756419102
aemo,63,116.90995499653012,1.1559603449985068
aemo,64,111.10621682859126,1.1543543174382815
aemo,65,118.79159639833452,1.1587453157529437
aemo,66,124.87955553782125,1.168832358481208
aemo,67,128.10108250520457,1.1725642906711549
aemo,68,111.47424586398336,1.1504772479428915
aemo,69,122.1826189243583,1.15595082779815
aemo,70,116.24292274115209,1.154401903440066
aemo,71,123.77643949340752,1.158804798255174
aemo,72,137.01071520471888,1.168847823931788
aemo,73,140.33592103400397,1.172566669971244
aemo,74,123.39683320610683,1.1505272132447657
aemo,75,134.06607499653023,1.1559413105977931
aemo,76,128.09156433726562,1.15443640329136
aemo,77,135.76689589868153,1.1588749876078062
aemo,78,137.30284680083255,1.1686777039754084
aemo,79,140.91357464260932,1.1725214632695486
aemo,80,124.07468142956276,1.1505676613462823
aemo,81,134.81494521859815,1.15639456726479
aemo,82,128.90501283830667,1.1547385744026912
aemo,83,136.57368649548937,1.1591866759194946
aemo,84,144.34490342123527,1.168757410528397
aemo,85,148.2538576613464,1.1725868940220023
aemo,86,130.97002182512145,1.1503868345395012
aemo,87,141.93732021512844,1.1568073758302704
aemo,88,136.0372632963221,1.1546255576484532
aemo,89,143.73915212352549,1.159090314265881
aemo,90,151.33989346287325,1.1687907207296466
aemo,91,155.72692594031915,1.17236442946366
aemo,92,138.29015682165166,1.1503904034896353
aemo,93,149.2997343650244,1.1565444631704112
aemo,94,143.39867057598883,1.1547897293546097
aemo,95,151.06169201943112,1.1593520372756956
aemo,96,164.43612285218595,1.1686562902746056
aemo,97,168.89845234559334,1.1723537226132583
aemo,98,151.29655352532976,1.1502309903836572
aemo,99,162.33901184594046,1.1561518786556892
aemo,100,156.52184528105505,1.154199662932482
aemo,101,164.14933932685648,1.1590260731634718
aemo,102,167.2406579111728,1.168256567859616
aemo,103,171.69199841082585,1.1715459502329668
aemo,104,154.31106024288715,1.1505212649945424
aemo,105,165.16686274115213,1.1556534152869966
aemo,106,159.7597972727273,1.1538082680678048
aemo,107,167.2881544136018,1.1578899573708676
aemo,108,168.9892764885496,1.1658855953207046
aemo,109,166.45529490631546,1.1693224942995877
aemo,110,156.61191665510083,1.1490342024387776
aemo,111,167.5166375156143,1.153694061663521
aemo,112,161.98271312977113,1.1522331714087386
aemo,113,169.40619833449006,1.1556641221373989
aemo,114,169.2410401249134,1.1638096559928568
aemo,115,166.64101661346285,1.1678294834935994
aemo,116,156.7819414434423,1.14749479528105
aemo,117,167.61424786953495,1.1527863586794822
aemo,118,162.1011856904927,1.1497717854664369
aemo,119,169.5620768355309,1.1534382869039304
aemo,120,177.42589986814718,1.1637454148904476
aemo,121,174.7818144691185,1.167085952215717
aemo,122,164.95577091603047,1.147706552988991
aemo,123,175.81943584316448,1.152910082284122
aemo,124,170.34550722415017,1.1516978288886637
aemo,125,177.6413250728661,1.1558592247447153
aemo,126,178.5119171963914,1.1656012689600423
aemo,127,175.8817043442054,1.169309408149097
aemo,128,165.88276231783476,1.1504879547932936
aemo,129,176.76954512144366,1.1557902250421273
aemo,130,171.33902016655136,1.154478041042921
aemo,131,178.71898180430276,1.158201645682556
aemo,132,181.72746103400397,1.1675784673341871
aemo,133,179.11673795281075,1.1706525230494635
aemo,134,169.31716836224845,1.1526031525726137
aemo,135,180.1587527342124,1.1574081491027997
aemo,136,174.41412356002812,1.1559294140973475
aemo,137,181.93815473282456,1.1593306235748928
aemo,138,174.51831002775867,1.168888272033305
aemo,139,171.82326189451777,1.1725321701199505
aemo,140,162.09240818181834,1.1542793694854716
aemo,141,172.87064886190151,1.1593817785268106
aemo,142,167.1313495836226,1.1576032517101165
aemo,143,174.68563634281765,1.1605464459204864
aemo,144,179.71139845940317,1.1699898879746156
aemo,145,177.06893869535048,1.1748210568057835
aemo,146,167.23439467036783,1.156263705759884
aemo,147,178.10404720333085,1.1611936155447546
aemo,148,172.30399691880646,1.1585728164964753
aemo,149,179.89672105482333,1.161651630811931
aemo,150,196.0842984732826,1.1691987706949485
aemo,151,193.62323213046497,1.1735564588083611
aemo,152,183.6444055655797,1.15514305541786
aemo,153,194.5762759333797,1.1604964806186122
aemo,154,188.69701818181812,1.15716308119361
aemo,155,196.16440455239436,1.160767720828784
aemo,156,188.5751473074257,1.1686967383761226
aemo,157,186.0853845176957,1.1736492515118409
aemo,158,176.09745995142288,1.1547469019530046
aemo,159,187.06984582234583,1.1600812927530428
aemo,160,181.11783080499663,1.156727669277282
aemo,161,188.7420199653021,1.1601015168038014
aemo,162,188.7964332685636,1.1675927431347226
aemo,163,186.4692505898677,1.1728533756319954
aemo,164,176.44031422623186,1.1541889560820815
aemo,165,187.10671601665555,1.159528105482298
aemo,166,181.38920957668287,1.155702190938827
aemo,167,188.73102788341424,1.1584728858927278
aemo,168,190.65365011797363,1.16574759591553
aemo,169,188.16030034698105,1.1712628135223495
aemo,170,178.11512481609992,1.1524711014176618
aemo,171,188.6542679805688,1.1575699415088678
aemo,172,182.94624678695368,1.1541663527312334
aemo,173,190.43737175572545,1.1571154951918254
aemo,174,189.5659519292161,1.164143947655393
aemo,175,187.1092722345588,1.1698197680182352
aemo,176,177.10311105482305,1.1518988797462038
aemo,177,187.573437869535,1.1557033805888717
aemo,178,181.78012418459403,1.1534109249529048
aemo,179,189.3002087508677,1.1552096758203574
aemo,180,189.64221748785604,1.1619311985724143
aemo,181,187.1562474531574,1.1683422226628275
aemo,182,177.0685730881334,1.1507687122038226
aemo,183,187.6188701040943,1.1545767819966242
aemo,184,181.8042279250521,1.1524615842173045
aemo,185,189.392920610687,1.1533395459502276
aemo,186,189.89966142262332,1.1589677803112868
aemo,187,187.2942481124217,1.1654133042529933
aemo,188,177.29439927596596,1.1484013086150449
aemo,189,187.9199117071476,1.1523295330623518
aemo,190,182.10221432107292,1.1490044611876624
aemo,191,189.77877836456187,1.149552889858228
aemo,192,190.90608900069407,1.1556236740358827
aemo,193,188.38715925283367,1.1624522652919544
aemo,194,178.2780867753877,1.1456080103102964
aemo,195,188.95024526254917,1.1497230098146072
aemo,196,183.24997489012245,1.146503816793888
aemo,197,190.79647544066611,1.147173589769004
aemo,198,191.9620086259544,1.1539260434222216
aemo,199,189.40448547536428,1.1616421136115735
aemo,200,179.2363903701137,1.1441364132051113
aemo,201,189.79612865833943,1.148130068404872
aemo,202,184.07528745547083,1.1445135322692523
aemo,203,191.58756116354385,1.145254684247045
aemo,204,199.1692359195004,1.151950034698121
aemo,205,196.6742744344205,1.1594638643798891
aemo,206,186.47495219986135,1.141821354218297
aemo,207,197.13085007170957,1.1456805789630162
aemo,208,191.3739247929678,1.1423317140874345
aemo,209,198.8452856349759,1.1429848319619256
aemo,210,200.4125434651863,1.1522617230098091
aemo,211,197.82654974786016,1.1578340438187709
aemo,212,187.5773268147121,1.140179637156732
aemo,213,198.2724363358781,1.1455175969069042
aemo,214,192.345326833218,1.141702389213835
aemo,215,199.80263899606783,1.1422139387330172
aemo,216,201.6829194934073,1.1520618618023146
aemo,217,199.10353260929924,1.1557497769406109
aemo,218,188.80309001850603,1.137899078021211
aemo,219,199.3188878070789,1.143072866065227
aemo,220,193.4220165602593,1.1392326757212208
aemo,221,200.727969657645,1.1398738970952655
aemo,222,199.2627752394169,1.1498776643204072
aemo,223,196.70108932223013,1.1534525627044654
aemo,224,186.40667869072425,1.1352068999702545
aemo,225,196.95691148276669,1.1390340041637694
aemo,226,190.92718106870245,1.1361027064538465
aemo,227,198.2717385195466,1.136873599682754
aemo,228,199.32508045338912,1.145829285218593
aemo,229,196.61459307888077,1.1494493903043463
aemo,230,186.54205465648883,1.1314904332308868
aemo,231,197.0601502567665,1.135206899970253
aemo,232,190.7057149109416,1.1326836522256325
aemo,233,198.18570352070304,1.1332653910974464
aemo,234,201.11244015729812,1.142840884306528
aemo,235,198.3402012815177,1.1465204718945117
aemo,236,188.16942827203357,1.1287173589768964
aemo,237,198.89283066389132,1.1347417468028098
aemo,238,192.72667519315317,1.1329513234856696
aemo,239,200.2870754614849,1.1333308218499
aemo,240,200.9976189428636,1.1431478140180378
aemo,241,198.1348330349301,1.1469392287102151
aemo,242,187.9952940804997,1.1292681669475515
aemo,243,198.67068944020397,1.135424605928417
aemo,244,192.6868406546384,1.1338352334688162
aemo,245,200.15202684941025,1.1343586794884448
aemo,246,200.9690099560489,1.1441292753048424
aemo,247,198.0548582882258,1.1479183106969308
aemo,248,187.7536609160306,1.129846336869233
aemo,249,198.3683391903776,1.1360348964013027
aemo,250,192.45488682859155,1.134388420739561
aemo,251,199.793216974323,1.1347560226033453
aemo,252,202.6108283506825,1.144587290572018
aemo,253,200.00041926439985,1.148466739367497
aemo,254,189.57559588248887,1.130542282145331
aemo,255,200.19921629424053,1.1372685634975652
aemo,256,194.27834573213076,1.1351652622186923
aemo,257,201.6838276150818,1.1354852780806923
aemo,258,201.22346804996528,1.1455770794091351
aemo,259,198.5476641128845,1.1496932685634915
aemo,260,188.3475719500345,1.131681966888069
aemo,261,199.080174425168,1.1384118171904374
aemo,262,193.0338465880176,1.136147913155542
aemo,263,200.5719130511216,1.136338257162679
aemo,264,197.1932477330557,1.145981560424303
aemo,265,194.42079542678687,1.149818181818176
aemo,266,184.1367051931532,1.1314690195300836
aemo,267,194.92714741845927,1.1376195102607258
aemo,268,188.8275434258617,1.1353199167244918
aemo,269,196.41656247744632,1.135549519183101
aemo,270,199.4939762803608,1.1456436998116333
aemo,271,195.71999615544792,1.1494945970060415
aemo,272,186.51097635901004,1.131455933379593
aemo,273,197.253582294703,1.1376088034103242
aemo,274,191.0508061993989,1.1353389511252057
aemo,275,198.70275795049733,1.1356232774858672
aemo,276,197.284936340504,1.145893526321002
aemo,277,193.54556994216975,1.1480027758500986
aemo,278,184.56707648855,1.129052840289477
aemo,279,195.2389563960218,1.1350129870129813
aemo,280,188.96217818181853,1.1326491523743385
aemo,281,196.56925950959976,1.1329667889362487
aemo,282,188.56361109183484,1.1429122633092044
aemo,283,184.93977852185964,1.145006047387721
aemo,284,176.0735941452699,1.126031129176163
aemo,285,186.6384809322232,1.1320114999504252
aemo,286,180.2818675803844,1.1297345097650395
aemo,287,187.97906935692845,1.1300426291265928
lstm,0,0.0,1.1792560721720968
lstm,1,42.98473052984108,1.183441261029041
lstm,2,26.409080510628737,1.1617610786160355
lstm,3,37.293793298580695,1.1672536928720074
lstm,4,31.800522937608022,1.165769009616333
lstm,5,38.505378061412806,1.1698899573708674
lstm,6,58.512919927530135,1.1795296916823577
lstm,7,44.619282807867066,1.1810786160404418
lstm,8,27.838249062758614,1.1592295033211015
lstm,9,38.66684944577083,1.164571032021408
lstm,10,33.26881294462217,1.163012590462967
lstm,11,40.12591085113551,1.1673655199762016
lstm,12,59.71266658391328,1.177052840289476
lstm,13,45.70623951439314,1.178345989887969
lstm,14,28.872048616768343,1.1562292059085904
lstm,15,39.49190054120642,1.1616064241102353
lstm,16,33.977388462095014,1.1600325171012145
lstm,17,40.73294429215141,1.1644342222662778
lstm,18,60.38662955512079,1.1740418360265632
lstm,19,46.465253955100536,1.1753742440765285
lstm,20,29.61838740796367,1.1533205115495144
lstm,21,40.05290784613383,1.1587310399524084
lstm,22,34.47910611050242,1.157085753940711
lstm,23,41.11143491761867,1.1615255279072016
lstm,24,61.21888296562545,1.1711914345196734
lstm,25,47.13199718084369,1.1724726876177198
lstm,26,30.392225142329536,1.1504391791414643
lstm,27,40.68909401050031,1.1557818974918157
lstm,28,35.23872566525937,1.1542520075344451
lstm,29,41.78336984518483,1.158673936750267
lstm,30,61.97529691351763,1.168590859522152
lstm,31,47.74554933457902,1.1724893427183445
lstm,32,31.14713312944291,1.150418955090706
lstm,33,41.24317461442007,1.1557533458907443
lstm,34,35.81402572405339,1.1542865073857391
lstm,35,42.40509367358743,1.1586929711509806
lstm,36,62.23666128998556,1.1685420838703229
lstm,37,48.1632115829161,1.1724786358679429
lstm,38,31.53946720766225,1.150428472291063
lstm,39,41.45855207197481,1.1557688113413245
lstm,40,35.989562252798684,1.1542912659859177
lstm,41,42.58900216169319,1.1586584712996868
lstm,42,62.745462583707145,1.1685408942202782
lstm,43,48.66481634094005,1.1725083771190583
lstm,44,31.969313387179746,1.1504641617924012
lstm,45,41.93606957357605,1.155755725190834
lstm,46,36.36108581520974,1.1542817487855606
lstm,47,42.93120141896208,1.1586465747992405
lstm,48,62.87930838336827,1.1685753940715715
lstm,49,48.80327373088633,1.172548825220575
lstm,50,32.17788054377608,1.1504344205412858
lstm,51,42.11972378944603,1.155773569941503
lstm,52,36.50503369229065,1.1542876970357836
lstm,53,43.01910838164106,1.1586810746505345
lstm,54,63.13744545001612,1.1685551700208134
lstm,55,49.00672354757917,1.172533359769995
lstm,56,32.44253125994694,1.1504296619411074
lstm,57,42.50387409348845,1.1557961732923503
lstm,58,36.82454191983334,1.1542995935362297
lstm,59,43.34299602151896,1.1586501437493746
lstm,60,63.16688024019914,1.1687704966788883
lstm,61,49.0617910160916,1.1725250322196827
lstm,62,32.51647317989816,1.1504510756419102
lstm,63,42.54075341220782,1.1559603449985068
lstm,64,36.77964430269359,1.1543543174382815
lstm,65,43.305785339845215,1.1587453157529437
lstm,66,63.26131575849803,1.168832358481208
lstm,67,49.13835733870231,1.1725642906711549
lstm,68,32.579034042531966,1.1504772479428915
lstm,69,42.70068531332807,1.15595082779815
lstm,70,36.86643630939852,1.154401903440066
lstm,71,43.44474676278014,1.158804798255174
lstm,72,63.43995949122722,1.168847823931788
lstm,73,49.26544757536845,1.172566669971244
lstm,74,32.74217027103752,1.1505272132447657
lstm,75,42.94788709627103,1.1559413105977931
lstm,76,37.09283475889653,1.15443640329136
lstm,77,43.70593985407802,1.1588749876078062
lstm,78,63.29722249357566,1.1686777039754084
lstm,79,49.25752187594524,1.1725214632695486
lstm,80,32.684473814423406,1.1505676613462823
lstm,81,42.78935000280353,1.15639456726479
lstm,82,36.82243583389009,1.1547385744026912
lstm,83,43.447577027435706,1.1591866759194946
lstm,84,63.173738709704914,1.168757410528397
lstm,85,49.08111737912689,1.1725868940220023
lstm,86,32.633105680193644,1.1503868345395012
lstm,87,42.69497726791388,1.1568073758302704
lstm,88,36.738480353794,1.1546255576484532
lstm,89,43.43881859342216,1.159090314265881
lstm,90,63.24339093947315,1.1687907207296466
lstm,91,49.121304497500006,1.17236442946366
lstm,92,32.6292168272831,1.1503904034896353
lstm,93,42.66021338301116,1.1565444631704112
lstm,94,36.70703174478052,1.1547897293546097
lstm,95,43.41466165964364,1.1593520372756956
lstm,96,63.01165408568223,1.1686562902746056
lstm,97,48.82470141915832,1.1723537226132583
lstm,98,32.28167957325675,1.1502309903836572
lstm,99,42.29398665039469,1.1561518786556892
lstm,100,36.39016505287188,1.154199662932482
lstm,101,43.18761638283511,1.1590260731634718
lstm,102,62.87429270662332,1.168256567859616
lstm,103,48.70400209168801,1.1715459502329668
lstm,104,32.099240851806194,1.1505212649945424
lstm,105,42.16577893217253,1.1556534152869966
lstm,106,36.22767119927365,1.1538082680678048
lstm,107,43.134820527136114,1.1578899573708676
lstm,108,62.96511763356989,1.1658855953207046
lstm,109,48.82331023820132,1.1693224942995877
lstm,110,32.20738302577009,1.1490342024387776
lstm,111,42.23609275852295,1.153694061663521
lstm,112,36.32400212769294,1.1522331714087386
lstm,113,43.18929551933089,1.1556641221373989
lstm,114,63.17986030111421,1.1638096559928568
lstm,115,49.01785947445205,1.1678294834935994
lstm,116,32.469777299430035,1.14749479528105
lstm,117,42.4923272355915,1.1527863586794822
lstm,118,36.57759524844703,1.1497717854664369
lstm,119,43.45092736133635,1.1534382869039304
lstm,120,63.3738026273204,1.1637454148904476
lstm,121,49.29824064161782,1.167085952215717
lstm,122,32.690994562566615,1.147706552988991
lstm,123,42.68956294450854,1.152910082284122
lstm,124,36.80778914745526,1.1516978288886637
lstm,125,43.572935163253256,1.1558592247447153
lstm,126,63.48269433840099,1.1656012689600423
lstm,127,49.345722789798494,1.169309408149097
lstm,128,32.76858181806271,1.1504879547932936
lstm,129,42.822069120211616,1.1557902250421273
lstm,130,36.98843473127426,1.154478041042921
lstm,131,43.75871798441946,1.158201645682556
lstm,132,63.51922904939404,1.1675784673341871
lstm,133,49.4279605778428,1.1706525230494635
lstm,134,32.79714026061392,1.1526031525726137
lstm,135,42.83901779377294,1.1574081491027997
lstm,136,37.047592900274665,1.1559294140973475
lstm,137,43.691486000409846,1.1593306235748928
lstm,138,63.616744178295,1.168888272033305
lstm,139,49.562915004680725,1.1725321701199505
lstm,140,32.89386164884631,1.1542793694854716
lstm,141,42.95148975793727,1.1593817785268106
lstm,142,37.136870896515255,1.1576032517101165
lstm,143,43.72693433573048,1.1605464459204864
lstm,144,63.6476488943521,1.1699898879746156
lstm,145,49.62174755044967,1.1748210568057835
lstm,146,32.98541669261887,1.156263705759884
lstm,147,43.07749579838197,1.1611936155447546
lstm,148,37.3280140585449,1.1585728164964753
lstm,149,43.91532871420175,1.161651630811931
lstm,150,63.57801616803487,1.1691987706949485
lstm,151,49.525871157218006,1.1735564588083611
lstm,152,32.93037841086672,1.15514305541786
lstm,153,43.110705178819664,1.1604964806186122
lstm,154,37.3612010628759,1.15716308119361
lstm,155,43.95419470285901,1.160767720828784
lstm,156,63.643625970759125,1.1686967383761226
lstm,157,49.63862103714792,1.1736492515118409
lstm,158,33.027486684553985,1.1547469019530046
lstm,159,43.199590332164,1.1600812927530428
lstm,160,37.39695026368731,1.156727669277282
lstm,161,43.969439877439285,1.1601015168038014
lstm,162,63.82324442309381,1.1675927431347226
lstm,163,49.86069482577092,1.1728533756319954
lstm,164,33.25873655347971,1.1541889560820815
lstm,165,43.37083031502439,1.159528105482298
lstm,166,37.52173888213858,1.155702190938827
lstm,167,44.06976517063705,1.1584728858927278
lstm,168,63.69787201766469,1.16574759591553
lstm,169,49.74489996848156,1.1712628135223495
lstm,170,33.16482302740433,1.1524711014176618
lstm,171,43.28221691465495,1.1575699415088678
lstm,172,37.47655891247107,1.1541663527312334
lstm,173,44.03455752058899,1.1571154951918254
lstm,174,63.681267870218,1.164143947655393
lstm,175,49.82101687792471,1.1698197680182352
lstm,176,33.21625261094485,1.1518988797462038
lstm,177,43.332447476292096,1.1557033805888717
lstm,178,37.47906926599857,1.1534109249529048
lstm,179,44.09690890360259,1.1552096758203574
lstm,180,63.7376268477388,1.1619311985724143
lstm,181,49.868283645138085,1.1683422226628275
lstm,182,33.26326169317901,1.1507687122038226
lstm,183,43.375619219533846,1.1545767819966242
lstm,184,37.45593936865684,1.1524615842173045
lstm,185,44.06743244967557,1.1533395459502276
lstm,186,63.9867983990188,1.1589677803112868
lstm,187,49.94600112539978,1.1654133042529933
lstm,188,33.395858095723675,1.1484013086150449
lstm,189,43.644646164226174,1.1523295330623518
lstm,190,37.59736110407378,1.1490044611876624
lstm,191,44.13722090865181,1.149552889858228
lstm,192,64.07750340501158,1.1556236740358827
lstm,193,49.964001888168205,1.1624522652919544
lstm,194,33.48548283025162,1.1456080103102964
lstm,195,43.73345558302228,1.1497230098146072
lstm,196,37.630036999654166,1.146503816793888
lstm,197,44.22661254023153,1.147173589769004
lstm,198,64.07957575813282,1.1539260434222216
lstm,199,50.01620430921126,1.1616421136115735
lstm,200,33.4168009901424,1.1441364132051113
lstm,201,43.565520548314026,1.148130068404872
lstm,202,37.50254873502245,1.1445135322692523
lstm,203,44.19991439955948,1.145254684247045
lstm,204,64.05141581054173,1.151950034698121
lstm,205,50.02242431509043,1.1594638643798891
lstm,206,33.39144743100519,1.141821354218297
lstm,207,43.61552557006508,1.1456805789630162
lstm,208,37.64804800116742,1.1423317140874345
lstm,209,44.4183453809592,1.1429848319619256
lstm,210,63.98279653294517,1.1522617230098091
lstm,211,49.92686240669677,1.1578340438187709
lstm,212,33.2655588375051,1.140179637156732
lstm,213,43.4905678737263,1.1455175969069042
lstm,214,37.5729097181958,1.141702389213835
lstm,215,44.43102759039373,1.1422139387330172
lstm,216,64.3159760413237,1.1520618618023146
lstm,217,50.18926603376718,1.1557497769406109
lstm,218,33.5896071183388,1.137899078021211
lstm,219,43.88734906861926,1.143072866065227
lstm,220,37.99859910493336,1.1392326757212208
lstm,221,44.890820815034246,1.1398738970952655
lstm,222,64.3488835019689,1.1498776643204072
lstm,223,50.22619603723506,1.1534525627044654
lstm,224,33.70911168224499,1.1352068999702545
lstm,225,44.03391659915019,1.1390340041637694
lstm,226,38.14473229298855,1.1361027064538465
lstm,227,45.10662000820392,1.136873599682754
lstm,228,64.53560489322173,1.145829285218593
lstm,229,50.40589200198886,1.1494493903043463
lstm,230,33.85023824859822,1.1314904332308868
lstm,231,44.11296990276384,1.135206899970253
lstm,232,38.18328843664284,1.1326836522256325
lstm,233,45.06792436407925,1.1332653910974464
lstm,234,64.58614295027768,1.142840884306528
lstm,235,50.56135375917119,1.1465204718945117
lstm,236,33.9759656160632,1.1287173589768964
lstm,237,44.16196229099398,1.1347417468028098
lstm,238,38.23637919445697,1.1329513234856696
lstm,239,45.05087269808792,1.1333308218499
lstm,240,64.63481360353205,1.1431478140180378
lstm,241,50.73510438607832,1.1469392287102151
lstm,242,34.059869015934275,1.1292681669475515
lstm,243,44.21609872867166,1.135424605928417
lstm,244,38.19529815027338,1.1338352334688162
lstm,245,44.89777433697676,1.1343586794884448
lstm,246,64.54863368916261,1.1441292753048424
lstm,247,50.7618343124584,1.1479183106969308
lstm,248,34.00115261508862,1.129846336869233
lstm,249,44.12861828963639,1.1360348964013027
lstm,250,38.097127351558896,1.134388420739561
lstm,251,44.88496387325812,1.1347560226033453
lstm,252,64.53463951220714,1.144587290572018
lstm,253,50.81706235702774,1.148466739367497
lstm,254,34.07307498453924,1.130542282145331
lstm,255,44.195924341993816,1.1372685634975652
lstm,256,38.18180972324098,1.1351652622186923
lstm,257,45.02342747015295,1.1354852780806923
lstm,258,64.61359811380386,1.1455770794091351
lstm,259,50.92637661809771,1.1496932685634915
lstm,260,34.17970001177939,1.131681966888069
lstm,261,44.32400660318982,1.1384118171904374
lstm,262,38.34438516188168,1.136147913155542
lstm,263,45.185553138899095,1.136338257162679
lstm,264,64.52482387659917,1.145981560424303
lstm,265,50.8766903657402,1.149818181818176
lstm,266,34.12287182468477,1.1314690195300836
lstm,267,44.19970918193015,1.1376195102607258
lstm,268,38.30657034613608,1.1353199167244918
lstm,269,45.12604564348167,1.135549519183101
lstm,270,64.55910608600001,1.1456436998116333
lstm,271,49.864199363527895,1.1494945970060415
lstm,272,34.16569043172196,1.131455933379593
lstm,273,44.332594014315326,1.1376088034103242
lstm,274,38.45550782243096,1.1353389511252057
lstm,275,45.34294330605377,1.1356232774858672
lstm,276,64.75474207509345,1.145893526321002
lstm,277,50.070170491680734,1.1480027758500986
lstm,278,34.362647890668086,1.129052840289477
lstm,279,44.62509980734296,1.1350129870129813
lstm,280,38.77395954175148,1.1326491523743385
lstm,281,45.7347084309756,1.1329667889362487
lstm,282,64.72595557803368,1.1429122633092044
lstm,283,50.079283995452855,1.145006047387721
lstm,284,34.364753586937894,1.126031129176163
lstm,285,44.63365330878695,1.1320114999504252
lstm,286,38.90548792319671,1.1297345097650395
lstm,287,45.98911307949798,1.1300426291265928
lstm_load,0,0.0,0.9044925151019753
lstm_load,1,0.0,0.9034116441043291
lstm_load,2,0.0,0.9071086063545902
lstm_load,3,0.0,0.9337957711373234
lstm_load,4,0.0,0.9431622541742871
lstm_load,5,0.0,0.9575399290844013
lstm_load,6,0.0,0.9187376835159695
lstm_load,7,0.0,0.9075036843366129
lstm_load,8,0.0,0.9177445253730645
lstm_load,9,0.0,0.9403979222727761
lstm_load,10,0.0,0.9495925006446603
lstm_load,11,0.0,0.9636566528166692
lstm_load,12,0.0,0.9560233277773217
lstm_load,13,0.0,0.9400862959031016
lstm_load,14,0.0,0.9497046816425948
lstm_load,15,0.0,0.9706550926227364
lstm_load,16,0.0,0.9824849063588234
lstm_load,17,0.0,0.9940201449087293
lstm_load,18,0.0,1.0095333818730008
lstm_load,19,0.0,0.989211327569504
lstm_load,20,0.0,0.9952132096684336
lstm_load,21,0.0,1.0168233654624803
lstm_load,22,0.0,1.0270974936017034
lstm_load,23,0.0,1.0397340641134218
lstm_load,24,0.0,1.0268333264451566
lstm_load,25,0.0,1.0058696956498434
lstm_load,26,0.0,1.0112356654544987
lstm_load,27,0.0,1.0304337173583267
lstm_load,28,0.0,1.0413147440952284
lstm_load,29,0.0,1.0552515828283104
lstm_load,30,0.0,1.028622842762721
lstm_load,31,0.0,1.0071621222828608
lstm_load,32,0.0,1.013553158243194
lstm_load,33,0.0,1.031110230292487
lstm_load,34,0.0,1.0402488770122595
lstm_load,35,0.0,1.0531023667479127
lstm_load,36,0.0,1.0420924717190772
lstm_load,37,0.0,1.0185615795457392
lstm_load,38,0.0,1.0234412973556235
lstm_load,39,0.0,1.0381912993121933
lstm_load,40,0.0,1.0483721129133587
lstm_load,41,0.0,1.0589608544895903
lstm_load,42,0.0,1.039079204696199
lstm_load,43,0.0,1.013027869200102
lstm_load,44,0.0,1.016194261714412
lstm_load,45,0.0,1.0302096529212525
lstm_load,46,0.0,1.0381251563454634
lstm_load,47,0.0,1.049150855038458
lstm_load,48,0.0,1.0502543694844353
lstm_load,49,0.0,1.025591101651676
lstm_load,50,0.0,1.027405129524546
lstm_load,51,0.0,1.0409314004194812
lstm_load,52,0.0,1.048399551196078
lstm_load,53,0.0,1.0575357340261964
lstm_load,54,0.0,1.0467503982606148
lstm_load,55,0.0,1.0246133418572945
lstm_load,56,0.0,1.0273435711034222
lstm_load,57,0.0,1.0439253425644472
lstm_load,58,0.0,1.0495431503950114
lstm_load,59,0.0,1.0553680808642614
lstm_load,60,0.0,1.047536278102732
lstm_load,61,0.0,1.0296836890560477
lstm_load,62,0.0,1.0323923282367666
lstm_load,63,0.0,1.0523911694599304
lstm_load,64,0.0,1.0597727655815967
lstm_load,65,0.0,1.0660528299458596
lstm_load,66,0.0,1.0403201110913969
lstm_load,67,0.0,1.0251379871756383
lstm_load,68,0.0,1.0290349362895037
lstm_load,69,0.0,1.0469270801998354
lstm_load,70,0.0,1.0539115766933789
lstm_load,71,0.0,1.0571144510460435
lstm_load,72,0.0,1.0470269243109995
lstm_load,73,0.0,1.0301540514492982
lstm_load,74,0.0,1.033581669641652
lstm_load,75,0.0,1.05210956776895
lstm_load,76,0.0,1.0564242906922852
lstm_load,77,0.0,1.057006398856186
lstm_load,78,0.0,1.0646537617177805
lstm_load,79,0.0,1.0503675337296896
lstm_load,80,0.0,1.051145775074514
lstm_load,81,0.0,1.0731541998730512
lstm_load,82,0.0,1.078521387968024
lstm_load,83,0.0,1.0762919122639987
lstm_load,84,0.0,1.0514491088796103
lstm_load,85,0.0,1.0390615132943286
lstm_load,86,0.0,1.0382911876063237
lstm_load,87,0.0,1.0602537525762783
lstm_load,88,0.0,1.0654684416160312
lstm_load,89,0.0,1.0656897477215568
lstm_load,90,0.0,1.0418164318881031
lstm_load,91,0.0,1.0288824191618746
lstm_load,92,0.0,1.0253676538436802
lstm_load,93,0.0,1.0471468973201987
lstm_load,94,0.0,1.051461780187821
lstm_load,95,0.0,1.0522890897203374
lstm_load,96,0.0,1.0267605179472985
lstm_load,97,0.0,1.0163821882170816
lstm_load,98,0.0,1.011438680470527
lstm_load,99,0.0,1.0353206289272845
lstm_load,100,0.0,1.0394789889251745
lstm_load,101,0.0,1.0385144281943242
lstm_load,102,0.0,1.0549843391748375
lstm_load,103,0.0,1.0438430967408683
lstm_load,104,0.0,1.0396987594461207
lstm_load,105,0.0,1.0643215889814912
lstm_load,106,0.0,1.0713249463942371
lstm_load,107,0.0,1.0683484324217667
lstm_load,108,0.0,1.0662936105003873
lstm_load,109,0.0,1.061375096088683
lstm_load,110,0.0,1.0582037150301018
lstm_load,111,0.0,1.0842598013006344
lstm_load,112,0.0,1.0916762096524093
lstm_load,113,0.0,1.090848008636011
lstm_load,114,0.0,1.0354464901920633
lstm_load,115,0.0,1.0246967253518704
lstm_load,116,0.0,1.0225280819394211
lstm_load,117,0.0,1.0473224073299348
lstm_load,118,0.0,1.0541273162450164
lstm_load,119,0.0,1.0535257583795379
lstm_load,120,0.0,1.0284135487922192
lstm_load,121,0.0,1.0105613019309645
lstm_load,122,0.0,1.0089354541496536
lstm_load,123,0.0,1.0312925820675354
lstm_load,124,0.0,1.036942153105009
lstm_load,125,0.0,1.0353583887853948
lstm_load,126,0.0,1.029322979619072
lstm_load,127,0.0,1.0132284304173271
lstm_load,128,0.0,1.012473327407896
lstm_load,129,0.0,1.036791842062469
lstm_load,130,0.0,1.040723051355663
lstm_load,131,0.0,1.0394511136325348
lstm_load,132,0.0,1.013215244728647
lstm_load,133,0.0,0.9945458477204839
lstm_load,134,0.0,0.9941038353093623
lstm_load,135,0.0,1.0174813878676445
lstm_load,136,0.0,1.0208331167446012
lstm_load,137,0.0,1.019597044634662
lstm_load,138,0.0,1.027197008500778
lstm_load,139,0.0,1.0072822321270751
lstm_load,140,0.0,1.0072956790277559
lstm_load,141,0.0,1.031781310465293
lstm_load,142,0.0,1.0361670984189846
lstm_load,143,0.0,1.0328482770720004
lstm_load,144,0.0,1.0369709756285845
lstm_load,145,0.0,1.0249258500705745
lstm_load,146,0.0,1.0239337107208693
lstm_load,147,0.0,1.0489105308694515
lstm_load,148,0.0,1.05428199641238
lstm_load,149,0.0,1.0509761125020556
lstm_load,150,0.0,1.048854950784934
lstm_load,151,0.0,1.037119712098492
lstm_load,152,0.0,1.0378961421247574
lstm_load,153,0.0,1.0600264813308091
lstm_load,154,0.0,1.0651153325015745
lstm_load,155,0.0,1.063677577491893
lstm_load,156,0.0,1.0527657889091324
lstm_load,157,0.0,1.0428085204233835
lstm_load,158,0.0,1.0442472208985685
lstm_load,159,0.0,1.0652117963120153
lstm_load,160,0.0,1.0700262343440121
lstm_load,161,0.0,1.0690043600278116
lstm_load,162,0.0,1.0345875555177584
lstm_load,163,0.0,1.0253129832961332
lstm_load,164,0.0,1.029316754641589
lstm_load,165,0.0,1.0527485858901025
lstm_load,166,0.0,1.0562639998265386
lstm_load,167,0.0,1.0576007545630524
lstm_load,168,0.0,1.0332708612059995
lstm_load,169,0.0,1.021239688625609
lstm_load,170,0.0,1.024050962578747
lstm_load,171,0.0,1.0489380496860286
lstm_load,172,0.0,1.050176263329471
lstm_load,173,0.0,1.0505978705342816
lstm_load,174,0.0,1.0348159520307978
lstm_load,175,0.0,1.0246842771457927
lstm_load,176,0.0,1.027965221569364
lstm_load,177,0.0,1.0525038678645684
lstm_load,178,0.0,1.0553268362923602
lstm_load,179,0.0,1.0511914377894602
lstm_load,180,0.0,1.0251441703750237
lstm_load,181,0.0,1.0169552058075795
lstm_load,182,0.0,1.022051094469056
lstm_load,183,0.0,1.0473717175563266
lstm_load,184,0.0,1.051612564036781
lstm_load,185,0.0,1.0484993352837064
lstm_load,186,0.0,1.0365961862302828
lstm_load,187,0.0,1.026107982466074
lstm_load,188,0.0,1.0293922347323412
lstm_load,189,0.0,1.0550669178769965
lstm_load,190,0.0,1.059217767447915
lstm_load,191,0.0,1.056253453401043
lstm_load,192,0.0,1.0220227459778721
lstm_load,193,0.0,1.0110600863417585
lstm_load,194,0.0,1.0128866469348405
lstm_load,195,0.0,1.0336767557882982
lstm_load,196,0.0,1.0411918430763105
lstm_load,197,0.0,1.037220281761732
lstm_load,198,0.0,1.0301309365362092
lstm_load,199,0.0,1.021520493892355
lstm_load,200,0.0,1.0212789261031279
lstm_load,201,0.0,1.0440746947252684
lstm_load,202,0.0,1.052929295400833
lstm_load,203,0.0,1.0484083276349683
lstm_load,204,0.0,1.0593384084808681
lstm_load,205,0.0,1.0562097575662426
lstm_load,206,0.0,1.0560095763086135
lstm_load,207,0.0,1.0776666778290866
lstm_load,208,0.0,1.0894749940997364
lstm_load,209,0.0,1.0873417543514898
lstm_load,210,0.0,1.0769773967113054
lstm_load,211,0.0,1.0733825714188598
lstm_load,212,0.0,1.0706832127111987
lstm_load,213,0.0,1.093081304924013
lstm_load,214,0.0,1.1020740063711623
lstm_load,215,0.0,1.1020735842635603
lstm_load,216,0.0,1.0673656671685858
lstm_load,217,0.0,1.0622985480799598
lstm_load,218,0.0,1.0612198862250188
lstm_load,219,0.0,1.0816357282860913
lstm_load,220,0.0,1.0916397372579343
lstm_load,221,0.0,1.0909394945448103
lstm_load,222,0.0,1.1005316024920664
lstm_load,223,0.0,1.095340895794937
lstm_load,224,0.0,1.0945032617233847
lstm_load,225,0.0,1.1155632589442883
lstm_load,226,0.0,1.1256281762722455
lstm_load,227,0.0,1.1273635021861355
lstm_load,228,0.0,1.0804933879120648
lstm_load,229,0.0,1.0736380143062176
lstm_load,230,0.0,1.0737241103050197
lstm_load,231,0.0,1.0933092847739063
lstm_load,232,0.0,1.1036881916695873
lstm_load,233,0.0,1.105210508899254
lstm_load,234,0.0,1.1044740606786723
lstm_load,235,0.0,1.0980301692721177
lstm_load,236,0.0,1.0979745063842543
lstm_load,237,0.0,1.1213675736860202
lstm_load,238,0.0,1.1308272163261974
lstm_load,239,0.0,1.1314507062803707
lstm_load,240,0.0,1.1277469125237845
lstm_load,241,0.0,1.1218261988628333
lstm_load,242,0.0,1.1221360573304913
lstm_load,243,0.0,1.1453364058849207
lstm_load,244,0.0,1.1570135487482254
lstm_load,245,0.0,1.157502507917631
lstm_load,246,0.0,1.0978337407970842
lstm_load,247,0.0,1.0881142153057453
lstm_load,248,0.0,1.0875409075735682
lstm_load,249,0.0,1.1098133752801866
lstm_load,250,0.0,1.1221838717832076
lstm_load,251,0.0,1.1236066794140656
lstm_load,252,0.0,1.0605340142010142
lstm_load,253,0.0,1.0492287707831767
lstm_load,254,0.0,1.0519012097675375
lstm_load,255,0.0,1.0720734340203142
lstm_load,256,0.0,1.0828615285516356
lstm_load,257,0.0,1.0843408364687095
lstm_load,258,0.0,1.0642581864785678
lstm_load,259,0.0,1.0537711715516234
lstm_load,260,0.0,1.0549419598622418
lstm_load,261,0.0,1.0755868033762175
lstm_load,262,0.0,1.086717063727516
lstm_load,263,0.0,1.0881263239698877
lstm_load,264,0.0,1.068196121556033
lstm_load,265,0.0,1.0546944461749472
lstm_load,266,0.0,1.0559344500180434
lstm_load,267,0.0,1.0787554612835202
lstm_load,268,0.0,1.09042118725774
lstm_load,269,0.0,1.0917122731837927
lstm_load,270,0.0,1.0641258236762146
lstm_load,271,0.0,1.0524882612657736
lstm_load,272,0.0,1.054531417221015
lstm_load,273,0.0,1.07566247387523
lstm_load,274,0.0,1.086730117761205
lstm_load,275,0.0,1.089624716961492
lstm_load,276,0.0,1.0736347040977854
lstm_load,277,0.0,1.0629376300534472
lstm_load,278,0.0,1.0634428021444564
lstm_load,279,0.0,1.0834762088526129
lstm_load,280,0.0,1.0947398599487972
lstm_load,281,0.0,1.0970917590042515
lstm_load,282,0.0,1.0597099634322071
lstm_load,283,0.0,1.0473903084880023
lstm_load,284,0.0,1.04890466731526
lstm_load,285,0.0,1.0684282126140459
lstm_load,286,0.0,1.079425004782402
lstm_load,287,0.0,1.080158676040909
